[Bootstrap] Start pumping to Mongo for 63 cities, target=2000
[Bootstrap] Progress:
  - Hanoi: 82
  - Ho Chi Minh: 82
  - Hai Phong: 82
  - Da Nang: 82
  - Can Tho: 81
  - An Giang: 81
  - Ba Ria - Vung Tau: 81
  - Bac Giang: 81
  - Bac Kan: 81
  - Bac Lieu: 81
  - Bac Ninh: 81
  - Ben Tre: 81
  - Binh Dinh: 81
  - Binh Duong: 81
  - Binh Phuoc: 81
  - Binh Thuan: 81
  - Ca Mau: 81
  - Cao Bang: 81
  - Dak Lak: 81
  - Dak Nong: 81
  - Dien Bien: 81
  - Dong Nai: 81
  - Dong Thap: 81
  - Gia Lai: 81
  - Ha Giang: 81
  - Ha Nam: 81
  - Ha Tinh: 81
  - Hai Duong: 81
  - Hau Giang: 81
  - Hoa Binh: 81
  - Hung Yen: 81
  - Khanh Hoa: 81
  - Kien Giang: 81
  - Kon Tum: 81
  - Lai Chau: 81
  - Lam Dong: 81
  - Lang Son: 81
  - Lao Cai: 81
  - Long An: 80
  - Nam Dinh: 80
  - Nghe An: 80
  - Ninh Binh: 80
  - Ninh Thuan: 80
  - Phu Tho: 80
  - Phu Yen: 80
  - Quang Binh: 80
  - Quang Nam: 80
  - Quang Ngai: 80
  - Quang Ninh: 80
  - Quang Tri: 80
  - Soc Trang: 80
  - Son La: 80
  - Tay Ninh: 80
  - Thai Binh: 80
  - Thai Nguyen: 80
  - Thanh Hoa: 80
  - Thua Thien Hue: 80
  - Tien Giang: 80
  - Tra Vinh: 80
  - Tuyen Quang: 80
  - Vinh Long: 80
  - Vinh Phuc: 80
  - Yen Bai: 80
[Bootstrap] Progress:
  - Hanoi: 83
  - Ho Chi Minh: 83
  - Hai Phong: 83
  - Da Nang: 83
  - Can Tho: 82
  - An Giang: 82
  - Ba Ria - Vung Tau: 82
  - Bac Giang: 82
  - Bac Kan: 82
  - Bac Lieu: 82
  - Bac Ninh: 82
  - Ben Tre: 82
  - Binh Dinh: 82
  - Binh Duong: 82
  - Binh Phuoc: 82
  - Binh Thuan: 82
  - Ca Mau: 82
  - Cao Bang: 82
  - Dak Lak: 82
  - Dak Nong: 82
  - Dien Bien: 82
  - Dong Nai: 82
  - Dong Thap: 82
  - Gia Lai: 82
  - Ha Giang: 82
  - Ha Nam: 82
  - Ha Tinh: 82
  - Hai Duong: 82
  - Hau Giang: 82
  - Hoa Binh: 82
  - Hung Yen: 82
  - Khanh Hoa: 82
  - Kien Giang: 82
  - Kon Tum: 82
  - Lai Chau: 82
  - Lam Dong: 82
  - Lang Son: 82
  - Lao Cai: 82
  - Long An: 81
  - Nam Dinh: 81
  - Nghe An: 81
  - Ninh Binh: 81
  - Ninh Thuan: 81
  - Phu Tho: 81
  - Phu Yen: 81
  - Quang Binh: 81
  - Quang Nam: 81
  - Quang Ngai: 81
  - Quang Ninh: 81
  - Quang Tri: 81
  - Soc Trang: 81
  - Son La: 81
  - Tay Ninh: 81
  - Thai Binh: 81
  - Thai Nguyen: 81
  - Thanh Hoa: 81
  - Thua Thien Hue: 81
  - Tien Giang: 81
  - Tra Vinh: 81
  - Tuyen Quang: 81
  - Vinh Long: 81
  - Vinh Phuc: 81
  - Yen Bai: 81
[Bootstrap] Progress:
  - Hanoi: 84
  - Ho Chi Minh: 84
  - Hai Phong: 84
  - Da Nang: 84
  - Can Tho: 83
  - An Giang: 83
  - Ba Ria - Vung Tau: 83
  - Bac Giang: 83
  - Bac Kan: 83
  - Bac Lieu: 83
  - Bac Ninh: 83
  - Ben Tre: 83
  - Binh Dinh: 83
  - Binh Duong: 83
  - Binh Phuoc: 83
  - Binh Thuan: 83
  - Ca Mau: 83
  - Cao Bang: 83
  - Dak Lak: 83
  - Dak Nong: 83
  - Dien Bien: 83
  - Dong Nai: 83
  - Dong Thap: 83
  - Gia Lai: 83
  - Ha Giang: 83
  - Ha Nam: 83
  - Ha Tinh: 83
  - Hai Duong: 83
  - Hau Giang: 83
  - Hoa Binh: 83
  - Hung Yen: 83
  - Khanh Hoa: 83
  - Kien Giang: 83
  - Kon Tum: 83
  - Lai Chau: 83
  - Lam Dong: 83
  - Lang Son: 83
  - Lao Cai: 83
  - Long An: 82
  - Nam Dinh: 82
  - Nghe An: 82
  - Ninh Binh: 82
  - Ninh Thuan: 82
  - Phu Tho: 82
  - Phu Yen: 82
  - Quang Binh: 82
  - Quang Nam: 82
  - Quang Ngai: 82
  - Quang Ninh: 82
  - Quang Tri: 82
  - Soc Trang: 82
  - Son La: 82
  - Tay Ninh: 82
  - Thai Binh: 82
  - Thai Nguyen: 82
  - Thanh Hoa: 82
  - Thua Thien Hue: 82
  - Tien Giang: 82
  - Tra Vinh: 82
  - Tuyen Quang: 82
  - Vinh Long: 82
  - Vinh Phuc: 82
  - Yen Bai: 82
[Bootstrap] Progress:
  - Hanoi: 85
  - Ho Chi Minh: 85
  - Hai Phong: 85
  - Da Nang: 85
  - Can Tho: 84
  - An Giang: 84
  - Ba Ria - Vung Tau: 84
  - Bac Giang: 84
  - Bac Kan: 84
  - Bac Lieu: 84
  - Bac Ninh: 84
  - Ben Tre: 84
  - Binh Dinh: 84
  - Binh Duong: 84
  - Binh Phuoc: 84
  - Binh Thuan: 84
  - Ca Mau: 84
  - Cao Bang: 84
  - Dak Lak: 84
  - Dak Nong: 84
  - Dien Bien: 84
  - Dong Nai: 84
  - Dong Thap: 84
  - Gia Lai: 84
  - Ha Giang: 84
  - Ha Nam: 84
  - Ha Tinh: 84
  - Hai Duong: 84
  - Hau Giang: 84
  - Hoa Binh: 84
  - Hung Yen: 84
  - Khanh Hoa: 84
  - Kien Giang: 84
  - Kon Tum: 84
  - Lai Chau: 84
  - Lam Dong: 84
  - Lang Son: 84
  - Lao Cai: 84
  - Long An: 83
  - Nam Dinh: 83
  - Nghe An: 83
  - Ninh Binh: 83
  - Ninh Thuan: 83
  - Phu Tho: 83
  - Phu Yen: 83
  - Quang Binh: 83
  - Quang Nam: 83
  - Quang Ngai: 83
  - Quang Ninh: 83
  - Quang Tri: 83
  - Soc Trang: 83
  - Son La: 83
  - Tay Ninh: 83
  - Thai Binh: 83
  - Thai Nguyen: 83
  - Thanh Hoa: 83
  - Thua Thien Hue: 83
  - Tien Giang: 83
  - Tra Vinh: 83
  - Tuyen Quang: 83
  - Vinh Long: 83
  - Vinh Phuc: 83
  - Yen Bai: 83
[Bootstrap] Progress:
  - Hanoi: 86
  - Ho Chi Minh: 86
  - Hai Phong: 86
  - Da Nang: 86
  - Can Tho: 85
  - An Giang: 85
  - Ba Ria - Vung Tau: 85
  - Bac Giang: 85
  - Bac Kan: 85
  - Bac Lieu: 85
  - Bac Ninh: 85
  - Ben Tre: 85
  - Binh Dinh: 85
  - Binh Duong: 85
  - Binh Phuoc: 85
  - Binh Thuan: 85
  - Ca Mau: 85
  - Cao Bang: 85
  - Dak Lak: 85
  - Dak Nong: 85
  - Dien Bien: 85
  - Dong Nai: 85
  - Dong Thap: 85
  - Gia Lai: 85
  - Ha Giang: 85
  - Ha Nam: 85
  - Ha Tinh: 85
  - Hai Duong: 85
  - Hau Giang: 85
  - Hoa Binh: 85
  - Hung Yen: 85
  - Khanh Hoa: 85
  - Kien Giang: 85
  - Kon Tum: 85
  - Lai Chau: 85
  - Lam Dong: 85
  - Lang Son: 85
  - Lao Cai: 85
  - Long An: 84
  - Nam Dinh: 84
  - Nghe An: 84
  - Ninh Binh: 84
  - Ninh Thuan: 84
  - Phu Tho: 84
  - Phu Yen: 84
  - Quang Binh: 84
  - Quang Nam: 84
  - Quang Ngai: 84
  - Quang Ninh: 84
  - Quang Tri: 84
  - Soc Trang: 84
  - Son La: 84
  - Tay Ninh: 84
  - Thai Binh: 84
  - Thai Nguyen: 84
  - Thanh Hoa: 84
  - Thua Thien Hue: 84
  - Tien Giang: 84
  - Tra Vinh: 84
  - Tuyen Quang: 84
  - Vinh Long: 84
  - Vinh Phuc: 84
  - Yen Bai: 84
[Bootstrap] Progress:
  - Hanoi: 87
  - Ho Chi Minh: 87
  - Hai Phong: 87
  - Da Nang: 87
  - Can Tho: 86
  - An Giang: 86
  - Ba Ria - Vung Tau: 86
  - Bac Giang: 86
  - Bac Kan: 86
  - Bac Lieu: 86
  - Bac Ninh: 86
  - Ben Tre: 86
  - Binh Dinh: 86
  - Binh Duong: 86
  - Binh Phuoc: 86
  - Binh Thuan: 86
  - Ca Mau: 86
  - Cao Bang: 86
  - Dak Lak: 86
  - Dak Nong: 86
  - Dien Bien: 86
  - Dong Nai: 86
  - Dong Thap: 86
  - Gia Lai: 86
  - Ha Giang: 86
  - Ha Nam: 86
  - Ha Tinh: 86
  - Hai Duong: 86
  - Hau Giang: 86
  - Hoa Binh: 86
  - Hung Yen: 86
  - Khanh Hoa: 86
  - Kien Giang: 86
  - Kon Tum: 86
  - Lai Chau: 86
  - Lam Dong: 86
  - Lang Son: 86
  - Lao Cai: 86
  - Long An: 85
  - Nam Dinh: 85
  - Nghe An: 85
  - Ninh Binh: 85
  - Ninh Thuan: 85
  - Phu Tho: 85
  - Phu Yen: 85
  - Quang Binh: 85
  - Quang Nam: 85
  - Quang Ngai: 85
  - Quang Ninh: 85
  - Quang Tri: 85
  - Soc Trang: 85
  - Son La: 85
  - Tay Ninh: 85
  - Thai Binh: 85
  - Thai Nguyen: 85
  - Thanh Hoa: 85
  - Thua Thien Hue: 85
  - Tien Giang: 85
  - Tra Vinh: 85
  - Tuyen Quang: 85
  - Vinh Long: 85
  - Vinh Phuc: 85
  - Yen Bai: 85
[Bootstrap] Progress:
  - Hanoi: 88
  - Ho Chi Minh: 88
  - Hai Phong: 88
  - Da Nang: 88
  - Can Tho: 87
  - An Giang: 87
  - Ba Ria - Vung Tau: 87
  - Bac Giang: 87
  - Bac Kan: 87
  - Bac Lieu: 87
  - Bac Ninh: 87
  - Ben Tre: 87
  - Binh Dinh: 87
  - Binh Duong: 87
  - Binh Phuoc: 87
  - Binh Thuan: 87
  - Ca Mau: 87
  - Cao Bang: 87
  - Dak Lak: 87
  - Dak Nong: 87
  - Dien Bien: 87
  - Dong Nai: 87
  - Dong Thap: 87
  - Gia Lai: 87
  - Ha Giang: 87
  - Ha Nam: 87
  - Ha Tinh: 87
  - Hai Duong: 87
  - Hau Giang: 87
  - Hoa Binh: 87
  - Hung Yen: 87
  - Khanh Hoa: 87
  - Kien Giang: 87
  - Kon Tum: 87
  - Lai Chau: 87
  - Lam Dong: 87
  - Lang Son: 87
  - Lao Cai: 87
  - Long An: 86
  - Nam Dinh: 86
  - Nghe An: 86
  - Ninh Binh: 86
  - Ninh Thuan: 86
  - Phu Tho: 86
  - Phu Yen: 86
  - Quang Binh: 86
  - Quang Nam: 86
  - Quang Ngai: 86
  - Quang Ninh: 86
  - Quang Tri: 86
  - Soc Trang: 86
  - Son La: 86
  - Tay Ninh: 86
  - Thai Binh: 86
  - Thai Nguyen: 86
  - Thanh Hoa: 86
  - Thua Thien Hue: 86
  - Tien Giang: 86
  - Tra Vinh: 86
  - Tuyen Quang: 86
  - Vinh Long: 86
  - Vinh Phuc: 86
  - Yen Bai: 86
[Bootstrap] Progress:
  - Hanoi: 89
  - Ho Chi Minh: 89
  - Hai Phong: 89
  - Da Nang: 89
  - Can Tho: 88
  - An Giang: 88
  - Ba Ria - Vung Tau: 88
  - Bac Giang: 88
  - Bac Kan: 88
  - Bac Lieu: 88
  - Bac Ninh: 88
  - Ben Tre: 88
  - Binh Dinh: 88
  - Binh Duong: 88
  - Binh Phuoc: 88
  - Binh Thuan: 88
  - Ca Mau: 88
  - Cao Bang: 88
  - Dak Lak: 88
  - Dak Nong: 88
  - Dien Bien: 88
  - Dong Nai: 88
  - Dong Thap: 88
  - Gia Lai: 88
  - Ha Giang: 88
  - Ha Nam: 88
  - Ha Tinh: 88
  - Hai Duong: 88
  - Hau Giang: 88
  - Hoa Binh: 88
  - Hung Yen: 88
  - Khanh Hoa: 88
  - Kien Giang: 88
  - Kon Tum: 88
  - Lai Chau: 88
  - Lam Dong: 88
  - Lang Son: 88
  - Lao Cai: 88
  - Long An: 87
  - Nam Dinh: 87
  - Nghe An: 87
  - Ninh Binh: 87
  - Ninh Thuan: 87
  - Phu Tho: 87
  - Phu Yen: 87
  - Quang Binh: 87
  - Quang Nam: 87
  - Quang Ngai: 87
  - Quang Ninh: 87
  - Quang Tri: 87
  - Soc Trang: 87
  - Son La: 87
  - Tay Ninh: 87
  - Thai Binh: 87
  - Thai Nguyen: 87
  - Thanh Hoa: 87
  - Thua Thien Hue: 87
  - Tien Giang: 87
  - Tra Vinh: 87
  - Tuyen Quang: 87
  - Vinh Long: 87
  - Vinh Phuc: 87
  - Yen Bai: 87
[Bootstrap] Progress:
  - Hanoi: 90
  - Ho Chi Minh: 90
  - Hai Phong: 90
  - Da Nang: 90
  - Can Tho: 89
  - An Giang: 89
  - Ba Ria - Vung Tau: 89
  - Bac Giang: 89
  - Bac Kan: 89
  - Bac Lieu: 89
  - Bac Ninh: 89
  - Ben Tre: 89
  - Binh Dinh: 89
  - Binh Duong: 89
  - Binh Phuoc: 89
  - Binh Thuan: 89
  - Ca Mau: 89
  - Cao Bang: 89
  - Dak Lak: 89
  - Dak Nong: 89
  - Dien Bien: 89
  - Dong Nai: 89
  - Dong Thap: 89
  - Gia Lai: 89
  - Ha Giang: 89
  - Ha Nam: 89
  - Ha Tinh: 89
  - Hai Duong: 89
  - Hau Giang: 89
  - Hoa Binh: 89
  - Hung Yen: 89
  - Khanh Hoa: 89
  - Kien Giang: 89
  - Kon Tum: 89
  - Lai Chau: 89
  - Lam Dong: 89
  - Lang Son: 89
  - Lao Cai: 89
  - Long An: 88
  - Nam Dinh: 88
  - Nghe An: 88
  - Ninh Binh: 88
  - Ninh Thuan: 88
  - Phu Tho: 88
  - Phu Yen: 88
  - Quang Binh: 88
  - Quang Nam: 88
  - Quang Ngai: 88
  - Quang Ninh: 88
  - Quang Tri: 88
  - Soc Trang: 88
  - Son La: 88
  - Tay Ninh: 88
  - Thai Binh: 88
  - Thai Nguyen: 88
  - Thanh Hoa: 88
  - Thua Thien Hue: 88
  - Tien Giang: 88
  - Tra Vinh: 88
  - Tuyen Quang: 88
  - Vinh Long: 88
  - Vinh Phuc: 88
  - Yen Bai: 88
[Bootstrap] Progress:
  - Hanoi: 93
  - Ho Chi Minh: 93
  - Hai Phong: 93
  - Da Nang: 93
  - Can Tho: 92
  - An Giang: 92
  - Ba Ria - Vung Tau: 92
  - Bac Giang: 91
  - Bac Kan: 91
  - Bac Lieu: 91
  - Bac Ninh: 91
  - Ben Tre: 91
  - Binh Dinh: 91
  - Binh Duong: 91
  - Binh Phuoc: 91
  - Binh Thuan: 91
  - Ca Mau: 91
  - Cao Bang: 91
  - Dak Lak: 91
  - Dak Nong: 91
  - Dien Bien: 91
  - Dong Nai: 90
  - Dong Thap: 90
  - Gia Lai: 90
  - Ha Giang: 90
  - Ha Nam: 90
  - Ha Tinh: 90
  - Hai Duong: 90
  - Hau Giang: 90
  - Hoa Binh: 90
  - Hung Yen: 90
  - Khanh Hoa: 90
  - Kien Giang: 90
  - Kon Tum: 90
  - Lai Chau: 90
  - Lam Dong: 90
  - Lang Son: 90
  - Lao Cai: 90
  - Long An: 89
  - Nam Dinh: 89
  - Nghe An: 89
  - Ninh Binh: 89
  - Ninh Thuan: 89
  - Phu Tho: 89
  - Phu Yen: 89
  - Quang Binh: 89
  - Quang Nam: 89
  - Quang Ngai: 89
  - Quang Ninh: 89
  - Quang Tri: 89
  - Soc Trang: 89
  - Son La: 89
  - Tay Ninh: 89
  - Thai Binh: 89
  - Thai Nguyen: 89
  - Thanh Hoa: 89
  - Thua Thien Hue: 89
  - Tien Giang: 89
  - Tra Vinh: 89
  - Tuyen Quang: 89
  - Vinh Long: 89
  - Vinh Phuc: 89
  - Yen Bai: 89
[Bootstrap] Progress:
  - Hanoi: 94
  - Ho Chi Minh: 94
  - Hai Phong: 94
  - Da Nang: 94
  - Can Tho: 93
  - An Giang: 93
  - Ba Ria - Vung Tau: 93
  - Bac Giang: 93
  - Bac Kan: 93
  - Bac Lieu: 93
  - Bac Ninh: 93
  - Ben Tre: 93
  - Binh Dinh: 93
  - Binh Duong: 93
  - Binh Phuoc: 93
  - Binh Thuan: 93
  - Ca Mau: 93
  - Cao Bang: 93
  - Dak Lak: 93
  - Dak Nong: 93
  - Dien Bien: 93
  - Dong Nai: 93
  - Dong Thap: 93
  - Gia Lai: 93
  - Ha Giang: 93
  - Ha Nam: 93
  - Ha Tinh: 93
  - Hai Duong: 93
  - Hau Giang: 93
  - Hoa Binh: 93
  - Hung Yen: 93
  - Khanh Hoa: 93
  - Kien Giang: 93
  - Kon Tum: 93
  - Lai Chau: 93
  - Lam Dong: 93
  - Lang Son: 93
  - Lao Cai: 93
  - Long An: 92
  - Nam Dinh: 92
  - Nghe An: 92
  - Ninh Binh: 92
  - Ninh Thuan: 92
  - Phu Tho: 92
  - Phu Yen: 92
  - Quang Binh: 92
  - Quang Nam: 92
  - Quang Ngai: 92
  - Quang Ninh: 92
  - Quang Tri: 92
  - Soc Trang: 92
  - Son La: 92
  - Tay Ninh: 92
  - Thai Binh: 92
  - Thai Nguyen: 92
  - Thanh Hoa: 92
  - Thua Thien Hue: 92
  - Tien Giang: 92
  - Tra Vinh: 92
  - Tuyen Quang: 92
  - Vinh Long: 92
  - Vinh Phuc: 92
  - Yen Bai: 92
[Bootstrap] Progress:
  - Hanoi: 95
  - Ho Chi Minh: 95
  - Hai Phong: 95
  - Da Nang: 95
  - Can Tho: 94
  - An Giang: 94
  - Ba Ria - Vung Tau: 94
  - Bac Giang: 94
  - Bac Kan: 94
  - Bac Lieu: 94
  - Bac Ninh: 94
  - Ben Tre: 94
  - Binh Dinh: 94
  - Binh Duong: 94
  - Binh Phuoc: 94
  - Binh Thuan: 94
  - Ca Mau: 94
  - Cao Bang: 94
  - Dak Lak: 94
  - Dak Nong: 94
  - Dien Bien: 94
  - Dong Nai: 94
  - Dong Thap: 94
  - Gia Lai: 94
  - Ha Giang: 94
  - Ha Nam: 94
  - Ha Tinh: 94
  - Hai Duong: 94
  - Hau Giang: 94
  - Hoa Binh: 94
  - Hung Yen: 94
  - Khanh Hoa: 94
  - Kien Giang: 94
  - Kon Tum: 94
  - Lai Chau: 94
  - Lam Dong: 94
  - Lang Son: 94
  - Lao Cai: 94
  - Long An: 93
  - Nam Dinh: 93
  - Nghe An: 93
  - Ninh Binh: 93
  - Ninh Thuan: 93
  - Phu Tho: 93
  - Phu Yen: 93
  - Quang Binh: 93
  - Quang Nam: 93
  - Quang Ngai: 93
  - Quang Ninh: 93
  - Quang Tri: 93
  - Soc Trang: 93
  - Son La: 93
  - Tay Ninh: 93
  - Thai Binh: 93
  - Thai Nguyen: 93
  - Thanh Hoa: 93
  - Thua Thien Hue: 93
  - Tien Giang: 93
  - Tra Vinh: 93
  - Tuyen Quang: 93
  - Vinh Long: 93
  - Vinh Phuc: 93
  - Yen Bai: 93
[Bootstrap] Progress:
  - Hanoi: 96
  - Ho Chi Minh: 96
  - Hai Phong: 96
  - Da Nang: 96
  - Can Tho: 95
  - An Giang: 95
  - Ba Ria - Vung Tau: 95
  - Bac Giang: 95
  - Bac Kan: 95
  - Bac Lieu: 95
  - Bac Ninh: 95
  - Ben Tre: 95
  - Binh Dinh: 95
  - Binh Duong: 95
  - Binh Phuoc: 95
  - Binh Thuan: 95
  - Ca Mau: 95
  - Cao Bang: 95
  - Dak Lak: 95
  - Dak Nong: 95
  - Dien Bien: 95
  - Dong Nai: 95
  - Dong Thap: 95
  - Gia Lai: 95
  - Ha Giang: 95
  - Ha Nam: 95
  - Ha Tinh: 95
  - Hai Duong: 95
  - Hau Giang: 95
  - Hoa Binh: 95
  - Hung Yen: 95
  - Khanh Hoa: 95
  - Kien Giang: 95
  - Kon Tum: 95
  - Lai Chau: 95
  - Lam Dong: 95
  - Lang Son: 95
  - Lao Cai: 95
  - Long An: 94
  - Nam Dinh: 94
  - Nghe An: 94
  - Ninh Binh: 94
  - Ninh Thuan: 94
  - Phu Tho: 94
  - Phu Yen: 94
  - Quang Binh: 94
  - Quang Nam: 94
  - Quang Ngai: 94
  - Quang Ninh: 94
  - Quang Tri: 94
  - Soc Trang: 94
  - Son La: 94
  - Tay Ninh: 94
  - Thai Binh: 94
  - Thai Nguyen: 94
  - Thanh Hoa: 94
  - Thua Thien Hue: 94
  - Tien Giang: 94
  - Tra Vinh: 94
  - Tuyen Quang: 94
  - Vinh Long: 94
  - Vinh Phuc: 94
  - Yen Bai: 94
[Bootstrap] Progress:
  - Hanoi: 97
  - Ho Chi Minh: 97
  - Hai Phong: 97
  - Da Nang: 97
  - Can Tho: 96
  - An Giang: 96
  - Ba Ria - Vung Tau: 96
  - Bac Giang: 96
  - Bac Kan: 96
  - Bac Lieu: 96
  - Bac Ninh: 96
  - Ben Tre: 96
  - Binh Dinh: 96
  - Binh Duong: 96
  - Binh Phuoc: 96
  - Binh Thuan: 96
  - Ca Mau: 96
  - Cao Bang: 96
  - Dak Lak: 96
  - Dak Nong: 96
  - Dien Bien: 96
  - Dong Nai: 96
  - Dong Thap: 96
  - Gia Lai: 96
  - Ha Giang: 96
  - Ha Nam: 96
  - Ha Tinh: 96
  - Hai Duong: 96
  - Hau Giang: 96
  - Hoa Binh: 96
  - Hung Yen: 96
  - Khanh Hoa: 96
  - Kien Giang: 96
  - Kon Tum: 96
  - Lai Chau: 96
  - Lam Dong: 96
  - Lang Son: 96
  - Lao Cai: 96
  - Long An: 95
  - Nam Dinh: 95
  - Nghe An: 95
  - Ninh Binh: 95
  - Ninh Thuan: 95
  - Phu Tho: 95
  - Phu Yen: 95
  - Quang Binh: 95
  - Quang Nam: 95
  - Quang Ngai: 95
  - Quang Ninh: 95
  - Quang Tri: 95
  - Soc Trang: 95
  - Son La: 95
  - Tay Ninh: 95
  - Thai Binh: 95
  - Thai Nguyen: 95
  - Thanh Hoa: 95
  - Thua Thien Hue: 95
  - Tien Giang: 95
  - Tra Vinh: 95
  - Tuyen Quang: 95
  - Vinh Long: 95
  - Vinh Phuc: 95
  - Yen Bai: 95
[Bootstrap] Progress:
  - Hanoi: 98
  - Ho Chi Minh: 98
  - Hai Phong: 98
  - Da Nang: 98
  - Can Tho: 97
  - An Giang: 97
  - Ba Ria - Vung Tau: 97
  - Bac Giang: 97
  - Bac Kan: 97
  - Bac Lieu: 97
  - Bac Ninh: 97
  - Ben Tre: 97
  - Binh Dinh: 97
  - Binh Duong: 97
  - Binh Phuoc: 97
  - Binh Thuan: 97
  - Ca Mau: 97
  - Cao Bang: 97
  - Dak Lak: 97
  - Dak Nong: 97
  - Dien Bien: 97
  - Dong Nai: 97
  - Dong Thap: 97
  - Gia Lai: 97
  - Ha Giang: 97
  - Ha Nam: 97
  - Ha Tinh: 97
  - Hai Duong: 97
  - Hau Giang: 97
  - Hoa Binh: 97
  - Hung Yen: 97
  - Khanh Hoa: 97
  - Kien Giang: 97
  - Kon Tum: 97
  - Lai Chau: 97
  - Lam Dong: 97
  - Lang Son: 97
  - Lao Cai: 97
  - Long An: 96
  - Nam Dinh: 96
  - Nghe An: 96
  - Ninh Binh: 96
  - Ninh Thuan: 96
  - Phu Tho: 96
  - Phu Yen: 96
  - Quang Binh: 96
  - Quang Nam: 96
  - Quang Ngai: 96
  - Quang Ninh: 96
  - Quang Tri: 96
  - Soc Trang: 96
  - Son La: 96
  - Tay Ninh: 96
  - Thai Binh: 96
  - Thai Nguyen: 96
  - Thanh Hoa: 96
  - Thua Thien Hue: 96
  - Tien Giang: 96
  - Tra Vinh: 96
  - Tuyen Quang: 96
  - Vinh Long: 96
  - Vinh Phuc: 96
  - Yen Bai: 96
[Bootstrap] Progress:
  - Hanoi: 99
  - Ho Chi Minh: 99
  - Hai Phong: 99
  - Da Nang: 99
  - Can Tho: 98
  - An Giang: 98
  - Ba Ria - Vung Tau: 98
  - Bac Giang: 98
  - Bac Kan: 98
  - Bac Lieu: 98
  - Bac Ninh: 98
  - Ben Tre: 98
  - Binh Dinh: 98
  - Binh Duong: 98
  - Binh Phuoc: 98
  - Binh Thuan: 98
  - Ca Mau: 98
  - Cao Bang: 98
  - Dak Lak: 98
  - Dak Nong: 98
  - Dien Bien: 98
  - Dong Nai: 98
  - Dong Thap: 98
  - Gia Lai: 98
  - Ha Giang: 98
  - Ha Nam: 98
  - Ha Tinh: 98
  - Hai Duong: 98
  - Hau Giang: 98
  - Hoa Binh: 98
  - Hung Yen: 98
  - Khanh Hoa: 98
  - Kien Giang: 98
  - Kon Tum: 98
  - Lai Chau: 98
  - Lam Dong: 98
  - Lang Son: 98
  - Lao Cai: 98
  - Long An: 97
  - Nam Dinh: 97
  - Nghe An: 97
  - Ninh Binh: 97
  - Ninh Thuan: 97
  - Phu Tho: 97
  - Phu Yen: 97
  - Quang Binh: 97
  - Quang Nam: 97
  - Quang Ngai: 97
  - Quang Ninh: 97
  - Quang Tri: 97
  - Soc Trang: 97
  - Son La: 97
  - Tay Ninh: 97
  - Thai Binh: 97
  - Thai Nguyen: 97
  - Thanh Hoa: 97
  - Thua Thien Hue: 97
  - Tien Giang: 97
  - Tra Vinh: 97
  - Tuyen Quang: 97
  - Vinh Long: 97
  - Vinh Phuc: 97
  - Yen Bai: 97
[Bootstrap] Progress:
  - Hanoi: 100
  - Ho Chi Minh: 100
  - Hai Phong: 100
  - Da Nang: 100
  - Can Tho: 99
  - An Giang: 99
  - Ba Ria - Vung Tau: 99
  - Bac Giang: 99
  - Bac Kan: 99
  - Bac Lieu: 99
  - Bac Ninh: 99
  - Ben Tre: 99
  - Binh Dinh: 99
  - Binh Duong: 99
  - Binh Phuoc: 99
  - Binh Thuan: 99
  - Ca Mau: 99
  - Cao Bang: 99
  - Dak Lak: 99
  - Dak Nong: 99
  - Dien Bien: 99
  - Dong Nai: 99
  - Dong Thap: 99
  - Gia Lai: 99
  - Ha Giang: 99
  - Ha Nam: 99
  - Ha Tinh: 99
  - Hai Duong: 99
  - Hau Giang: 99
  - Hoa Binh: 99
  - Hung Yen: 99
  - Khanh Hoa: 99
  - Kien Giang: 99
  - Kon Tum: 99
  - Lai Chau: 99
  - Lam Dong: 99
  - Lang Son: 99
  - Lao Cai: 99
  - Long An: 98
  - Nam Dinh: 98
  - Nghe An: 98
  - Ninh Binh: 98
  - Ninh Thuan: 98
  - Phu Tho: 98
  - Phu Yen: 98
  - Quang Binh: 98
  - Quang Nam: 98
  - Quang Ngai: 98
  - Quang Ninh: 98
  - Quang Tri: 98
  - Soc Trang: 98
  - Son La: 98
  - Tay Ninh: 98
  - Thai Binh: 98
  - Thai Nguyen: 98
  - Thanh Hoa: 98
  - Thua Thien Hue: 98
  - Tien Giang: 98
  - Tra Vinh: 98
  - Tuyen Quang: 98
  - Vinh Long: 98
  - Vinh Phuc: 98
  - Yen Bai: 98
[Bootstrap] Progress:
  - Hanoi: 101
  - Ho Chi Minh: 101
  - Hai Phong: 101
  - Da Nang: 101
  - Can Tho: 100
  - An Giang: 100
  - Ba Ria - Vung Tau: 100
  - Bac Giang: 100
  - Bac Kan: 100
  - Bac Lieu: 100
  - Bac Ninh: 100
  - Ben Tre: 100
  - Binh Dinh: 100
  - Binh Duong: 100
  - Binh Phuoc: 100
  - Binh Thuan: 100
  - Ca Mau: 100
  - Cao Bang: 100
  - Dak Lak: 100
  - Dak Nong: 100
  - Dien Bien: 100
  - Dong Nai: 100
  - Dong Thap: 100
  - Gia Lai: 100
  - Ha Giang: 100
  - Ha Nam: 100
  - Ha Tinh: 100
  - Hai Duong: 100
  - Hau Giang: 100
  - Hoa Binh: 100
  - Hung Yen: 100
  - Khanh Hoa: 100
  - Kien Giang: 100
  - Kon Tum: 100
  - Lai Chau: 100
  - Lam Dong: 100
  - Lang Son: 100
  - Lao Cai: 100
  - Long An: 99
  - Nam Dinh: 99
  - Nghe An: 99
  - Ninh Binh: 99
  - Ninh Thuan: 99
  - Phu Tho: 99
  - Phu Yen: 99
  - Quang Binh: 99
  - Quang Nam: 99
  - Quang Ngai: 99
  - Quang Ninh: 99
  - Quang Tri: 99
  - Soc Trang: 99
  - Son La: 99
  - Tay Ninh: 99
  - Thai Binh: 99
  - Thai Nguyen: 99
  - Thanh Hoa: 99
  - Thua Thien Hue: 99
  - Tien Giang: 99
  - Tra Vinh: 99
  - Tuyen Quang: 99
  - Vinh Long: 99
  - Vinh Phuc: 99
  - Yen Bai: 99
[Bootstrap] Progress:
  - Hanoi: 102
  - Ho Chi Minh: 102
  - Hai Phong: 102
  - Da Nang: 102
  - Can Tho: 101
  - An Giang: 101
  - Ba Ria - Vung Tau: 101
  - Bac Giang: 101
  - Bac Kan: 101
  - Bac Lieu: 101
  - Bac Ninh: 101
  - Ben Tre: 101
  - Binh Dinh: 101
  - Binh Duong: 101
  - Binh Phuoc: 101
  - Binh Thuan: 101
  - Ca Mau: 101
  - Cao Bang: 101
  - Dak Lak: 101
  - Dak Nong: 101
  - Dien Bien: 101
  - Dong Nai: 101
  - Dong Thap: 101
  - Gia Lai: 101
  - Ha Giang: 101
  - Ha Nam: 101
  - Ha Tinh: 101
  - Hai Duong: 101
  - Hau Giang: 101
  - Hoa Binh: 101
  - Hung Yen: 101
  - Khanh Hoa: 101
  - Kien Giang: 101
  - Kon Tum: 101
  - Lai Chau: 101
  - Lam Dong: 101
  - Lang Son: 101
  - Lao Cai: 101
  - Long An: 100
  - Nam Dinh: 100
  - Nghe An: 100
  - Ninh Binh: 100
  - Ninh Thuan: 100
  - Phu Tho: 100
  - Phu Yen: 100
  - Quang Binh: 100
  - Quang Nam: 100
  - Quang Ngai: 100
  - Quang Ninh: 100
  - Quang Tri: 100
  - Soc Trang: 100
  - Son La: 100
  - Tay Ninh: 100
  - Thai Binh: 100
  - Thai Nguyen: 100
  - Thanh Hoa: 100
  - Thua Thien Hue: 100
  - Tien Giang: 100
  - Tra Vinh: 100
  - Tuyen Quang: 100
  - Vinh Long: 100
  - Vinh Phuc: 100
  - Yen Bai: 100
[Bootstrap] Progress:
  - Hanoi: 105
  - Ho Chi Minh: 105
  - Hai Phong: 105
  - Da Nang: 105
  - Can Tho: 104
  - An Giang: 104
  - Ba Ria - Vung Tau: 104
  - Bac Giang: 104
  - Bac Kan: 104
  - Bac Lieu: 104
  - Bac Ninh: 104
  - Ben Tre: 104
  - Binh Dinh: 104
  - Binh Duong: 104
  - Binh Phuoc: 104
  - Binh Thuan: 104
  - Ca Mau: 104
  - Cao Bang: 104
  - Dak Lak: 104
  - Dak Nong: 104
  - Dien Bien: 104
  - Dong Nai: 104
  - Dong Thap: 104
  - Gia Lai: 104
  - Ha Giang: 104
  - Ha Nam: 104
  - Ha Tinh: 104
  - Hai Duong: 104
  - Hau Giang: 104
  - Hoa Binh: 104
  - Hung Yen: 104
  - Khanh Hoa: 104
  - Kien Giang: 104
  - Kon Tum: 104
  - Lai Chau: 104
  - Lam Dong: 104
  - Lang Son: 104
  - Lao Cai: 104
  - Long An: 103
  - Nam Dinh: 103
  - Nghe An: 103
  - Ninh Binh: 103
  - Ninh Thuan: 103
  - Phu Tho: 103
  - Phu Yen: 103
  - Quang Binh: 103
  - Quang Nam: 103
  - Quang Ngai: 103
  - Quang Ninh: 103
  - Quang Tri: 103
  - Soc Trang: 103
  - Son La: 103
  - Tay Ninh: 103
  - Thai Binh: 103
  - Thai Nguyen: 103
  - Thanh Hoa: 103
  - Thua Thien Hue: 103
  - Tien Giang: 103
  - Tra Vinh: 103
  - Tuyen Quang: 103
  - Vinh Long: 102
  - Vinh Phuc: 102
  - Yen Bai: 102
[Bootstrap] Progress:
  - Hanoi: 106
  - Ho Chi Minh: 106
  - Hai Phong: 106
  - Da Nang: 106
  - Can Tho: 105
  - An Giang: 105
  - Ba Ria - Vung Tau: 105
  - Bac Giang: 105
  - Bac Kan: 105
  - Bac Lieu: 105
  - Bac Ninh: 105
  - Ben Tre: 105
  - Binh Dinh: 105
  - Binh Duong: 105
  - Binh Phuoc: 105
  - Binh Thuan: 105
  - Ca Mau: 105
  - Cao Bang: 105
  - Dak Lak: 105
  - Dak Nong: 105
  - Dien Bien: 105
  - Dong Nai: 105
  - Dong Thap: 105
  - Gia Lai: 105
  - Ha Giang: 105
  - Ha Nam: 105
  - Ha Tinh: 105
  - Hai Duong: 105
  - Hau Giang: 105
  - Hoa Binh: 105
  - Hung Yen: 105
  - Khanh Hoa: 105
  - Kien Giang: 105
  - Kon Tum: 105
  - Lai Chau: 105
  - Lam Dong: 105
  - Lang Son: 105
  - Lao Cai: 105
  - Long An: 104
  - Nam Dinh: 104
  - Nghe An: 104
  - Ninh Binh: 104
  - Ninh Thuan: 104
  - Phu Tho: 104
  - Phu Yen: 104
  - Quang Binh: 104
  - Quang Nam: 104
  - Quang Ngai: 104
  - Quang Ninh: 104
  - Quang Tri: 104
  - Soc Trang: 104
  - Son La: 104
  - Tay Ninh: 104
  - Thai Binh: 104
  - Thai Nguyen: 104
  - Thanh Hoa: 104
  - Thua Thien Hue: 104
  - Tien Giang: 104
  - Tra Vinh: 104
  - Tuyen Quang: 104
  - Vinh Long: 104
  - Vinh Phuc: 104
  - Yen Bai: 104
[Bootstrap] Progress:
  - Hanoi: 107
  - Ho Chi Minh: 107
  - Hai Phong: 107
  - Da Nang: 107
  - Can Tho: 106
  - An Giang: 106
  - Ba Ria - Vung Tau: 106
  - Bac Giang: 106
  - Bac Kan: 106
  - Bac Lieu: 106
  - Bac Ninh: 106
  - Ben Tre: 106
  - Binh Dinh: 106
  - Binh Duong: 106
  - Binh Phuoc: 106
  - Binh Thuan: 106
  - Ca Mau: 106
  - Cao Bang: 106
  - Dak Lak: 106
  - Dak Nong: 106
  - Dien Bien: 106
  - Dong Nai: 106
  - Dong Thap: 106
  - Gia Lai: 106
  - Ha Giang: 106
  - Ha Nam: 106
  - Ha Tinh: 106
  - Hai Duong: 106
  - Hau Giang: 106
  - Hoa Binh: 106
  - Hung Yen: 106
  - Khanh Hoa: 106
  - Kien Giang: 106
  - Kon Tum: 106
  - Lai Chau: 106
  - Lam Dong: 106
  - Lang Son: 106
  - Lao Cai: 106
  - Long An: 105
  - Nam Dinh: 105
  - Nghe An: 105
  - Ninh Binh: 105
  - Ninh Thuan: 105
  - Phu Tho: 105
  - Phu Yen: 105
  - Quang Binh: 105
  - Quang Nam: 105
  - Quang Ngai: 105
  - Quang Ninh: 105
  - Quang Tri: 105
  - Soc Trang: 105
  - Son La: 105
  - Tay Ninh: 105
  - Thai Binh: 105
  - Thai Nguyen: 105
  - Thanh Hoa: 105
  - Thua Thien Hue: 105
  - Tien Giang: 105
  - Tra Vinh: 105
  - Tuyen Quang: 105
  - Vinh Long: 105
  - Vinh Phuc: 105
  - Yen Bai: 105
[Bootstrap] Progress:
  - Hanoi: 108
  - Ho Chi Minh: 108
  - Hai Phong: 108
  - Da Nang: 108
  - Can Tho: 107
  - An Giang: 107
  - Ba Ria - Vung Tau: 107
  - Bac Giang: 107
  - Bac Kan: 107
  - Bac Lieu: 107
  - Bac Ninh: 107
  - Ben Tre: 107
  - Binh Dinh: 107
  - Binh Duong: 107
  - Binh Phuoc: 107
  - Binh Thuan: 107
  - Ca Mau: 107
  - Cao Bang: 107
  - Dak Lak: 107
  - Dak Nong: 107
  - Dien Bien: 107
  - Dong Nai: 107
  - Dong Thap: 107
  - Gia Lai: 107
  - Ha Giang: 107
  - Ha Nam: 107
  - Ha Tinh: 107
  - Hai Duong: 107
  - Hau Giang: 107
  - Hoa Binh: 107
  - Hung Yen: 107
  - Khanh Hoa: 107
  - Kien Giang: 107
  - Kon Tum: 107
  - Lai Chau: 107
  - Lam Dong: 107
  - Lang Son: 107
  - Lao Cai: 107
  - Long An: 106
  - Nam Dinh: 106
  - Nghe An: 106
  - Ninh Binh: 106
  - Ninh Thuan: 106
  - Phu Tho: 106
  - Phu Yen: 106
  - Quang Binh: 106
  - Quang Nam: 106
  - Quang Ngai: 106
  - Quang Ninh: 106
  - Quang Tri: 106
  - Soc Trang: 106
  - Son La: 106
  - Tay Ninh: 106
  - Thai Binh: 106
  - Thai Nguyen: 106
  - Thanh Hoa: 106
  - Thua Thien Hue: 106
  - Tien Giang: 106
  - Tra Vinh: 106
  - Tuyen Quang: 106
  - Vinh Long: 106
  - Vinh Phuc: 106
  - Yen Bai: 106
[Bootstrap] Progress:
  - Hanoi: 109
  - Ho Chi Minh: 109
  - Hai Phong: 109
  - Da Nang: 109
  - Can Tho: 108
  - An Giang: 108
  - Ba Ria - Vung Tau: 108
  - Bac Giang: 108
  - Bac Kan: 108
  - Bac Lieu: 108
  - Bac Ninh: 108
  - Ben Tre: 108
  - Binh Dinh: 108
  - Binh Duong: 108
  - Binh Phuoc: 108
  - Binh Thuan: 108
  - Ca Mau: 108
  - Cao Bang: 108
  - Dak Lak: 108
  - Dak Nong: 108
  - Dien Bien: 108
  - Dong Nai: 108
  - Dong Thap: 108
  - Gia Lai: 108
  - Ha Giang: 108
  - Ha Nam: 108
  - Ha Tinh: 108
  - Hai Duong: 108
  - Hau Giang: 108
  - Hoa Binh: 108
  - Hung Yen: 108
  - Khanh Hoa: 108
  - Kien Giang: 108
  - Kon Tum: 108
  - Lai Chau: 108
  - Lam Dong: 108
  - Lang Son: 108
  - Lao Cai: 108
  - Long An: 107
  - Nam Dinh: 107
  - Nghe An: 107
  - Ninh Binh: 107
  - Ninh Thuan: 107
  - Phu Tho: 107
  - Phu Yen: 107
  - Quang Binh: 107
  - Quang Nam: 107
  - Quang Ngai: 107
  - Quang Ninh: 107
  - Quang Tri: 107
  - Soc Trang: 107
  - Son La: 107
  - Tay Ninh: 107
  - Thai Binh: 107
  - Thai Nguyen: 107
  - Thanh Hoa: 107
  - Thua Thien Hue: 107
  - Tien Giang: 107
  - Tra Vinh: 107
  - Tuyen Quang: 107
  - Vinh Long: 107
  - Vinh Phuc: 107
  - Yen Bai: 107
[Bootstrap] Progress:
  - Hanoi: 110
  - Ho Chi Minh: 110
  - Hai Phong: 110
  - Da Nang: 110
  - Can Tho: 109
  - An Giang: 109
  - Ba Ria - Vung Tau: 109
  - Bac Giang: 109
  - Bac Kan: 109
  - Bac Lieu: 109
  - Bac Ninh: 109
  - Ben Tre: 109
  - Binh Dinh: 109
  - Binh Duong: 109
  - Binh Phuoc: 109
  - Binh Thuan: 109
  - Ca Mau: 109
  - Cao Bang: 109
  - Dak Lak: 109
  - Dak Nong: 109
  - Dien Bien: 109
  - Dong Nai: 109
  - Dong Thap: 109
  - Gia Lai: 109
  - Ha Giang: 109
  - Ha Nam: 109
  - Ha Tinh: 109
  - Hai Duong: 109
  - Hau Giang: 109
  - Hoa Binh: 109
  - Hung Yen: 109
  - Khanh Hoa: 109
  - Kien Giang: 109
  - Kon Tum: 109
  - Lai Chau: 109
  - Lam Dong: 109
  - Lang Son: 109
  - Lao Cai: 109
  - Long An: 108
  - Nam Dinh: 108
  - Nghe An: 108
  - Ninh Binh: 108
  - Ninh Thuan: 108
  - Phu Tho: 108
  - Phu Yen: 108
  - Quang Binh: 108
  - Quang Nam: 108
  - Quang Ngai: 108
  - Quang Ninh: 108
  - Quang Tri: 108
  - Soc Trang: 108
  - Son La: 108
  - Tay Ninh: 108
  - Thai Binh: 108
  - Thai Nguyen: 108
  - Thanh Hoa: 108
  - Thua Thien Hue: 108
  - Tien Giang: 108
  - Tra Vinh: 108
  - Tuyen Quang: 108
  - Vinh Long: 108
  - Vinh Phuc: 108
  - Yen Bai: 108
[Bootstrap] Progress:
  - Hanoi: 111
  - Ho Chi Minh: 111
  - Hai Phong: 111
  - Da Nang: 111
  - Can Tho: 110
  - An Giang: 110
  - Ba Ria - Vung Tau: 110
  - Bac Giang: 110
  - Bac Kan: 110
  - Bac Lieu: 110
  - Bac Ninh: 110
  - Ben Tre: 110
  - Binh Dinh: 110
  - Binh Duong: 110
  - Binh Phuoc: 110
  - Binh Thuan: 110
  - Ca Mau: 110
  - Cao Bang: 110
  - Dak Lak: 110
  - Dak Nong: 110
  - Dien Bien: 110
  - Dong Nai: 110
  - Dong Thap: 110
  - Gia Lai: 110
  - Ha Giang: 110
  - Ha Nam: 110
  - Ha Tinh: 110
  - Hai Duong: 110
  - Hau Giang: 110
  - Hoa Binh: 110
  - Hung Yen: 110
  - Khanh Hoa: 110
  - Kien Giang: 110
  - Kon Tum: 110
  - Lai Chau: 110
  - Lam Dong: 110
  - Lang Son: 110
  - Lao Cai: 110
  - Long An: 109
  - Nam Dinh: 109
  - Nghe An: 109
  - Ninh Binh: 109
  - Ninh Thuan: 109
  - Phu Tho: 109
  - Phu Yen: 109
  - Quang Binh: 109
  - Quang Nam: 109
  - Quang Ngai: 109
  - Quang Ninh: 109
  - Quang Tri: 109
  - Soc Trang: 109
  - Son La: 109
  - Tay Ninh: 109
  - Thai Binh: 109
  - Thai Nguyen: 109
  - Thanh Hoa: 109
  - Thua Thien Hue: 109
  - Tien Giang: 109
  - Tra Vinh: 109
  - Tuyen Quang: 109
  - Vinh Long: 109
  - Vinh Phuc: 109
  - Yen Bai: 109
[Bootstrap] Progress:
  - Hanoi: 112
  - Ho Chi Minh: 112
  - Hai Phong: 112
  - Da Nang: 112
  - Can Tho: 111
  - An Giang: 111
  - Ba Ria - Vung Tau: 111
  - Bac Giang: 111
  - Bac Kan: 111
  - Bac Lieu: 111
  - Bac Ninh: 111
  - Ben Tre: 111
  - Binh Dinh: 111
  - Binh Duong: 111
  - Binh Phuoc: 111
  - Binh Thuan: 111
  - Ca Mau: 111
  - Cao Bang: 111
  - Dak Lak: 111
  - Dak Nong: 111
  - Dien Bien: 111
  - Dong Nai: 111
  - Dong Thap: 111
  - Gia Lai: 111
  - Ha Giang: 111
  - Ha Nam: 111
  - Ha Tinh: 111
  - Hai Duong: 111
  - Hau Giang: 111
  - Hoa Binh: 111
  - Hung Yen: 111
  - Khanh Hoa: 111
  - Kien Giang: 111
  - Kon Tum: 111
  - Lai Chau: 111
  - Lam Dong: 111
  - Lang Son: 111
  - Lao Cai: 111
  - Long An: 110
  - Nam Dinh: 110
  - Nghe An: 110
  - Ninh Binh: 110
  - Ninh Thuan: 110
  - Phu Tho: 110
  - Phu Yen: 110
  - Quang Binh: 110
  - Quang Nam: 110
  - Quang Ngai: 110
  - Quang Ninh: 110
  - Quang Tri: 110
  - Soc Trang: 110
  - Son La: 110
  - Tay Ninh: 110
  - Thai Binh: 110
  - Thai Nguyen: 110
  - Thanh Hoa: 110
  - Thua Thien Hue: 110
  - Tien Giang: 110
  - Tra Vinh: 110
  - Tuyen Quang: 110
  - Vinh Long: 110
  - Vinh Phuc: 110
  - Yen Bai: 110
[Bootstrap] Progress:
  - Hanoi: 113
  - Ho Chi Minh: 113
  - Hai Phong: 113
  - Da Nang: 113
  - Can Tho: 112
  - An Giang: 112
  - Ba Ria - Vung Tau: 112
  - Bac Giang: 112
  - Bac Kan: 112
  - Bac Lieu: 112
  - Bac Ninh: 112
  - Ben Tre: 112
  - Binh Dinh: 112
  - Binh Duong: 112
  - Binh Phuoc: 112
  - Binh Thuan: 112
  - Ca Mau: 112
  - Cao Bang: 112
  - Dak Lak: 112
  - Dak Nong: 112
  - Dien Bien: 112
  - Dong Nai: 112
  - Dong Thap: 112
  - Gia Lai: 112
  - Ha Giang: 112
  - Ha Nam: 112
  - Ha Tinh: 112
  - Hai Duong: 112
  - Hau Giang: 112
  - Hoa Binh: 112
  - Hung Yen: 112
  - Khanh Hoa: 112
  - Kien Giang: 112
  - Kon Tum: 112
  - Lai Chau: 112
  - Lam Dong: 112
  - Lang Son: 112
  - Lao Cai: 112
  - Long An: 111
  - Nam Dinh: 111
  - Nghe An: 111
  - Ninh Binh: 111
  - Ninh Thuan: 111
  - Phu Tho: 111
  - Phu Yen: 111
  - Quang Binh: 111
  - Quang Nam: 111
  - Quang Ngai: 111
  - Quang Ninh: 111
  - Quang Tri: 111
  - Soc Trang: 111
  - Son La: 111
  - Tay Ninh: 111
  - Thai Binh: 111
  - Thai Nguyen: 111
  - Thanh Hoa: 111
  - Thua Thien Hue: 111
  - Tien Giang: 111
  - Tra Vinh: 111
  - Tuyen Quang: 111
  - Vinh Long: 111
  - Vinh Phuc: 111
  - Yen Bai: 111
[Bootstrap] Progress:
  - Hanoi: 116
  - Ho Chi Minh: 116
  - Hai Phong: 116
  - Da Nang: 115
  - Can Tho: 114
  - An Giang: 114
  - Ba Ria - Vung Tau: 114
  - Bac Giang: 114
  - Bac Kan: 114
  - Bac Lieu: 114
  - Bac Ninh: 114
  - Ben Tre: 114
  - Binh Dinh: 114
  - Binh Duong: 114
  - Binh Phuoc: 114
  - Binh Thuan: 114
  - Ca Mau: 114
  - Cao Bang: 114
  - Dak Lak: 114
  - Dak Nong: 114
  - Dien Bien: 114
  - Dong Nai: 113
  - Dong Thap: 113
  - Gia Lai: 113
  - Ha Giang: 113
  - Ha Nam: 113
  - Ha Tinh: 113
  - Hai Duong: 113
  - Hau Giang: 113
  - Hoa Binh: 113
  - Hung Yen: 113
  - Khanh Hoa: 113
  - Kien Giang: 113
  - Kon Tum: 113
  - Lai Chau: 113
  - Lam Dong: 113
  - Lang Son: 113
  - Lao Cai: 113
  - Long An: 112
  - Nam Dinh: 112
  - Nghe An: 112
  - Ninh Binh: 112
  - Ninh Thuan: 112
  - Phu Tho: 112
  - Phu Yen: 112
  - Quang Binh: 112
  - Quang Nam: 112
  - Quang Ngai: 112
  - Quang Ninh: 112
  - Quang Tri: 112
  - Soc Trang: 112
  - Son La: 112
  - Tay Ninh: 112
  - Thai Binh: 112
  - Thai Nguyen: 112
  - Thanh Hoa: 112
  - Thua Thien Hue: 112
  - Tien Giang: 112
  - Tra Vinh: 112
  - Tuyen Quang: 112
  - Vinh Long: 112
  - Vinh Phuc: 112
  - Yen Bai: 112
[Bootstrap] Progress:
  - Hanoi: 117
  - Ho Chi Minh: 117
  - Hai Phong: 117
  - Da Nang: 117
  - Can Tho: 116
  - An Giang: 116
  - Ba Ria - Vung Tau: 116
  - Bac Giang: 116
  - Bac Kan: 116
  - Bac Lieu: 116
  - Bac Ninh: 116
  - Ben Tre: 116
  - Binh Dinh: 116
  - Binh Duong: 116
  - Binh Phuoc: 116
  - Binh Thuan: 116
  - Ca Mau: 116
  - Cao Bang: 116
  - Dak Lak: 116
  - Dak Nong: 116
  - Dien Bien: 116
  - Dong Nai: 116
  - Dong Thap: 116
  - Gia Lai: 116
  - Ha Giang: 116
  - Ha Nam: 116
  - Ha Tinh: 116
  - Hai Duong: 116
  - Hau Giang: 116
  - Hoa Binh: 116
  - Hung Yen: 116
  - Khanh Hoa: 116
  - Kien Giang: 116
  - Kon Tum: 116
  - Lai Chau: 116
  - Lam Dong: 116
  - Lang Son: 116
  - Lao Cai: 116
  - Long An: 115
  - Nam Dinh: 115
  - Nghe An: 115
  - Ninh Binh: 115
  - Ninh Thuan: 115
  - Phu Tho: 115
  - Phu Yen: 115
  - Quang Binh: 115
  - Quang Nam: 115
  - Quang Ngai: 115
  - Quang Ninh: 115
  - Quang Tri: 115
  - Soc Trang: 115
  - Son La: 115
  - Tay Ninh: 115
  - Thai Binh: 115
  - Thai Nguyen: 115
  - Thanh Hoa: 115
  - Thua Thien Hue: 115
  - Tien Giang: 115
  - Tra Vinh: 115
  - Tuyen Quang: 115
  - Vinh Long: 115
  - Vinh Phuc: 115
  - Yen Bai: 115
[Bootstrap] Progress:
  - Hanoi: 118
  - Ho Chi Minh: 118
  - Hai Phong: 118
  - Da Nang: 118
  - Can Tho: 117
  - An Giang: 117
  - Ba Ria - Vung Tau: 117
  - Bac Giang: 117
  - Bac Kan: 117
  - Bac Lieu: 117
  - Bac Ninh: 117
  - Ben Tre: 117
  - Binh Dinh: 117
  - Binh Duong: 117
  - Binh Phuoc: 117
  - Binh Thuan: 117
  - Ca Mau: 117
  - Cao Bang: 117
  - Dak Lak: 117
  - Dak Nong: 117
  - Dien Bien: 117
  - Dong Nai: 117
  - Dong Thap: 117
  - Gia Lai: 117
  - Ha Giang: 117
  - Ha Nam: 117
  - Ha Tinh: 117
  - Hai Duong: 117
  - Hau Giang: 117
  - Hoa Binh: 117
  - Hung Yen: 117
  - Khanh Hoa: 117
  - Kien Giang: 117
  - Kon Tum: 117
  - Lai Chau: 117
  - Lam Dong: 117
  - Lang Son: 117
  - Lao Cai: 117
  - Long An: 116
  - Nam Dinh: 116
  - Nghe An: 116
  - Ninh Binh: 116
  - Ninh Thuan: 116
  - Phu Tho: 116
  - Phu Yen: 116
  - Quang Binh: 116
  - Quang Nam: 116
  - Quang Ngai: 116
  - Quang Ninh: 116
  - Quang Tri: 116
  - Soc Trang: 116
  - Son La: 116
  - Tay Ninh: 116
  - Thai Binh: 116
  - Thai Nguyen: 116
  - Thanh Hoa: 116
  - Thua Thien Hue: 116
  - Tien Giang: 116
  - Tra Vinh: 116
  - Tuyen Quang: 116
  - Vinh Long: 116
  - Vinh Phuc: 116
  - Yen Bai: 116
[Bootstrap] Progress:
  - Hanoi: 119
  - Ho Chi Minh: 119
  - Hai Phong: 119
  - Da Nang: 119
  - Can Tho: 118
  - An Giang: 118
  - Ba Ria - Vung Tau: 118
  - Bac Giang: 118
  - Bac Kan: 118
  - Bac Lieu: 118
  - Bac Ninh: 118
  - Ben Tre: 118
  - Binh Dinh: 118
  - Binh Duong: 118
  - Binh Phuoc: 118
  - Binh Thuan: 118
  - Ca Mau: 118
  - Cao Bang: 118
  - Dak Lak: 118
  - Dak Nong: 118
  - Dien Bien: 118
  - Dong Nai: 118
  - Dong Thap: 118
  - Gia Lai: 118
  - Ha Giang: 118
  - Ha Nam: 118
  - Ha Tinh: 118
  - Hai Duong: 118
  - Hau Giang: 118
  - Hoa Binh: 118
  - Hung Yen: 118
  - Khanh Hoa: 118
  - Kien Giang: 118
  - Kon Tum: 118
  - Lai Chau: 118
  - Lam Dong: 118
  - Lang Son: 118
  - Lao Cai: 118
  - Long An: 117
  - Nam Dinh: 117
  - Nghe An: 117
  - Ninh Binh: 117
  - Ninh Thuan: 117
  - Phu Tho: 117
  - Phu Yen: 117
  - Quang Binh: 117
  - Quang Nam: 117
  - Quang Ngai: 117
  - Quang Ninh: 117
  - Quang Tri: 117
  - Soc Trang: 117
  - Son La: 117
  - Tay Ninh: 117
  - Thai Binh: 117
  - Thai Nguyen: 117
  - Thanh Hoa: 117
  - Thua Thien Hue: 117
  - Tien Giang: 117
  - Tra Vinh: 117
  - Tuyen Quang: 117
  - Vinh Long: 117
  - Vinh Phuc: 117
  - Yen Bai: 117
[Bootstrap] Progress:
  - Hanoi: 120
  - Ho Chi Minh: 120
  - Hai Phong: 120
  - Da Nang: 120
  - Can Tho: 119
  - An Giang: 119
  - Ba Ria - Vung Tau: 119
  - Bac Giang: 119
  - Bac Kan: 119
  - Bac Lieu: 119
  - Bac Ninh: 119
  - Ben Tre: 119
  - Binh Dinh: 119
  - Binh Duong: 119
  - Binh Phuoc: 119
  - Binh Thuan: 119
  - Ca Mau: 119
  - Cao Bang: 119
  - Dak Lak: 119
  - Dak Nong: 119
  - Dien Bien: 119
  - Dong Nai: 119
  - Dong Thap: 119
  - Gia Lai: 119
  - Ha Giang: 119
  - Ha Nam: 119
  - Ha Tinh: 119
  - Hai Duong: 119
  - Hau Giang: 119
  - Hoa Binh: 119
  - Hung Yen: 119
  - Khanh Hoa: 119
  - Kien Giang: 119
  - Kon Tum: 119
  - Lai Chau: 119
  - Lam Dong: 119
  - Lang Son: 119
  - Lao Cai: 119
  - Long An: 118
  - Nam Dinh: 118
  - Nghe An: 118
  - Ninh Binh: 118
  - Ninh Thuan: 118
  - Phu Tho: 118
  - Phu Yen: 118
  - Quang Binh: 118
  - Quang Nam: 118
  - Quang Ngai: 118
  - Quang Ninh: 118
  - Quang Tri: 118
  - Soc Trang: 118
  - Son La: 118
  - Tay Ninh: 118
  - Thai Binh: 118
  - Thai Nguyen: 118
  - Thanh Hoa: 118
  - Thua Thien Hue: 118
  - Tien Giang: 118
  - Tra Vinh: 118
  - Tuyen Quang: 118
  - Vinh Long: 118
  - Vinh Phuc: 118
  - Yen Bai: 118
[Bootstrap] Progress:
  - Hanoi: 121
  - Ho Chi Minh: 121
  - Hai Phong: 121
  - Da Nang: 121
  - Can Tho: 120
  - An Giang: 120
  - Ba Ria - Vung Tau: 120
  - Bac Giang: 120
  - Bac Kan: 120
  - Bac Lieu: 120
  - Bac Ninh: 120
  - Ben Tre: 120
  - Binh Dinh: 120
  - Binh Duong: 120
  - Binh Phuoc: 120
  - Binh Thuan: 120
  - Ca Mau: 120
  - Cao Bang: 120
  - Dak Lak: 120
  - Dak Nong: 120
  - Dien Bien: 120
  - Dong Nai: 120
  - Dong Thap: 120
  - Gia Lai: 120
  - Ha Giang: 120
  - Ha Nam: 120
  - Ha Tinh: 120
  - Hai Duong: 120
  - Hau Giang: 120
  - Hoa Binh: 120
  - Hung Yen: 120
  - Khanh Hoa: 120
  - Kien Giang: 120
  - Kon Tum: 120
  - Lai Chau: 120
  - Lam Dong: 120
  - Lang Son: 120
  - Lao Cai: 120
  - Long An: 119
  - Nam Dinh: 119
  - Nghe An: 119
  - Ninh Binh: 119
  - Ninh Thuan: 119
  - Phu Tho: 119
  - Phu Yen: 119
  - Quang Binh: 119
  - Quang Nam: 119
  - Quang Ngai: 119
  - Quang Ninh: 119
  - Quang Tri: 119
  - Soc Trang: 119
  - Son La: 119
  - Tay Ninh: 119
  - Thai Binh: 119
  - Thai Nguyen: 119
  - Thanh Hoa: 119
  - Thua Thien Hue: 119
  - Tien Giang: 119
  - Tra Vinh: 119
  - Tuyen Quang: 119
  - Vinh Long: 119
  - Vinh Phuc: 119
  - Yen Bai: 119
[Bootstrap] Progress:
  - Hanoi: 122
  - Ho Chi Minh: 122
  - Hai Phong: 122
  - Da Nang: 122
  - Can Tho: 121
  - An Giang: 121
  - Ba Ria - Vung Tau: 121
  - Bac Giang: 121
  - Bac Kan: 121
  - Bac Lieu: 121
  - Bac Ninh: 121
  - Ben Tre: 121
  - Binh Dinh: 121
  - Binh Duong: 121
  - Binh Phuoc: 121
  - Binh Thuan: 121
  - Ca Mau: 121
  - Cao Bang: 121
  - Dak Lak: 121
  - Dak Nong: 121
  - Dien Bien: 121
  - Dong Nai: 121
  - Dong Thap: 121
  - Gia Lai: 121
  - Ha Giang: 121
  - Ha Nam: 121
  - Ha Tinh: 121
  - Hai Duong: 121
  - Hau Giang: 121
  - Hoa Binh: 121
  - Hung Yen: 121
  - Khanh Hoa: 121
  - Kien Giang: 121
  - Kon Tum: 121
  - Lai Chau: 121
  - Lam Dong: 121
  - Lang Son: 121
  - Lao Cai: 121
  - Long An: 120
  - Nam Dinh: 120
  - Nghe An: 120
  - Ninh Binh: 120
  - Ninh Thuan: 120
  - Phu Tho: 120
  - Phu Yen: 120
  - Quang Binh: 120
  - Quang Nam: 120
  - Quang Ngai: 120
  - Quang Ninh: 120
  - Quang Tri: 120
  - Soc Trang: 120
  - Son La: 120
  - Tay Ninh: 120
  - Thai Binh: 120
  - Thai Nguyen: 120
  - Thanh Hoa: 120
  - Thua Thien Hue: 120
  - Tien Giang: 120
  - Tra Vinh: 120
  - Tuyen Quang: 120
  - Vinh Long: 120
  - Vinh Phuc: 120
  - Yen Bai: 120
[Bootstrap] Progress:
  - Hanoi: 123
  - Ho Chi Minh: 123
  - Hai Phong: 123
  - Da Nang: 123
  - Can Tho: 122
  - An Giang: 122
  - Ba Ria - Vung Tau: 122
  - Bac Giang: 122
  - Bac Kan: 122
  - Bac Lieu: 122
  - Bac Ninh: 122
  - Ben Tre: 122
  - Binh Dinh: 122
  - Binh Duong: 122
  - Binh Phuoc: 122
  - Binh Thuan: 122
  - Ca Mau: 122
  - Cao Bang: 122
  - Dak Lak: 122
  - Dak Nong: 122
  - Dien Bien: 122
  - Dong Nai: 122
  - Dong Thap: 122
  - Gia Lai: 122
  - Ha Giang: 122
  - Ha Nam: 122
  - Ha Tinh: 122
  - Hai Duong: 122
  - Hau Giang: 122
  - Hoa Binh: 122
  - Hung Yen: 122
  - Khanh Hoa: 122
  - Kien Giang: 122
  - Kon Tum: 122
  - Lai Chau: 122
  - Lam Dong: 122
  - Lang Son: 122
  - Lao Cai: 122
  - Long An: 121
  - Nam Dinh: 121
  - Nghe An: 121
  - Ninh Binh: 121
  - Ninh Thuan: 121
  - Phu Tho: 121
  - Phu Yen: 121
  - Quang Binh: 121
  - Quang Nam: 121
  - Quang Ngai: 121
  - Quang Ninh: 121
  - Quang Tri: 121
  - Soc Trang: 121
  - Son La: 121
  - Tay Ninh: 121
  - Thai Binh: 121
  - Thai Nguyen: 121
  - Thanh Hoa: 121
  - Thua Thien Hue: 121
  - Tien Giang: 121
  - Tra Vinh: 121
  - Tuyen Quang: 121
  - Vinh Long: 121
  - Vinh Phuc: 121
  - Yen Bai: 121
[Bootstrap] Progress:
  - Hanoi: 124
  - Ho Chi Minh: 124
  - Hai Phong: 124
  - Da Nang: 124
  - Can Tho: 123
  - An Giang: 123
  - Ba Ria - Vung Tau: 123
  - Bac Giang: 123
  - Bac Kan: 123
  - Bac Lieu: 123
  - Bac Ninh: 123
  - Ben Tre: 123
  - Binh Dinh: 123
  - Binh Duong: 123
  - Binh Phuoc: 123
  - Binh Thuan: 123
  - Ca Mau: 123
  - Cao Bang: 123
  - Dak Lak: 123
  - Dak Nong: 123
  - Dien Bien: 123
  - Dong Nai: 123
  - Dong Thap: 123
  - Gia Lai: 123
  - Ha Giang: 123
  - Ha Nam: 123
  - Ha Tinh: 123
  - Hai Duong: 123
  - Hau Giang: 123
  - Hoa Binh: 123
  - Hung Yen: 123
  - Khanh Hoa: 123
  - Kien Giang: 123
  - Kon Tum: 123
  - Lai Chau: 123
  - Lam Dong: 123
  - Lang Son: 123
  - Lao Cai: 123
  - Long An: 122
  - Nam Dinh: 122
  - Nghe An: 122
  - Ninh Binh: 122
  - Ninh Thuan: 122
  - Phu Tho: 122
  - Phu Yen: 122
  - Quang Binh: 122
  - Quang Nam: 122
  - Quang Ngai: 122
  - Quang Ninh: 122
  - Quang Tri: 122
  - Soc Trang: 122
  - Son La: 122
  - Tay Ninh: 122
  - Thai Binh: 122
  - Thai Nguyen: 122
  - Thanh Hoa: 122
  - Thua Thien Hue: 122
  - Tien Giang: 122
  - Tra Vinh: 122
  - Tuyen Quang: 122
  - Vinh Long: 122
  - Vinh Phuc: 122
  - Yen Bai: 122
[Bootstrap] Progress:
  - Hanoi: 125
  - Ho Chi Minh: 125
  - Hai Phong: 125
  - Da Nang: 125
  - Can Tho: 124
  - An Giang: 124
  - Ba Ria - Vung Tau: 124
  - Bac Giang: 124
  - Bac Kan: 124
  - Bac Lieu: 124
  - Bac Ninh: 124
  - Ben Tre: 124
  - Binh Dinh: 124
  - Binh Duong: 124
  - Binh Phuoc: 124
  - Binh Thuan: 124
  - Ca Mau: 124
  - Cao Bang: 124
  - Dak Lak: 124
  - Dak Nong: 124
  - Dien Bien: 124
  - Dong Nai: 124
  - Dong Thap: 124
  - Gia Lai: 124
  - Ha Giang: 124
  - Ha Nam: 124
  - Ha Tinh: 124
  - Hai Duong: 124
  - Hau Giang: 124
  - Hoa Binh: 124
  - Hung Yen: 124
  - Khanh Hoa: 124
  - Kien Giang: 124
  - Kon Tum: 124
  - Lai Chau: 124
  - Lam Dong: 124
  - Lang Son: 124
  - Lao Cai: 124
  - Long An: 123
  - Nam Dinh: 123
  - Nghe An: 123
  - Ninh Binh: 123
  - Ninh Thuan: 123
  - Phu Tho: 123
  - Phu Yen: 123
  - Quang Binh: 123
  - Quang Nam: 123
  - Quang Ngai: 123
  - Quang Ninh: 123
  - Quang Tri: 123
  - Soc Trang: 123
  - Son La: 123
  - Tay Ninh: 123
  - Thai Binh: 123
  - Thai Nguyen: 123
  - Thanh Hoa: 123
  - Thua Thien Hue: 123
  - Tien Giang: 123
  - Tra Vinh: 123
  - Tuyen Quang: 123
  - Vinh Long: 123
  - Vinh Phuc: 123
  - Yen Bai: 123
[Bootstrap] Progress:
  - Hanoi: 126
  - Ho Chi Minh: 126
  - Hai Phong: 126
  - Da Nang: 126
  - Can Tho: 125
  - An Giang: 125
  - Ba Ria - Vung Tau: 125
  - Bac Giang: 125
  - Bac Kan: 125
  - Bac Lieu: 125
  - Bac Ninh: 125
  - Ben Tre: 125
  - Binh Dinh: 125
  - Binh Duong: 125
  - Binh Phuoc: 125
  - Binh Thuan: 125
  - Ca Mau: 125
  - Cao Bang: 125
  - Dak Lak: 125
  - Dak Nong: 125
  - Dien Bien: 125
  - Dong Nai: 125
  - Dong Thap: 125
  - Gia Lai: 125
  - Ha Giang: 125
  - Ha Nam: 125
  - Ha Tinh: 125
  - Hai Duong: 125
  - Hau Giang: 125
  - Hoa Binh: 125
  - Hung Yen: 125
  - Khanh Hoa: 125
  - Kien Giang: 125
  - Kon Tum: 125
  - Lai Chau: 125
  - Lam Dong: 125
  - Lang Son: 125
  - Lao Cai: 125
  - Long An: 124
  - Nam Dinh: 124
  - Nghe An: 124
  - Ninh Binh: 124
  - Ninh Thuan: 124
  - Phu Tho: 124
  - Phu Yen: 124
  - Quang Binh: 124
  - Quang Nam: 124
  - Quang Ngai: 124
  - Quang Ninh: 124
  - Quang Tri: 124
  - Soc Trang: 124
  - Son La: 124
  - Tay Ninh: 124
  - Thai Binh: 124
  - Thai Nguyen: 124
  - Thanh Hoa: 124
  - Thua Thien Hue: 124
  - Tien Giang: 124
  - Tra Vinh: 124
  - Tuyen Quang: 124
  - Vinh Long: 124
  - Vinh Phuc: 124
  - Yen Bai: 124
[Bootstrap] Progress:
  - Hanoi: 127
  - Ho Chi Minh: 127
  - Hai Phong: 127
  - Da Nang: 127
  - Can Tho: 126
  - An Giang: 126
  - Ba Ria - Vung Tau: 126
  - Bac Giang: 126
  - Bac Kan: 126
  - Bac Lieu: 126
  - Bac Ninh: 126
  - Ben Tre: 126
  - Binh Dinh: 126
  - Binh Duong: 126
  - Binh Phuoc: 126
  - Binh Thuan: 126
  - Ca Mau: 126
  - Cao Bang: 126
  - Dak Lak: 126
  - Dak Nong: 126
  - Dien Bien: 126
  - Dong Nai: 126
  - Dong Thap: 126
  - Gia Lai: 126
  - Ha Giang: 126
  - Ha Nam: 126
  - Ha Tinh: 126
  - Hai Duong: 126
  - Hau Giang: 126
  - Hoa Binh: 126
  - Hung Yen: 126
  - Khanh Hoa: 126
  - Kien Giang: 126
  - Kon Tum: 126
  - Lai Chau: 126
  - Lam Dong: 126
  - Lang Son: 126
  - Lao Cai: 126
  - Long An: 125
  - Nam Dinh: 125
  - Nghe An: 125
  - Ninh Binh: 125
  - Ninh Thuan: 125
  - Phu Tho: 125
  - Phu Yen: 125
  - Quang Binh: 125
  - Quang Nam: 125
  - Quang Ngai: 125
  - Quang Ninh: 125
  - Quang Tri: 125
  - Soc Trang: 125
  - Son La: 125
  - Tay Ninh: 125
  - Thai Binh: 125
  - Thai Nguyen: 125
  - Thanh Hoa: 125
  - Thua Thien Hue: 125
  - Tien Giang: 125
  - Tra Vinh: 125
  - Tuyen Quang: 125
  - Vinh Long: 125
  - Vinh Phuc: 125
  - Yen Bai: 125
[Bootstrap] Progress:
  - Hanoi: 130
  - Ho Chi Minh: 130
  - Hai Phong: 130
  - Da Nang: 130
  - Can Tho: 129
  - An Giang: 129
  - Ba Ria - Vung Tau: 129
  - Bac Giang: 129
  - Bac Kan: 129
  - Bac Lieu: 129
  - Bac Ninh: 129
  - Ben Tre: 129
  - Binh Dinh: 129
  - Binh Duong: 129
  - Binh Phuoc: 129
  - Binh Thuan: 129
  - Ca Mau: 129
  - Cao Bang: 129
  - Dak Lak: 129
  - Dak Nong: 129
  - Dien Bien: 129
  - Dong Nai: 129
  - Dong Thap: 129
  - Gia Lai: 129
  - Ha Giang: 129
  - Ha Nam: 129
  - Ha Tinh: 129
  - Hai Duong: 129
  - Hau Giang: 129
  - Hoa Binh: 129
  - Hung Yen: 129
  - Khanh Hoa: 129
  - Kien Giang: 129
  - Kon Tum: 129
  - Lai Chau: 129
  - Lam Dong: 129
  - Lang Son: 129
  - Lao Cai: 129
  - Long An: 128
  - Nam Dinh: 128
  - Nghe An: 128
  - Ninh Binh: 128
  - Ninh Thuan: 128
  - Phu Tho: 128
  - Phu Yen: 128
  - Quang Binh: 127
  - Quang Nam: 127
  - Quang Ngai: 127
  - Quang Ninh: 127
  - Quang Tri: 127
  - Soc Trang: 127
  - Son La: 127
  - Tay Ninh: 127
  - Thai Binh: 127
  - Thai Nguyen: 127
  - Thanh Hoa: 127
  - Thua Thien Hue: 127
  - Tien Giang: 127
  - Tra Vinh: 127
  - Tuyen Quang: 126
  - Vinh Long: 126
  - Vinh Phuc: 126
  - Yen Bai: 126
[Bootstrap] Progress:
  - Hanoi: 131
  - Ho Chi Minh: 131
  - Hai Phong: 131
  - Da Nang: 131
  - Can Tho: 130
  - An Giang: 130
  - Ba Ria - Vung Tau: 130
  - Bac Giang: 130
  - Bac Kan: 130
  - Bac Lieu: 130
  - Bac Ninh: 130
  - Ben Tre: 130
  - Binh Dinh: 130
  - Binh Duong: 130
  - Binh Phuoc: 130
  - Binh Thuan: 130
  - Ca Mau: 130
  - Cao Bang: 130
  - Dak Lak: 130
  - Dak Nong: 130
  - Dien Bien: 130
  - Dong Nai: 130
  - Dong Thap: 130
  - Gia Lai: 130
  - Ha Giang: 130
  - Ha Nam: 130
  - Ha Tinh: 130
  - Hai Duong: 130
  - Hau Giang: 130
  - Hoa Binh: 130
  - Hung Yen: 130
  - Khanh Hoa: 130
  - Kien Giang: 130
  - Kon Tum: 130
  - Lai Chau: 130
  - Lam Dong: 130
  - Lang Son: 130
  - Lao Cai: 130
  - Long An: 129
  - Nam Dinh: 129
  - Nghe An: 129
  - Ninh Binh: 129
  - Ninh Thuan: 129
  - Phu Tho: 129
  - Phu Yen: 129
  - Quang Binh: 129
  - Quang Nam: 129
  - Quang Ngai: 129
  - Quang Ninh: 129
  - Quang Tri: 129
  - Soc Trang: 129
  - Son La: 129
  - Tay Ninh: 129
  - Thai Binh: 129
  - Thai Nguyen: 129
  - Thanh Hoa: 129
  - Thua Thien Hue: 129
  - Tien Giang: 129
  - Tra Vinh: 129
  - Tuyen Quang: 129
  - Vinh Long: 129
  - Vinh Phuc: 129
  - Yen Bai: 129
[Bootstrap] Progress:
  - Hanoi: 132
  - Ho Chi Minh: 132
  - Hai Phong: 132
  - Da Nang: 132
  - Can Tho: 131
  - An Giang: 131
  - Ba Ria - Vung Tau: 131
  - Bac Giang: 131
  - Bac Kan: 131
  - Bac Lieu: 131
  - Bac Ninh: 131
  - Ben Tre: 131
  - Binh Dinh: 131
  - Binh Duong: 131
  - Binh Phuoc: 131
  - Binh Thuan: 131
  - Ca Mau: 131
  - Cao Bang: 131
  - Dak Lak: 131
  - Dak Nong: 131
  - Dien Bien: 131
  - Dong Nai: 131
  - Dong Thap: 131
  - Gia Lai: 131
  - Ha Giang: 131
  - Ha Nam: 131
  - Ha Tinh: 131
  - Hai Duong: 131
  - Hau Giang: 131
  - Hoa Binh: 131
  - Hung Yen: 131
  - Khanh Hoa: 131
  - Kien Giang: 131
  - Kon Tum: 131
  - Lai Chau: 131
  - Lam Dong: 131
  - Lang Son: 131
  - Lao Cai: 131
  - Long An: 130
  - Nam Dinh: 130
  - Nghe An: 130
  - Ninh Binh: 130
  - Ninh Thuan: 130
  - Phu Tho: 130
  - Phu Yen: 130
  - Quang Binh: 130
  - Quang Nam: 130
  - Quang Ngai: 130
  - Quang Ninh: 130
  - Quang Tri: 130
  - Soc Trang: 130
  - Son La: 130
  - Tay Ninh: 130
  - Thai Binh: 130
  - Thai Nguyen: 130
  - Thanh Hoa: 130
  - Thua Thien Hue: 130
  - Tien Giang: 130
  - Tra Vinh: 130
  - Tuyen Quang: 130
  - Vinh Long: 130
  - Vinh Phuc: 130
  - Yen Bai: 130
[Bootstrap] Progress:
  - Hanoi: 133
  - Ho Chi Minh: 133
  - Hai Phong: 133
  - Da Nang: 133
  - Can Tho: 132
  - An Giang: 132
  - Ba Ria - Vung Tau: 132
  - Bac Giang: 132
  - Bac Kan: 132
  - Bac Lieu: 132
  - Bac Ninh: 132
  - Ben Tre: 132
  - Binh Dinh: 132
  - Binh Duong: 132
  - Binh Phuoc: 132
  - Binh Thuan: 132
  - Ca Mau: 132
  - Cao Bang: 132
  - Dak Lak: 132
  - Dak Nong: 132
  - Dien Bien: 132
  - Dong Nai: 132
  - Dong Thap: 132
  - Gia Lai: 132
  - Ha Giang: 132
  - Ha Nam: 132
  - Ha Tinh: 132
  - Hai Duong: 132
  - Hau Giang: 132
  - Hoa Binh: 132
  - Hung Yen: 132
  - Khanh Hoa: 132
  - Kien Giang: 132
  - Kon Tum: 132
  - Lai Chau: 132
  - Lam Dong: 132
  - Lang Son: 132
  - Lao Cai: 132
  - Long An: 131
  - Nam Dinh: 131
  - Nghe An: 131
  - Ninh Binh: 131
  - Ninh Thuan: 131
  - Phu Tho: 131
  - Phu Yen: 131
  - Quang Binh: 131
  - Quang Nam: 131
  - Quang Ngai: 131
  - Quang Ninh: 131
  - Quang Tri: 131
  - Soc Trang: 131
  - Son La: 131
  - Tay Ninh: 131
  - Thai Binh: 131
  - Thai Nguyen: 131
  - Thanh Hoa: 131
  - Thua Thien Hue: 131
  - Tien Giang: 131
  - Tra Vinh: 131
  - Tuyen Quang: 131
  - Vinh Long: 131
  - Vinh Phuc: 131
  - Yen Bai: 131
[Bootstrap] Progress:
  - Hanoi: 134
  - Ho Chi Minh: 134
  - Hai Phong: 134
  - Da Nang: 134
  - Can Tho: 133
  - An Giang: 133
  - Ba Ria - Vung Tau: 133
  - Bac Giang: 133
  - Bac Kan: 133
  - Bac Lieu: 133
  - Bac Ninh: 133
  - Ben Tre: 133
  - Binh Dinh: 133
  - Binh Duong: 133
  - Binh Phuoc: 133
  - Binh Thuan: 133
  - Ca Mau: 133
  - Cao Bang: 133
  - Dak Lak: 133
  - Dak Nong: 133
  - Dien Bien: 133
  - Dong Nai: 133
  - Dong Thap: 133
  - Gia Lai: 133
  - Ha Giang: 133
  - Ha Nam: 133
  - Ha Tinh: 133
  - Hai Duong: 133
  - Hau Giang: 133
  - Hoa Binh: 133
  - Hung Yen: 133
  - Khanh Hoa: 133
  - Kien Giang: 133
  - Kon Tum: 133
  - Lai Chau: 133
  - Lam Dong: 133
  - Lang Son: 133
  - Lao Cai: 133
  - Long An: 132
  - Nam Dinh: 132
  - Nghe An: 132
  - Ninh Binh: 132
  - Ninh Thuan: 132
  - Phu Tho: 132
  - Phu Yen: 132
  - Quang Binh: 132
  - Quang Nam: 132
  - Quang Ngai: 132
  - Quang Ninh: 132
  - Quang Tri: 132
  - Soc Trang: 132
  - Son La: 132
  - Tay Ninh: 132
  - Thai Binh: 132
  - Thai Nguyen: 132
  - Thanh Hoa: 132
  - Thua Thien Hue: 132
  - Tien Giang: 132
  - Tra Vinh: 132
  - Tuyen Quang: 132
  - Vinh Long: 132
  - Vinh Phuc: 132
  - Yen Bai: 132
[Bootstrap] Progress:
  - Hanoi: 135
  - Ho Chi Minh: 135
  - Hai Phong: 135
  - Da Nang: 135
  - Can Tho: 134
  - An Giang: 134
  - Ba Ria - Vung Tau: 134
  - Bac Giang: 134
  - Bac Kan: 134
  - Bac Lieu: 134
  - Bac Ninh: 134
  - Ben Tre: 134
  - Binh Dinh: 134
  - Binh Duong: 134
  - Binh Phuoc: 134
  - Binh Thuan: 134
  - Ca Mau: 134
  - Cao Bang: 134
  - Dak Lak: 134
  - Dak Nong: 134
  - Dien Bien: 134
  - Dong Nai: 134
  - Dong Thap: 134
  - Gia Lai: 134
  - Ha Giang: 134
  - Ha Nam: 134
  - Ha Tinh: 134
  - Hai Duong: 134
  - Hau Giang: 134
  - Hoa Binh: 134
  - Hung Yen: 134
  - Khanh Hoa: 134
  - Kien Giang: 134
  - Kon Tum: 134
  - Lai Chau: 134
  - Lam Dong: 134
  - Lang Son: 134
  - Lao Cai: 134
  - Long An: 133
  - Nam Dinh: 133
  - Nghe An: 133
  - Ninh Binh: 133
  - Ninh Thuan: 133
  - Phu Tho: 133
  - Phu Yen: 133
  - Quang Binh: 133
  - Quang Nam: 133
  - Quang Ngai: 133
  - Quang Ninh: 133
  - Quang Tri: 133
  - Soc Trang: 133
  - Son La: 133
  - Tay Ninh: 133
  - Thai Binh: 133
  - Thai Nguyen: 133
  - Thanh Hoa: 133
  - Thua Thien Hue: 133
  - Tien Giang: 133
  - Tra Vinh: 133
  - Tuyen Quang: 133
  - Vinh Long: 133
  - Vinh Phuc: 133
  - Yen Bai: 133
[Bootstrap] Progress:
  - Hanoi: 136
  - Ho Chi Minh: 136
  - Hai Phong: 136
  - Da Nang: 136
  - Can Tho: 135
  - An Giang: 135
  - Ba Ria - Vung Tau: 135
  - Bac Giang: 135
  - Bac Kan: 135
  - Bac Lieu: 135
  - Bac Ninh: 135
  - Ben Tre: 135
  - Binh Dinh: 135
  - Binh Duong: 135
  - Binh Phuoc: 135
  - Binh Thuan: 135
  - Ca Mau: 135
  - Cao Bang: 135
  - Dak Lak: 135
  - Dak Nong: 135
  - Dien Bien: 135
  - Dong Nai: 135
  - Dong Thap: 135
  - Gia Lai: 135
  - Ha Giang: 135
  - Ha Nam: 135
  - Ha Tinh: 135
  - Hai Duong: 135
  - Hau Giang: 135
  - Hoa Binh: 135
  - Hung Yen: 135
  - Khanh Hoa: 135
  - Kien Giang: 135
  - Kon Tum: 135
  - Lai Chau: 135
  - Lam Dong: 135
  - Lang Son: 135
  - Lao Cai: 135
  - Long An: 134
  - Nam Dinh: 134
  - Nghe An: 134
  - Ninh Binh: 134
  - Ninh Thuan: 134
  - Phu Tho: 134
  - Phu Yen: 134
  - Quang Binh: 134
  - Quang Nam: 134
  - Quang Ngai: 134
  - Quang Ninh: 134
  - Quang Tri: 134
  - Soc Trang: 134
  - Son La: 134
  - Tay Ninh: 134
  - Thai Binh: 134
  - Thai Nguyen: 134
  - Thanh Hoa: 134
  - Thua Thien Hue: 134
  - Tien Giang: 134
  - Tra Vinh: 134
  - Tuyen Quang: 134
  - Vinh Long: 134
  - Vinh Phuc: 134
  - Yen Bai: 134
[Bootstrap] Progress:
  - Hanoi: 137
  - Ho Chi Minh: 137
  - Hai Phong: 137
  - Da Nang: 137
  - Can Tho: 136
  - An Giang: 136
  - Ba Ria - Vung Tau: 136
  - Bac Giang: 136
  - Bac Kan: 136
  - Bac Lieu: 136
  - Bac Ninh: 136
  - Ben Tre: 136
  - Binh Dinh: 136
  - Binh Duong: 136
  - Binh Phuoc: 136
  - Binh Thuan: 136
  - Ca Mau: 136
  - Cao Bang: 136
  - Dak Lak: 136
  - Dak Nong: 136
  - Dien Bien: 136
  - Dong Nai: 136
  - Dong Thap: 136
  - Gia Lai: 136
  - Ha Giang: 136
  - Ha Nam: 136
  - Ha Tinh: 136
  - Hai Duong: 136
  - Hau Giang: 136
  - Hoa Binh: 136
  - Hung Yen: 136
  - Khanh Hoa: 136
  - Kien Giang: 136
  - Kon Tum: 136
  - Lai Chau: 136
  - Lam Dong: 136
  - Lang Son: 136
  - Lao Cai: 136
  - Long An: 135
  - Nam Dinh: 135
  - Nghe An: 135
  - Ninh Binh: 135
  - Ninh Thuan: 135
  - Phu Tho: 135
  - Phu Yen: 135
  - Quang Binh: 135
  - Quang Nam: 135
  - Quang Ngai: 135
  - Quang Ninh: 135
  - Quang Tri: 135
  - Soc Trang: 135
  - Son La: 135
  - Tay Ninh: 135
  - Thai Binh: 135
  - Thai Nguyen: 135
  - Thanh Hoa: 135
  - Thua Thien Hue: 135
  - Tien Giang: 135
  - Tra Vinh: 135
  - Tuyen Quang: 135
  - Vinh Long: 135
  - Vinh Phuc: 135
  - Yen Bai: 135
[Bootstrap] Progress:
  - Hanoi: 138
  - Ho Chi Minh: 138
  - Hai Phong: 138
  - Da Nang: 138
  - Can Tho: 137
  - An Giang: 137
  - Ba Ria - Vung Tau: 137
  - Bac Giang: 137
  - Bac Kan: 137
  - Bac Lieu: 137
  - Bac Ninh: 137
  - Ben Tre: 137
  - Binh Dinh: 137
  - Binh Duong: 137
  - Binh Phuoc: 137
  - Binh Thuan: 137
  - Ca Mau: 137
  - Cao Bang: 137
  - Dak Lak: 137
  - Dak Nong: 137
  - Dien Bien: 137
  - Dong Nai: 137
  - Dong Thap: 137
  - Gia Lai: 137
  - Ha Giang: 137
  - Ha Nam: 137
  - Ha Tinh: 137
  - Hai Duong: 137
  - Hau Giang: 137
  - Hoa Binh: 137
  - Hung Yen: 137
  - Khanh Hoa: 137
  - Kien Giang: 137
  - Kon Tum: 137
  - Lai Chau: 137
  - Lam Dong: 137
  - Lang Son: 137
  - Lao Cai: 137
  - Long An: 136
  - Nam Dinh: 136
  - Nghe An: 136
  - Ninh Binh: 136
  - Ninh Thuan: 136
  - Phu Tho: 136
  - Phu Yen: 136
  - Quang Binh: 136
  - Quang Nam: 136
  - Quang Ngai: 136
  - Quang Ninh: 136
  - Quang Tri: 136
  - Soc Trang: 136
  - Son La: 136
  - Tay Ninh: 136
  - Thai Binh: 136
  - Thai Nguyen: 136
  - Thanh Hoa: 136
  - Thua Thien Hue: 136
  - Tien Giang: 136
  - Tra Vinh: 136
  - Tuyen Quang: 136
  - Vinh Long: 136
  - Vinh Phuc: 136
  - Yen Bai: 136
[Bootstrap] Progress:
  - Hanoi: 139
  - Ho Chi Minh: 139
  - Hai Phong: 139
  - Da Nang: 139
  - Can Tho: 138
  - An Giang: 138
  - Ba Ria - Vung Tau: 138
  - Bac Giang: 138
  - Bac Kan: 138
  - Bac Lieu: 138
  - Bac Ninh: 138
  - Ben Tre: 138
  - Binh Dinh: 138
  - Binh Duong: 138
  - Binh Phuoc: 138
  - Binh Thuan: 138
  - Ca Mau: 138
  - Cao Bang: 138
  - Dak Lak: 138
  - Dak Nong: 138
  - Dien Bien: 138
  - Dong Nai: 138
  - Dong Thap: 138
  - Gia Lai: 138
  - Ha Giang: 138
  - Ha Nam: 138
  - Ha Tinh: 138
  - Hai Duong: 138
  - Hau Giang: 138
  - Hoa Binh: 138
  - Hung Yen: 138
  - Khanh Hoa: 138
  - Kien Giang: 138
  - Kon Tum: 138
  - Lai Chau: 138
  - Lam Dong: 138
  - Lang Son: 138
  - Lao Cai: 138
  - Long An: 137
  - Nam Dinh: 137
  - Nghe An: 137
  - Ninh Binh: 137
  - Ninh Thuan: 137
  - Phu Tho: 137
  - Phu Yen: 137
  - Quang Binh: 137
  - Quang Nam: 137
  - Quang Ngai: 137
  - Quang Ninh: 137
  - Quang Tri: 137
  - Soc Trang: 137
  - Son La: 137
  - Tay Ninh: 137
  - Thai Binh: 137
  - Thai Nguyen: 137
  - Thanh Hoa: 137
  - Thua Thien Hue: 137
  - Tien Giang: 137
  - Tra Vinh: 137
  - Tuyen Quang: 137
  - Vinh Long: 137
  - Vinh Phuc: 137
  - Yen Bai: 137
[Bootstrap] Progress:
  - Hanoi: 140
  - Ho Chi Minh: 140
  - Hai Phong: 140
  - Da Nang: 140
  - Can Tho: 139
  - An Giang: 139
  - Ba Ria - Vung Tau: 139
  - Bac Giang: 139
  - Bac Kan: 139
  - Bac Lieu: 139
  - Bac Ninh: 139
  - Ben Tre: 139
  - Binh Dinh: 139
  - Binh Duong: 139
  - Binh Phuoc: 139
  - Binh Thuan: 139
  - Ca Mau: 139
  - Cao Bang: 139
  - Dak Lak: 139
  - Dak Nong: 139
  - Dien Bien: 139
  - Dong Nai: 139
  - Dong Thap: 139
  - Gia Lai: 139
  - Ha Giang: 139
  - Ha Nam: 139
  - Ha Tinh: 139
  - Hai Duong: 139
  - Hau Giang: 139
  - Hoa Binh: 139
  - Hung Yen: 139
  - Khanh Hoa: 139
  - Kien Giang: 139
  - Kon Tum: 139
  - Lai Chau: 139
  - Lam Dong: 139
  - Lang Son: 139
  - Lao Cai: 139
  - Long An: 138
  - Nam Dinh: 138
  - Nghe An: 138
  - Ninh Binh: 138
  - Ninh Thuan: 138
  - Phu Tho: 138
  - Phu Yen: 138
  - Quang Binh: 138
  - Quang Nam: 138
  - Quang Ngai: 138
  - Quang Ninh: 138
  - Quang Tri: 138
  - Soc Trang: 138
  - Son La: 138
  - Tay Ninh: 138
  - Thai Binh: 138
  - Thai Nguyen: 138
  - Thanh Hoa: 138
  - Thua Thien Hue: 138
  - Tien Giang: 138
  - Tra Vinh: 138
  - Tuyen Quang: 138
  - Vinh Long: 138
  - Vinh Phuc: 138
  - Yen Bai: 138
[Bootstrap] Progress:
  - Hanoi: 141
  - Ho Chi Minh: 141
  - Hai Phong: 141
  - Da Nang: 141
  - Can Tho: 140
  - An Giang: 140
  - Ba Ria - Vung Tau: 140
  - Bac Giang: 140
  - Bac Kan: 140
  - Bac Lieu: 140
  - Bac Ninh: 140
  - Ben Tre: 140
  - Binh Dinh: 140
  - Binh Duong: 140
  - Binh Phuoc: 140
  - Binh Thuan: 140
  - Ca Mau: 140
  - Cao Bang: 140
  - Dak Lak: 140
  - Dak Nong: 140
  - Dien Bien: 140
  - Dong Nai: 140
  - Dong Thap: 140
  - Gia Lai: 140
  - Ha Giang: 140
  - Ha Nam: 140
  - Ha Tinh: 140
  - Hai Duong: 140
  - Hau Giang: 140
  - Hoa Binh: 140
  - Hung Yen: 140
  - Khanh Hoa: 140
  - Kien Giang: 140
  - Kon Tum: 140
  - Lai Chau: 140
  - Lam Dong: 140
  - Lang Son: 140
  - Lao Cai: 140
  - Long An: 139
  - Nam Dinh: 139
  - Nghe An: 139
  - Ninh Binh: 139
  - Ninh Thuan: 139
  - Phu Tho: 139
  - Phu Yen: 139
  - Quang Binh: 139
  - Quang Nam: 139
  - Quang Ngai: 139
  - Quang Ninh: 139
  - Quang Tri: 139
  - Soc Trang: 139
  - Son La: 139
  - Tay Ninh: 139
  - Thai Binh: 139
  - Thai Nguyen: 139
  - Thanh Hoa: 139
  - Thua Thien Hue: 139
  - Tien Giang: 139
  - Tra Vinh: 139
  - Tuyen Quang: 139
  - Vinh Long: 139
  - Vinh Phuc: 139
  - Yen Bai: 139
[Bootstrap] Progress:
  - Hanoi: 144
  - Ho Chi Minh: 144
  - Hai Phong: 144
  - Da Nang: 144
  - Can Tho: 143
  - An Giang: 143
  - Ba Ria - Vung Tau: 143
  - Bac Giang: 143
  - Bac Kan: 143
  - Bac Lieu: 143
  - Bac Ninh: 143
  - Ben Tre: 143
  - Binh Dinh: 143
  - Binh Duong: 143
  - Binh Phuoc: 143
  - Binh Thuan: 143
  - Ca Mau: 143
  - Cao Bang: 143
  - Dak Lak: 143
  - Dak Nong: 143
  - Dien Bien: 143
  - Dong Nai: 143
  - Dong Thap: 143
  - Gia Lai: 143
  - Ha Giang: 143
  - Ha Nam: 143
  - Ha Tinh: 143
  - Hai Duong: 143
  - Hau Giang: 143
  - Hoa Binh: 143
  - Hung Yen: 143
  - Khanh Hoa: 143
  - Kien Giang: 143
  - Kon Tum: 143
  - Lai Chau: 143
  - Lam Dong: 143
  - Lang Son: 143
  - Lao Cai: 143
  - Long An: 142
  - Nam Dinh: 142
  - Nghe An: 142
  - Ninh Binh: 142
  - Ninh Thuan: 142
  - Phu Tho: 142
  - Phu Yen: 142
  - Quang Binh: 142
  - Quang Nam: 142
  - Quang Ngai: 142
  - Quang Ninh: 142
  - Quang Tri: 142
  - Soc Trang: 142
  - Son La: 142
  - Tay Ninh: 142
  - Thai Binh: 142
  - Thai Nguyen: 142
  - Thanh Hoa: 142
  - Thua Thien Hue: 142
  - Tien Giang: 142
  - Tra Vinh: 142
  - Tuyen Quang: 142
  - Vinh Long: 142
  - Vinh Phuc: 142
  - Yen Bai: 142
[Bootstrap] Progress:
  - Hanoi: 145
  - Ho Chi Minh: 145
  - Hai Phong: 145
  - Da Nang: 145
  - Can Tho: 144
  - An Giang: 144
  - Ba Ria - Vung Tau: 144
  - Bac Giang: 144
  - Bac Kan: 144
  - Bac Lieu: 144
  - Bac Ninh: 144
  - Ben Tre: 144
  - Binh Dinh: 144
  - Binh Duong: 144
  - Binh Phuoc: 144
  - Binh Thuan: 144
  - Ca Mau: 144
  - Cao Bang: 144
  - Dak Lak: 144
  - Dak Nong: 144
  - Dien Bien: 144
  - Dong Nai: 144
  - Dong Thap: 144
  - Gia Lai: 144
  - Ha Giang: 144
  - Ha Nam: 144
  - Ha Tinh: 144
  - Hai Duong: 144
  - Hau Giang: 144
  - Hoa Binh: 144
  - Hung Yen: 144
  - Khanh Hoa: 144
  - Kien Giang: 144
  - Kon Tum: 144
  - Lai Chau: 144
  - Lam Dong: 144
  - Lang Son: 144
  - Lao Cai: 144
  - Long An: 143
  - Nam Dinh: 143
  - Nghe An: 143
  - Ninh Binh: 143
  - Ninh Thuan: 143
  - Phu Tho: 143
  - Phu Yen: 143
  - Quang Binh: 143
  - Quang Nam: 143
  - Quang Ngai: 143
  - Quang Ninh: 143
  - Quang Tri: 143
  - Soc Trang: 143
  - Son La: 143
  - Tay Ninh: 143
  - Thai Binh: 143
  - Thai Nguyen: 143
  - Thanh Hoa: 143
  - Thua Thien Hue: 143
  - Tien Giang: 143
  - Tra Vinh: 143
  - Tuyen Quang: 143
  - Vinh Long: 143
  - Vinh Phuc: 143
  - Yen Bai: 143
[Bootstrap] Progress:
  - Hanoi: 146
  - Ho Chi Minh: 146
  - Hai Phong: 146
  - Da Nang: 146
  - Can Tho: 145
  - An Giang: 145
  - Ba Ria - Vung Tau: 145
  - Bac Giang: 145
  - Bac Kan: 145
  - Bac Lieu: 145
  - Bac Ninh: 145
  - Ben Tre: 145
  - Binh Dinh: 145
  - Binh Duong: 145
  - Binh Phuoc: 145
  - Binh Thuan: 145
  - Ca Mau: 145
  - Cao Bang: 145
  - Dak Lak: 145
  - Dak Nong: 145
  - Dien Bien: 145
  - Dong Nai: 145
  - Dong Thap: 145
  - Gia Lai: 145
  - Ha Giang: 145
  - Ha Nam: 145
  - Ha Tinh: 145
  - Hai Duong: 145
  - Hau Giang: 145
  - Hoa Binh: 145
  - Hung Yen: 145
  - Khanh Hoa: 145
  - Kien Giang: 145
  - Kon Tum: 145
  - Lai Chau: 145
  - Lam Dong: 145
  - Lang Son: 145
  - Lao Cai: 145
  - Long An: 144
  - Nam Dinh: 144
  - Nghe An: 144
  - Ninh Binh: 144
  - Ninh Thuan: 144
  - Phu Tho: 144
  - Phu Yen: 144
  - Quang Binh: 144
  - Quang Nam: 144
  - Quang Ngai: 144
  - Quang Ninh: 144
  - Quang Tri: 144
  - Soc Trang: 144
  - Son La: 144
  - Tay Ninh: 144
  - Thai Binh: 144
  - Thai Nguyen: 144
  - Thanh Hoa: 144
  - Thua Thien Hue: 144
  - Tien Giang: 144
  - Tra Vinh: 144
  - Tuyen Quang: 144
  - Vinh Long: 144
  - Vinh Phuc: 144
  - Yen Bai: 144
[Bootstrap] Progress:
  - Hanoi: 147
  - Ho Chi Minh: 147
  - Hai Phong: 147
  - Da Nang: 147
  - Can Tho: 146
  - An Giang: 146
  - Ba Ria - Vung Tau: 146
  - Bac Giang: 146
  - Bac Kan: 146
  - Bac Lieu: 146
  - Bac Ninh: 146
  - Ben Tre: 146
  - Binh Dinh: 146
  - Binh Duong: 146
  - Binh Phuoc: 146
  - Binh Thuan: 146
  - Ca Mau: 146
  - Cao Bang: 146
  - Dak Lak: 146
  - Dak Nong: 146
  - Dien Bien: 146
  - Dong Nai: 146
  - Dong Thap: 146
  - Gia Lai: 146
  - Ha Giang: 146
  - Ha Nam: 146
  - Ha Tinh: 146
  - Hai Duong: 146
  - Hau Giang: 146
  - Hoa Binh: 146
  - Hung Yen: 146
  - Khanh Hoa: 146
  - Kien Giang: 146
  - Kon Tum: 146
  - Lai Chau: 146
  - Lam Dong: 146
  - Lang Son: 146
  - Lao Cai: 146
  - Long An: 145
  - Nam Dinh: 145
  - Nghe An: 145
  - Ninh Binh: 145
  - Ninh Thuan: 145
  - Phu Tho: 145
  - Phu Yen: 145
  - Quang Binh: 145
  - Quang Nam: 145
  - Quang Ngai: 145
  - Quang Ninh: 145
  - Quang Tri: 145
  - Soc Trang: 145
  - Son La: 145
  - Tay Ninh: 145
  - Thai Binh: 145
  - Thai Nguyen: 145
  - Thanh Hoa: 145
  - Thua Thien Hue: 145
  - Tien Giang: 145
  - Tra Vinh: 145
  - Tuyen Quang: 145
  - Vinh Long: 145
  - Vinh Phuc: 145
  - Yen Bai: 145
[Bootstrap] Progress:
  - Hanoi: 148
  - Ho Chi Minh: 148
  - Hai Phong: 148
  - Da Nang: 148
  - Can Tho: 147
  - An Giang: 147
  - Ba Ria - Vung Tau: 147
  - Bac Giang: 147
  - Bac Kan: 147
  - Bac Lieu: 147
  - Bac Ninh: 147
  - Ben Tre: 147
  - Binh Dinh: 147
  - Binh Duong: 147
  - Binh Phuoc: 147
  - Binh Thuan: 147
  - Ca Mau: 147
  - Cao Bang: 147
  - Dak Lak: 147
  - Dak Nong: 147
  - Dien Bien: 147
  - Dong Nai: 147
  - Dong Thap: 147
  - Gia Lai: 147
  - Ha Giang: 147
  - Ha Nam: 147
  - Ha Tinh: 147
  - Hai Duong: 147
  - Hau Giang: 147
  - Hoa Binh: 147
  - Hung Yen: 147
  - Khanh Hoa: 147
  - Kien Giang: 147
  - Kon Tum: 147
  - Lai Chau: 147
  - Lam Dong: 147
  - Lang Son: 147
  - Lao Cai: 147
  - Long An: 146
  - Nam Dinh: 146
  - Nghe An: 146
  - Ninh Binh: 146
  - Ninh Thuan: 146
  - Phu Tho: 146
  - Phu Yen: 146
  - Quang Binh: 146
  - Quang Nam: 146
  - Quang Ngai: 146
  - Quang Ninh: 146
  - Quang Tri: 146
  - Soc Trang: 146
  - Son La: 146
  - Tay Ninh: 146
  - Thai Binh: 146
  - Thai Nguyen: 146
  - Thanh Hoa: 146
  - Thua Thien Hue: 146
  - Tien Giang: 146
  - Tra Vinh: 146
  - Tuyen Quang: 146
  - Vinh Long: 146
  - Vinh Phuc: 146
  - Yen Bai: 146
[Bootstrap] Progress:
  - Hanoi: 149
  - Ho Chi Minh: 149
  - Hai Phong: 149
  - Da Nang: 149
  - Can Tho: 148
  - An Giang: 148
  - Ba Ria - Vung Tau: 148
  - Bac Giang: 148
  - Bac Kan: 148
  - Bac Lieu: 148
  - Bac Ninh: 148
  - Ben Tre: 148
  - Binh Dinh: 148
  - Binh Duong: 148
  - Binh Phuoc: 148
  - Binh Thuan: 148
  - Ca Mau: 148
  - Cao Bang: 148
  - Dak Lak: 148
  - Dak Nong: 148
  - Dien Bien: 148
  - Dong Nai: 148
  - Dong Thap: 148
  - Gia Lai: 148
  - Ha Giang: 148
  - Ha Nam: 148
  - Ha Tinh: 148
  - Hai Duong: 148
  - Hau Giang: 148
  - Hoa Binh: 148
  - Hung Yen: 148
  - Khanh Hoa: 148
  - Kien Giang: 148
  - Kon Tum: 148
  - Lai Chau: 148
  - Lam Dong: 148
  - Lang Son: 148
  - Lao Cai: 148
  - Long An: 147
  - Nam Dinh: 147
  - Nghe An: 147
  - Ninh Binh: 147
  - Ninh Thuan: 147
  - Phu Tho: 147
  - Phu Yen: 147
  - Quang Binh: 147
  - Quang Nam: 147
  - Quang Ngai: 147
  - Quang Ninh: 147
  - Quang Tri: 147
  - Soc Trang: 147
  - Son La: 147
  - Tay Ninh: 147
  - Thai Binh: 147
  - Thai Nguyen: 147
  - Thanh Hoa: 147
  - Thua Thien Hue: 147
  - Tien Giang: 147
  - Tra Vinh: 147
  - Tuyen Quang: 147
  - Vinh Long: 147
  - Vinh Phuc: 147
  - Yen Bai: 147
[Bootstrap] Progress:
  - Hanoi: 150
  - Ho Chi Minh: 150
  - Hai Phong: 150
  - Da Nang: 150
  - Can Tho: 149
  - An Giang: 149
  - Ba Ria - Vung Tau: 149
  - Bac Giang: 149
  - Bac Kan: 149
  - Bac Lieu: 149
  - Bac Ninh: 149
  - Ben Tre: 149
  - Binh Dinh: 149
  - Binh Duong: 149
  - Binh Phuoc: 149
  - Binh Thuan: 149
  - Ca Mau: 149
  - Cao Bang: 149
  - Dak Lak: 149
  - Dak Nong: 149
  - Dien Bien: 149
  - Dong Nai: 149
  - Dong Thap: 149
  - Gia Lai: 149
  - Ha Giang: 149
  - Ha Nam: 149
  - Ha Tinh: 149
  - Hai Duong: 149
  - Hau Giang: 149
  - Hoa Binh: 149
  - Hung Yen: 149
  - Khanh Hoa: 149
  - Kien Giang: 149
  - Kon Tum: 149
  - Lai Chau: 149
  - Lam Dong: 149
  - Lang Son: 149
  - Lao Cai: 149
  - Long An: 148
  - Nam Dinh: 148
  - Nghe An: 148
  - Ninh Binh: 148
  - Ninh Thuan: 148
  - Phu Tho: 148
  - Phu Yen: 148
  - Quang Binh: 148
  - Quang Nam: 148
  - Quang Ngai: 148
  - Quang Ninh: 148
  - Quang Tri: 148
  - Soc Trang: 148
  - Son La: 148
  - Tay Ninh: 148
  - Thai Binh: 148
  - Thai Nguyen: 148
  - Thanh Hoa: 148
  - Thua Thien Hue: 148
  - Tien Giang: 148
  - Tra Vinh: 148
  - Tuyen Quang: 148
  - Vinh Long: 148
  - Vinh Phuc: 148
  - Yen Bai: 148
[Bootstrap] Progress:
  - Hanoi: 151
  - Ho Chi Minh: 151
  - Hai Phong: 151
  - Da Nang: 151
  - Can Tho: 150
  - An Giang: 150
  - Ba Ria - Vung Tau: 150
  - Bac Giang: 150
  - Bac Kan: 150
  - Bac Lieu: 150
  - Bac Ninh: 150
  - Ben Tre: 150
  - Binh Dinh: 150
  - Binh Duong: 150
  - Binh Phuoc: 150
  - Binh Thuan: 150
  - Ca Mau: 150
  - Cao Bang: 150
  - Dak Lak: 150
  - Dak Nong: 150
  - Dien Bien: 150
  - Dong Nai: 150
  - Dong Thap: 150
  - Gia Lai: 150
  - Ha Giang: 150
  - Ha Nam: 150
  - Ha Tinh: 150
  - Hai Duong: 150
  - Hau Giang: 150
  - Hoa Binh: 150
  - Hung Yen: 150
  - Khanh Hoa: 150
  - Kien Giang: 150
  - Kon Tum: 150
  - Lai Chau: 150
  - Lam Dong: 150
  - Lang Son: 150
  - Lao Cai: 150
  - Long An: 149
  - Nam Dinh: 149
  - Nghe An: 149
  - Ninh Binh: 149
  - Ninh Thuan: 149
  - Phu Tho: 149
  - Phu Yen: 149
  - Quang Binh: 149
  - Quang Nam: 149
  - Quang Ngai: 149
  - Quang Ninh: 149
  - Quang Tri: 149
  - Soc Trang: 149
  - Son La: 149
  - Tay Ninh: 149
  - Thai Binh: 149
  - Thai Nguyen: 149
  - Thanh Hoa: 149
  - Thua Thien Hue: 149
  - Tien Giang: 149
  - Tra Vinh: 149
  - Tuyen Quang: 149
  - Vinh Long: 149
  - Vinh Phuc: 149
  - Yen Bai: 149
[Bootstrap] Progress:
  - Hanoi: 152
  - Ho Chi Minh: 152
  - Hai Phong: 152
  - Da Nang: 152
  - Can Tho: 151
  - An Giang: 151
  - Ba Ria - Vung Tau: 151
  - Bac Giang: 151
  - Bac Kan: 151
  - Bac Lieu: 151
  - Bac Ninh: 151
  - Ben Tre: 151
  - Binh Dinh: 151
  - Binh Duong: 151
  - Binh Phuoc: 151
  - Binh Thuan: 151
  - Ca Mau: 151
  - Cao Bang: 151
  - Dak Lak: 151
  - Dak Nong: 151
  - Dien Bien: 151
  - Dong Nai: 151
  - Dong Thap: 151
  - Gia Lai: 151
  - Ha Giang: 151
  - Ha Nam: 151
  - Ha Tinh: 151
  - Hai Duong: 151
  - Hau Giang: 151
  - Hoa Binh: 151
  - Hung Yen: 151
  - Khanh Hoa: 151
  - Kien Giang: 151
  - Kon Tum: 151
  - Lai Chau: 151
  - Lam Dong: 151
  - Lang Son: 151
  - Lao Cai: 151
  - Long An: 150
  - Nam Dinh: 150
  - Nghe An: 150
  - Ninh Binh: 150
  - Ninh Thuan: 150
  - Phu Tho: 150
  - Phu Yen: 150
  - Quang Binh: 150
  - Quang Nam: 150
  - Quang Ngai: 150
  - Quang Ninh: 150
  - Quang Tri: 150
  - Soc Trang: 150
  - Son La: 150
  - Tay Ninh: 150
  - Thai Binh: 150
  - Thai Nguyen: 150
  - Thanh Hoa: 150
  - Thua Thien Hue: 150
  - Tien Giang: 150
  - Tra Vinh: 150
  - Tuyen Quang: 150
  - Vinh Long: 150
  - Vinh Phuc: 150
  - Yen Bai: 150
[Bootstrap] Progress:
  - Hanoi: 153
  - Ho Chi Minh: 153
  - Hai Phong: 153
  - Da Nang: 153
  - Can Tho: 152
  - An Giang: 152
  - Ba Ria - Vung Tau: 152
  - Bac Giang: 152
  - Bac Kan: 152
  - Bac Lieu: 152
  - Bac Ninh: 152
  - Ben Tre: 152
  - Binh Dinh: 152
  - Binh Duong: 152
  - Binh Phuoc: 152
  - Binh Thuan: 152
  - Ca Mau: 152
  - Cao Bang: 152
  - Dak Lak: 152
  - Dak Nong: 152
  - Dien Bien: 152
  - Dong Nai: 152
  - Dong Thap: 152
  - Gia Lai: 152
  - Ha Giang: 152
  - Ha Nam: 152
  - Ha Tinh: 152
  - Hai Duong: 152
  - Hau Giang: 152
  - Hoa Binh: 152
  - Hung Yen: 152
  - Khanh Hoa: 152
  - Kien Giang: 152
  - Kon Tum: 152
  - Lai Chau: 152
  - Lam Dong: 152
  - Lang Son: 152
  - Lao Cai: 152
  - Long An: 151
  - Nam Dinh: 151
  - Nghe An: 151
  - Ninh Binh: 151
  - Ninh Thuan: 151
  - Phu Tho: 151
  - Phu Yen: 151
  - Quang Binh: 151
  - Quang Nam: 151
  - Quang Ngai: 151
  - Quang Ninh: 151
  - Quang Tri: 151
  - Soc Trang: 151
  - Son La: 151
  - Tay Ninh: 151
  - Thai Binh: 151
  - Thai Nguyen: 151
  - Thanh Hoa: 151
  - Thua Thien Hue: 151
  - Tien Giang: 151
  - Tra Vinh: 151
  - Tuyen Quang: 151
  - Vinh Long: 151
  - Vinh Phuc: 151
  - Yen Bai: 151
[Bootstrap] Progress:
  - Hanoi: 154
  - Ho Chi Minh: 154
  - Hai Phong: 154
  - Da Nang: 154
  - Can Tho: 153
  - An Giang: 153
  - Ba Ria - Vung Tau: 153
  - Bac Giang: 153
  - Bac Kan: 153
  - Bac Lieu: 153
  - Bac Ninh: 153
  - Ben Tre: 153
  - Binh Dinh: 153
  - Binh Duong: 153
  - Binh Phuoc: 153
  - Binh Thuan: 153
  - Ca Mau: 153
  - Cao Bang: 153
  - Dak Lak: 153
  - Dak Nong: 153
  - Dien Bien: 153
  - Dong Nai: 153
  - Dong Thap: 153
  - Gia Lai: 153
  - Ha Giang: 153
  - Ha Nam: 153
  - Ha Tinh: 153
  - Hai Duong: 153
  - Hau Giang: 153
  - Hoa Binh: 153
  - Hung Yen: 153
  - Khanh Hoa: 153
  - Kien Giang: 153
  - Kon Tum: 153
  - Lai Chau: 153
  - Lam Dong: 153
  - Lang Son: 153
  - Lao Cai: 153
  - Long An: 152
  - Nam Dinh: 152
  - Nghe An: 152
  - Ninh Binh: 152
  - Ninh Thuan: 152
  - Phu Tho: 152
  - Phu Yen: 152
  - Quang Binh: 152
  - Quang Nam: 152
  - Quang Ngai: 152
  - Quang Ninh: 152
  - Quang Tri: 152
  - Soc Trang: 152
  - Son La: 152
  - Tay Ninh: 152
  - Thai Binh: 152
  - Thai Nguyen: 152
  - Thanh Hoa: 152
  - Thua Thien Hue: 152
  - Tien Giang: 152
  - Tra Vinh: 152
  - Tuyen Quang: 152
  - Vinh Long: 152
  - Vinh Phuc: 152
  - Yen Bai: 152
[Bootstrap] Progress:
  - Hanoi: 155
  - Ho Chi Minh: 155
  - Hai Phong: 155
  - Da Nang: 155
  - Can Tho: 154
  - An Giang: 154
  - Ba Ria - Vung Tau: 154
  - Bac Giang: 154
  - Bac Kan: 154
  - Bac Lieu: 154
  - Bac Ninh: 154
  - Ben Tre: 154
  - Binh Dinh: 154
  - Binh Duong: 154
  - Binh Phuoc: 154
  - Binh Thuan: 154
  - Ca Mau: 154
  - Cao Bang: 154
  - Dak Lak: 154
  - Dak Nong: 154
  - Dien Bien: 154
  - Dong Nai: 154
  - Dong Thap: 154
  - Gia Lai: 154
  - Ha Giang: 154
  - Ha Nam: 154
  - Ha Tinh: 154
  - Hai Duong: 154
  - Hau Giang: 154
  - Hoa Binh: 154
  - Hung Yen: 154
  - Khanh Hoa: 154
  - Kien Giang: 154
  - Kon Tum: 154
  - Lai Chau: 154
  - Lam Dong: 154
  - Lang Son: 154
  - Lao Cai: 154
  - Long An: 153
  - Nam Dinh: 153
  - Nghe An: 153
  - Ninh Binh: 153
  - Ninh Thuan: 153
  - Phu Tho: 153
  - Phu Yen: 153
  - Quang Binh: 153
  - Quang Nam: 153
  - Quang Ngai: 153
  - Quang Ninh: 153
  - Quang Tri: 153
  - Soc Trang: 153
  - Son La: 153
  - Tay Ninh: 153
  - Thai Binh: 153
  - Thai Nguyen: 153
  - Thanh Hoa: 153
  - Thua Thien Hue: 153
  - Tien Giang: 153
  - Tra Vinh: 153
  - Tuyen Quang: 153
  - Vinh Long: 153
  - Vinh Phuc: 153
  - Yen Bai: 153
[Bootstrap] Progress:
  - Hanoi: 158
  - Ho Chi Minh: 158
  - Hai Phong: 158
  - Da Nang: 158
  - Can Tho: 157
  - An Giang: 157
  - Ba Ria - Vung Tau: 157
  - Bac Giang: 157
  - Bac Kan: 157
  - Bac Lieu: 157
  - Bac Ninh: 157
  - Ben Tre: 157
  - Binh Dinh: 157
  - Binh Duong: 157
  - Binh Phuoc: 157
  - Binh Thuan: 157
  - Ca Mau: 157
  - Cao Bang: 157
  - Dak Lak: 157
  - Dak Nong: 157
  - Dien Bien: 157
  - Dong Nai: 157
  - Dong Thap: 157
  - Gia Lai: 157
  - Ha Giang: 157
  - Ha Nam: 157
  - Ha Tinh: 157
  - Hai Duong: 157
  - Hau Giang: 157
  - Hoa Binh: 157
  - Hung Yen: 157
  - Khanh Hoa: 157
  - Kien Giang: 157
  - Kon Tum: 157
  - Lai Chau: 157
  - Lam Dong: 157
  - Lang Son: 157
  - Lao Cai: 157
  - Long An: 156
  - Nam Dinh: 156
  - Nghe An: 156
  - Ninh Binh: 156
  - Ninh Thuan: 156
  - Phu Tho: 156
  - Phu Yen: 156
  - Quang Binh: 156
  - Quang Nam: 156
  - Quang Ngai: 156
  - Quang Ninh: 156
  - Quang Tri: 156
  - Soc Trang: 156
  - Son La: 156
  - Tay Ninh: 156
  - Thai Binh: 156
  - Thai Nguyen: 156
  - Thanh Hoa: 156
  - Thua Thien Hue: 156
  - Tien Giang: 156
  - Tra Vinh: 156
  - Tuyen Quang: 156
  - Vinh Long: 156
  - Vinh Phuc: 156
  - Yen Bai: 156
[Bootstrap] Progress:
  - Hanoi: 159
  - Ho Chi Minh: 159
  - Hai Phong: 159
  - Da Nang: 159
  - Can Tho: 158
  - An Giang: 158
  - Ba Ria - Vung Tau: 158
  - Bac Giang: 158
  - Bac Kan: 158
  - Bac Lieu: 158
  - Bac Ninh: 158
  - Ben Tre: 158
  - Binh Dinh: 158
  - Binh Duong: 158
  - Binh Phuoc: 158
  - Binh Thuan: 158
  - Ca Mau: 158
  - Cao Bang: 158
  - Dak Lak: 158
  - Dak Nong: 158
  - Dien Bien: 158
  - Dong Nai: 158
  - Dong Thap: 158
  - Gia Lai: 158
  - Ha Giang: 158
  - Ha Nam: 158
  - Ha Tinh: 158
  - Hai Duong: 158
  - Hau Giang: 158
  - Hoa Binh: 158
  - Hung Yen: 158
  - Khanh Hoa: 158
  - Kien Giang: 158
  - Kon Tum: 158
  - Lai Chau: 158
  - Lam Dong: 158
  - Lang Son: 158
  - Lao Cai: 158
  - Long An: 157
  - Nam Dinh: 157
  - Nghe An: 157
  - Ninh Binh: 157
  - Ninh Thuan: 157
  - Phu Tho: 157
  - Phu Yen: 157
  - Quang Binh: 157
  - Quang Nam: 157
  - Quang Ngai: 157
  - Quang Ninh: 157
  - Quang Tri: 157
  - Soc Trang: 157
  - Son La: 157
  - Tay Ninh: 157
  - Thai Binh: 157
  - Thai Nguyen: 157
  - Thanh Hoa: 157
  - Thua Thien Hue: 157
  - Tien Giang: 157
  - Tra Vinh: 157
  - Tuyen Quang: 157
  - Vinh Long: 157
  - Vinh Phuc: 157
  - Yen Bai: 157
[Bootstrap] Progress:
  - Hanoi: 160
  - Ho Chi Minh: 160
  - Hai Phong: 160
  - Da Nang: 160
  - Can Tho: 159
  - An Giang: 159
  - Ba Ria - Vung Tau: 159
  - Bac Giang: 159
  - Bac Kan: 159
  - Bac Lieu: 159
  - Bac Ninh: 159
  - Ben Tre: 159
  - Binh Dinh: 159
  - Binh Duong: 159
  - Binh Phuoc: 159
  - Binh Thuan: 159
  - Ca Mau: 159
  - Cao Bang: 159
  - Dak Lak: 159
  - Dak Nong: 159
  - Dien Bien: 159
  - Dong Nai: 159
  - Dong Thap: 159
  - Gia Lai: 159
  - Ha Giang: 159
  - Ha Nam: 159
  - Ha Tinh: 159
  - Hai Duong: 159
  - Hau Giang: 159
  - Hoa Binh: 159
  - Hung Yen: 159
  - Khanh Hoa: 159
  - Kien Giang: 159
  - Kon Tum: 159
  - Lai Chau: 159
  - Lam Dong: 159
  - Lang Son: 159
  - Lao Cai: 159
  - Long An: 158
  - Nam Dinh: 158
  - Nghe An: 158
  - Ninh Binh: 158
  - Ninh Thuan: 158
  - Phu Tho: 158
  - Phu Yen: 158
  - Quang Binh: 158
  - Quang Nam: 158
  - Quang Ngai: 158
  - Quang Ninh: 158
  - Quang Tri: 158
  - Soc Trang: 158
  - Son La: 158
  - Tay Ninh: 158
  - Thai Binh: 158
  - Thai Nguyen: 158
  - Thanh Hoa: 158
  - Thua Thien Hue: 158
  - Tien Giang: 158
  - Tra Vinh: 158
  - Tuyen Quang: 158
  - Vinh Long: 158
  - Vinh Phuc: 158
  - Yen Bai: 158
[Bootstrap] Progress:
  - Hanoi: 161
  - Ho Chi Minh: 161
  - Hai Phong: 161
  - Da Nang: 161
  - Can Tho: 160
  - An Giang: 160
  - Ba Ria - Vung Tau: 160
  - Bac Giang: 160
  - Bac Kan: 160
  - Bac Lieu: 160
  - Bac Ninh: 160
  - Ben Tre: 160
  - Binh Dinh: 160
  - Binh Duong: 160
  - Binh Phuoc: 160
  - Binh Thuan: 160
  - Ca Mau: 160
  - Cao Bang: 160
  - Dak Lak: 160
  - Dak Nong: 160
  - Dien Bien: 160
  - Dong Nai: 160
  - Dong Thap: 160
  - Gia Lai: 160
  - Ha Giang: 160
  - Ha Nam: 160
  - Ha Tinh: 160
  - Hai Duong: 160
  - Hau Giang: 160
  - Hoa Binh: 160
  - Hung Yen: 160
  - Khanh Hoa: 160
  - Kien Giang: 160
  - Kon Tum: 160
  - Lai Chau: 160
  - Lam Dong: 160
  - Lang Son: 160
  - Lao Cai: 160
  - Long An: 159
  - Nam Dinh: 159
  - Nghe An: 159
  - Ninh Binh: 159
  - Ninh Thuan: 159
  - Phu Tho: 159
  - Phu Yen: 159
  - Quang Binh: 159
  - Quang Nam: 159
  - Quang Ngai: 159
  - Quang Ninh: 159
  - Quang Tri: 159
  - Soc Trang: 159
  - Son La: 159
  - Tay Ninh: 159
  - Thai Binh: 159
  - Thai Nguyen: 159
  - Thanh Hoa: 159
  - Thua Thien Hue: 159
  - Tien Giang: 159
  - Tra Vinh: 159
  - Tuyen Quang: 159
  - Vinh Long: 159
  - Vinh Phuc: 159
  - Yen Bai: 159
[Bootstrap] Progress:
  - Hanoi: 162
  - Ho Chi Minh: 162
  - Hai Phong: 162
  - Da Nang: 162
  - Can Tho: 161
  - An Giang: 161
  - Ba Ria - Vung Tau: 161
  - Bac Giang: 161
  - Bac Kan: 161
  - Bac Lieu: 161
  - Bac Ninh: 161
  - Ben Tre: 161
  - Binh Dinh: 161
  - Binh Duong: 161
  - Binh Phuoc: 161
  - Binh Thuan: 161
  - Ca Mau: 161
  - Cao Bang: 161
  - Dak Lak: 161
  - Dak Nong: 161
  - Dien Bien: 161
  - Dong Nai: 161
  - Dong Thap: 161
  - Gia Lai: 161
  - Ha Giang: 161
  - Ha Nam: 161
  - Ha Tinh: 161
  - Hai Duong: 161
  - Hau Giang: 161
  - Hoa Binh: 161
  - Hung Yen: 161
  - Khanh Hoa: 161
  - Kien Giang: 161
  - Kon Tum: 161
  - Lai Chau: 161
  - Lam Dong: 161
  - Lang Son: 161
  - Lao Cai: 161
  - Long An: 160
  - Nam Dinh: 160
  - Nghe An: 160
  - Ninh Binh: 160
  - Ninh Thuan: 160
  - Phu Tho: 160
  - Phu Yen: 160
  - Quang Binh: 160
  - Quang Nam: 160
  - Quang Ngai: 160
  - Quang Ninh: 160
  - Quang Tri: 160
  - Soc Trang: 160
  - Son La: 160
  - Tay Ninh: 160
  - Thai Binh: 160
  - Thai Nguyen: 160
  - Thanh Hoa: 160
  - Thua Thien Hue: 160
  - Tien Giang: 160
  - Tra Vinh: 160
  - Tuyen Quang: 160
  - Vinh Long: 160
  - Vinh Phuc: 160
  - Yen Bai: 160
[Bootstrap] Progress:
  - Hanoi: 163
  - Ho Chi Minh: 163
  - Hai Phong: 163
  - Da Nang: 163
  - Can Tho: 162
  - An Giang: 162
  - Ba Ria - Vung Tau: 162
  - Bac Giang: 162
  - Bac Kan: 162
  - Bac Lieu: 162
  - Bac Ninh: 162
  - Ben Tre: 162
  - Binh Dinh: 162
  - Binh Duong: 162
  - Binh Phuoc: 162
  - Binh Thuan: 162
  - Ca Mau: 162
  - Cao Bang: 162
  - Dak Lak: 162
  - Dak Nong: 162
  - Dien Bien: 162
  - Dong Nai: 162
  - Dong Thap: 162
  - Gia Lai: 162
  - Ha Giang: 162
  - Ha Nam: 162
  - Ha Tinh: 162
  - Hai Duong: 162
  - Hau Giang: 162
  - Hoa Binh: 162
  - Hung Yen: 162
  - Khanh Hoa: 162
  - Kien Giang: 162
  - Kon Tum: 162
  - Lai Chau: 162
  - Lam Dong: 162
  - Lang Son: 162
  - Lao Cai: 162
  - Long An: 161
  - Nam Dinh: 161
  - Nghe An: 161
  - Ninh Binh: 161
  - Ninh Thuan: 161
  - Phu Tho: 161
  - Phu Yen: 161
  - Quang Binh: 161
  - Quang Nam: 161
  - Quang Ngai: 161
  - Quang Ninh: 161
  - Quang Tri: 161
  - Soc Trang: 161
  - Son La: 161
  - Tay Ninh: 161
  - Thai Binh: 161
  - Thai Nguyen: 161
  - Thanh Hoa: 161
  - Thua Thien Hue: 161
  - Tien Giang: 161
  - Tra Vinh: 161
  - Tuyen Quang: 161
  - Vinh Long: 161
  - Vinh Phuc: 161
  - Yen Bai: 161
[Bootstrap] Progress:
  - Hanoi: 164
  - Ho Chi Minh: 164
  - Hai Phong: 164
  - Da Nang: 164
  - Can Tho: 163
  - An Giang: 163
  - Ba Ria - Vung Tau: 163
  - Bac Giang: 163
  - Bac Kan: 163
  - Bac Lieu: 163
  - Bac Ninh: 163
  - Ben Tre: 163
  - Binh Dinh: 163
  - Binh Duong: 163
  - Binh Phuoc: 163
  - Binh Thuan: 163
  - Ca Mau: 163
  - Cao Bang: 163
  - Dak Lak: 163
  - Dak Nong: 163
  - Dien Bien: 163
  - Dong Nai: 163
  - Dong Thap: 163
  - Gia Lai: 163
  - Ha Giang: 163
  - Ha Nam: 163
  - Ha Tinh: 163
  - Hai Duong: 163
  - Hau Giang: 163
  - Hoa Binh: 163
  - Hung Yen: 163
  - Khanh Hoa: 163
  - Kien Giang: 163
  - Kon Tum: 163
  - Lai Chau: 163
  - Lam Dong: 163
  - Lang Son: 163
  - Lao Cai: 163
  - Long An: 162
  - Nam Dinh: 162
  - Nghe An: 162
  - Ninh Binh: 162
  - Ninh Thuan: 162
  - Phu Tho: 162
  - Phu Yen: 162
  - Quang Binh: 162
  - Quang Nam: 162
  - Quang Ngai: 162
  - Quang Ninh: 162
  - Quang Tri: 162
  - Soc Trang: 162
  - Son La: 162
  - Tay Ninh: 162
  - Thai Binh: 162
  - Thai Nguyen: 162
  - Thanh Hoa: 162
  - Thua Thien Hue: 162
  - Tien Giang: 162
  - Tra Vinh: 162
  - Tuyen Quang: 162
  - Vinh Long: 162
  - Vinh Phuc: 162
  - Yen Bai: 162
[Bootstrap] Progress:
  - Hanoi: 165
  - Ho Chi Minh: 165
  - Hai Phong: 165
  - Da Nang: 165
  - Can Tho: 164
  - An Giang: 164
  - Ba Ria - Vung Tau: 164
  - Bac Giang: 164
  - Bac Kan: 164
  - Bac Lieu: 164
  - Bac Ninh: 164
  - Ben Tre: 164
  - Binh Dinh: 164
  - Binh Duong: 164
  - Binh Phuoc: 164
  - Binh Thuan: 164
  - Ca Mau: 164
  - Cao Bang: 164
  - Dak Lak: 164
  - Dak Nong: 164
  - Dien Bien: 164
  - Dong Nai: 164
  - Dong Thap: 164
  - Gia Lai: 164
  - Ha Giang: 164
  - Ha Nam: 164
  - Ha Tinh: 164
  - Hai Duong: 164
  - Hau Giang: 164
  - Hoa Binh: 164
  - Hung Yen: 164
  - Khanh Hoa: 164
  - Kien Giang: 164
  - Kon Tum: 164
  - Lai Chau: 164
  - Lam Dong: 164
  - Lang Son: 164
  - Lao Cai: 164
  - Long An: 163
  - Nam Dinh: 163
  - Nghe An: 163
  - Ninh Binh: 163
  - Ninh Thuan: 163
  - Phu Tho: 163
  - Phu Yen: 163
  - Quang Binh: 163
  - Quang Nam: 163
  - Quang Ngai: 163
  - Quang Ninh: 163
  - Quang Tri: 163
  - Soc Trang: 163
  - Son La: 163
  - Tay Ninh: 163
  - Thai Binh: 163
  - Thai Nguyen: 163
  - Thanh Hoa: 163
  - Thua Thien Hue: 163
  - Tien Giang: 163
  - Tra Vinh: 163
  - Tuyen Quang: 163
  - Vinh Long: 163
  - Vinh Phuc: 163
  - Yen Bai: 163
[Bootstrap] Progress:
  - Hanoi: 166
  - Ho Chi Minh: 166
  - Hai Phong: 166
  - Da Nang: 166
  - Can Tho: 165
  - An Giang: 165
  - Ba Ria - Vung Tau: 165
  - Bac Giang: 165
  - Bac Kan: 165
  - Bac Lieu: 165
  - Bac Ninh: 165
  - Ben Tre: 165
  - Binh Dinh: 165
  - Binh Duong: 165
  - Binh Phuoc: 165
  - Binh Thuan: 165
  - Ca Mau: 165
  - Cao Bang: 165
  - Dak Lak: 165
  - Dak Nong: 165
  - Dien Bien: 165
  - Dong Nai: 165
  - Dong Thap: 165
  - Gia Lai: 165
  - Ha Giang: 165
  - Ha Nam: 165
  - Ha Tinh: 165
  - Hai Duong: 165
  - Hau Giang: 165
  - Hoa Binh: 165
  - Hung Yen: 165
  - Khanh Hoa: 165
  - Kien Giang: 165
  - Kon Tum: 165
  - Lai Chau: 165
  - Lam Dong: 165
  - Lang Son: 165
  - Lao Cai: 165
  - Long An: 164
  - Nam Dinh: 164
  - Nghe An: 164
  - Ninh Binh: 164
  - Ninh Thuan: 164
  - Phu Tho: 164
  - Phu Yen: 164
  - Quang Binh: 164
  - Quang Nam: 164
  - Quang Ngai: 164
  - Quang Ninh: 164
  - Quang Tri: 164
  - Soc Trang: 164
  - Son La: 164
  - Tay Ninh: 164
  - Thai Binh: 164
  - Thai Nguyen: 164
  - Thanh Hoa: 164
  - Thua Thien Hue: 164
  - Tien Giang: 164
  - Tra Vinh: 164
  - Tuyen Quang: 164
  - Vinh Long: 164
  - Vinh Phuc: 164
  - Yen Bai: 164
[Bootstrap] Progress:
  - Hanoi: 167
  - Ho Chi Minh: 167
  - Hai Phong: 167
  - Da Nang: 167
  - Can Tho: 166
  - An Giang: 166
  - Ba Ria - Vung Tau: 166
  - Bac Giang: 166
  - Bac Kan: 166
  - Bac Lieu: 166
  - Bac Ninh: 166
  - Ben Tre: 166
  - Binh Dinh: 166
  - Binh Duong: 166
  - Binh Phuoc: 166
  - Binh Thuan: 166
  - Ca Mau: 166
  - Cao Bang: 166
  - Dak Lak: 166
  - Dak Nong: 166
  - Dien Bien: 166
  - Dong Nai: 166
  - Dong Thap: 166
  - Gia Lai: 166
  - Ha Giang: 166
  - Ha Nam: 166
  - Ha Tinh: 166
  - Hai Duong: 166
  - Hau Giang: 166
  - Hoa Binh: 166
  - Hung Yen: 166
  - Khanh Hoa: 166
  - Kien Giang: 166
  - Kon Tum: 166
  - Lai Chau: 166
  - Lam Dong: 166
  - Lang Son: 166
  - Lao Cai: 166
  - Long An: 165
  - Nam Dinh: 165
  - Nghe An: 165
  - Ninh Binh: 165
  - Ninh Thuan: 165
  - Phu Tho: 165
  - Phu Yen: 165
  - Quang Binh: 165
  - Quang Nam: 165
  - Quang Ngai: 165
  - Quang Ninh: 165
  - Quang Tri: 165
  - Soc Trang: 165
  - Son La: 165
  - Tay Ninh: 165
  - Thai Binh: 165
  - Thai Nguyen: 165
  - Thanh Hoa: 165
  - Thua Thien Hue: 165
  - Tien Giang: 165
  - Tra Vinh: 165
  - Tuyen Quang: 165
  - Vinh Long: 165
  - Vinh Phuc: 165
  - Yen Bai: 165
[Bootstrap] Progress:
  - Hanoi: 168
  - Ho Chi Minh: 168
  - Hai Phong: 168
  - Da Nang: 168
  - Can Tho: 167
  - An Giang: 167
  - Ba Ria - Vung Tau: 167
  - Bac Giang: 167
  - Bac Kan: 167
  - Bac Lieu: 167
  - Bac Ninh: 167
  - Ben Tre: 167
  - Binh Dinh: 167
  - Binh Duong: 167
  - Binh Phuoc: 167
  - Binh Thuan: 167
  - Ca Mau: 167
  - Cao Bang: 167
  - Dak Lak: 167
  - Dak Nong: 167
  - Dien Bien: 167
  - Dong Nai: 167
  - Dong Thap: 167
  - Gia Lai: 167
  - Ha Giang: 167
  - Ha Nam: 167
  - Ha Tinh: 167
  - Hai Duong: 167
  - Hau Giang: 167
  - Hoa Binh: 167
  - Hung Yen: 167
  - Khanh Hoa: 167
  - Kien Giang: 167
  - Kon Tum: 167
  - Lai Chau: 167
  - Lam Dong: 167
  - Lang Son: 167
  - Lao Cai: 167
  - Long An: 166
  - Nam Dinh: 166
  - Nghe An: 166
  - Ninh Binh: 166
  - Ninh Thuan: 166
  - Phu Tho: 166
  - Phu Yen: 166
  - Quang Binh: 166
  - Quang Nam: 166
  - Quang Ngai: 166
  - Quang Ninh: 166
  - Quang Tri: 166
  - Soc Trang: 166
  - Son La: 166
  - Tay Ninh: 166
  - Thai Binh: 166
  - Thai Nguyen: 166
  - Thanh Hoa: 166
  - Thua Thien Hue: 166
  - Tien Giang: 166
  - Tra Vinh: 166
  - Tuyen Quang: 166
  - Vinh Long: 166
  - Vinh Phuc: 166
  - Yen Bai: 166
[Bootstrap] Progress:
  - Hanoi: 170
  - Ho Chi Minh: 170
  - Hai Phong: 170
  - Da Nang: 170
  - Can Tho: 169
  - An Giang: 169
  - Ba Ria - Vung Tau: 169
  - Bac Giang: 169
  - Bac Kan: 169
  - Bac Lieu: 169
  - Bac Ninh: 169
  - Ben Tre: 169
  - Binh Dinh: 169
  - Binh Duong: 168
  - Binh Phuoc: 168
  - Binh Thuan: 168
  - Ca Mau: 168
  - Cao Bang: 168
  - Dak Lak: 168
  - Dak Nong: 168
  - Dien Bien: 168
  - Dong Nai: 168
  - Dong Thap: 168
  - Gia Lai: 168
  - Ha Giang: 168
  - Ha Nam: 168
  - Ha Tinh: 168
  - Hai Duong: 168
  - Hau Giang: 168
  - Hoa Binh: 168
  - Hung Yen: 168
  - Khanh Hoa: 168
  - Kien Giang: 168
  - Kon Tum: 168
  - Lai Chau: 168
  - Lam Dong: 168
  - Lang Son: 168
  - Lao Cai: 168
  - Long An: 167
  - Nam Dinh: 167
  - Nghe An: 167
  - Ninh Binh: 167
  - Ninh Thuan: 167
  - Phu Tho: 167
  - Phu Yen: 167
  - Quang Binh: 167
  - Quang Nam: 167
  - Quang Ngai: 167
  - Quang Ninh: 167
  - Quang Tri: 167
  - Soc Trang: 167
  - Son La: 167
  - Tay Ninh: 167
  - Thai Binh: 167
  - Thai Nguyen: 167
  - Thanh Hoa: 167
  - Thua Thien Hue: 167
  - Tien Giang: 167
  - Tra Vinh: 167
  - Tuyen Quang: 167
  - Vinh Long: 167
  - Vinh Phuc: 167
  - Yen Bai: 167
[Bootstrap] Progress:
  - Hanoi: 172
  - Ho Chi Minh: 172
  - Hai Phong: 172
  - Da Nang: 172
  - Can Tho: 171
  - An Giang: 171
  - Ba Ria - Vung Tau: 171
  - Bac Giang: 171
  - Bac Kan: 171
  - Bac Lieu: 171
  - Bac Ninh: 171
  - Ben Tre: 171
  - Binh Dinh: 171
  - Binh Duong: 171
  - Binh Phuoc: 171
  - Binh Thuan: 171
  - Ca Mau: 171
  - Cao Bang: 171
  - Dak Lak: 171
  - Dak Nong: 171
  - Dien Bien: 171
  - Dong Nai: 171
  - Dong Thap: 171
  - Gia Lai: 171
  - Ha Giang: 171
  - Ha Nam: 171
  - Ha Tinh: 171
  - Hai Duong: 171
  - Hau Giang: 171
  - Hoa Binh: 171
  - Hung Yen: 171
  - Khanh Hoa: 171
  - Kien Giang: 171
  - Kon Tum: 171
  - Lai Chau: 171
  - Lam Dong: 171
  - Lang Son: 171
  - Lao Cai: 171
  - Long An: 170
  - Nam Dinh: 170
  - Nghe An: 170
  - Ninh Binh: 170
  - Ninh Thuan: 170
  - Phu Tho: 170
  - Phu Yen: 170
  - Quang Binh: 170
  - Quang Nam: 170
  - Quang Ngai: 170
  - Quang Ninh: 170
  - Quang Tri: 170
  - Soc Trang: 170
  - Son La: 170
  - Tay Ninh: 170
  - Thai Binh: 170
  - Thai Nguyen: 170
  - Thanh Hoa: 170
  - Thua Thien Hue: 170
  - Tien Giang: 170
  - Tra Vinh: 170
  - Tuyen Quang: 170
  - Vinh Long: 170
  - Vinh Phuc: 170
  - Yen Bai: 170
[Bootstrap] Progress:
  - Hanoi: 173
  - Ho Chi Minh: 173
  - Hai Phong: 173
  - Da Nang: 173
  - Can Tho: 172
  - An Giang: 172
  - Ba Ria - Vung Tau: 172
  - Bac Giang: 172
  - Bac Kan: 172
  - Bac Lieu: 172
  - Bac Ninh: 172
  - Ben Tre: 172
  - Binh Dinh: 172
  - Binh Duong: 172
  - Binh Phuoc: 172
  - Binh Thuan: 172
  - Ca Mau: 172
  - Cao Bang: 172
  - Dak Lak: 172
  - Dak Nong: 172
  - Dien Bien: 172
  - Dong Nai: 172
  - Dong Thap: 172
  - Gia Lai: 172
  - Ha Giang: 172
  - Ha Nam: 172
  - Ha Tinh: 172
  - Hai Duong: 172
  - Hau Giang: 172
  - Hoa Binh: 172
  - Hung Yen: 172
  - Khanh Hoa: 172
  - Kien Giang: 172
  - Kon Tum: 172
  - Lai Chau: 172
  - Lam Dong: 172
  - Lang Son: 172
  - Lao Cai: 172
  - Long An: 171
  - Nam Dinh: 171
  - Nghe An: 171
  - Ninh Binh: 171
  - Ninh Thuan: 171
  - Phu Tho: 171
  - Phu Yen: 171
  - Quang Binh: 171
  - Quang Nam: 171
  - Quang Ngai: 171
  - Quang Ninh: 171
  - Quang Tri: 171
  - Soc Trang: 171
  - Son La: 171
  - Tay Ninh: 171
  - Thai Binh: 171
  - Thai Nguyen: 171
  - Thanh Hoa: 171
  - Thua Thien Hue: 171
  - Tien Giang: 171
  - Tra Vinh: 171
  - Tuyen Quang: 171
  - Vinh Long: 171
  - Vinh Phuc: 171
  - Yen Bai: 171
[Bootstrap] Progress:
  - Hanoi: 174
  - Ho Chi Minh: 174
  - Hai Phong: 174
  - Da Nang: 174
  - Can Tho: 173
  - An Giang: 173
  - Ba Ria - Vung Tau: 173
  - Bac Giang: 173
  - Bac Kan: 173
  - Bac Lieu: 173
  - Bac Ninh: 173
  - Ben Tre: 173
  - Binh Dinh: 173
  - Binh Duong: 173
  - Binh Phuoc: 173
  - Binh Thuan: 173
  - Ca Mau: 173
  - Cao Bang: 173
  - Dak Lak: 173
  - Dak Nong: 173
  - Dien Bien: 173
  - Dong Nai: 173
  - Dong Thap: 173
  - Gia Lai: 173
  - Ha Giang: 173
  - Ha Nam: 173
  - Ha Tinh: 173
  - Hai Duong: 173
  - Hau Giang: 173
  - Hoa Binh: 173
  - Hung Yen: 173
  - Khanh Hoa: 173
  - Kien Giang: 173
  - Kon Tum: 173
  - Lai Chau: 173
  - Lam Dong: 173
  - Lang Son: 173
  - Lao Cai: 173
  - Long An: 172
  - Nam Dinh: 172
  - Nghe An: 172
  - Ninh Binh: 172
  - Ninh Thuan: 172
  - Phu Tho: 172
  - Phu Yen: 172
  - Quang Binh: 172
  - Quang Nam: 172
  - Quang Ngai: 172
  - Quang Ninh: 172
  - Quang Tri: 172
  - Soc Trang: 172
  - Son La: 172
  - Tay Ninh: 172
  - Thai Binh: 172
  - Thai Nguyen: 172
  - Thanh Hoa: 172
  - Thua Thien Hue: 172
  - Tien Giang: 172
  - Tra Vinh: 172
  - Tuyen Quang: 172
  - Vinh Long: 172
  - Vinh Phuc: 172
  - Yen Bai: 172
[Bootstrap] Progress:
  - Hanoi: 175
  - Ho Chi Minh: 175
  - Hai Phong: 175
  - Da Nang: 175
  - Can Tho: 174
  - An Giang: 174
  - Ba Ria - Vung Tau: 174
  - Bac Giang: 174
  - Bac Kan: 174
  - Bac Lieu: 174
  - Bac Ninh: 174
  - Ben Tre: 174
  - Binh Dinh: 174
  - Binh Duong: 174
  - Binh Phuoc: 174
  - Binh Thuan: 174
  - Ca Mau: 174
  - Cao Bang: 174
  - Dak Lak: 174
  - Dak Nong: 174
  - Dien Bien: 174
  - Dong Nai: 174
  - Dong Thap: 174
  - Gia Lai: 174
  - Ha Giang: 174
  - Ha Nam: 174
  - Ha Tinh: 174
  - Hai Duong: 174
  - Hau Giang: 174
  - Hoa Binh: 174
  - Hung Yen: 174
  - Khanh Hoa: 174
  - Kien Giang: 174
  - Kon Tum: 174
  - Lai Chau: 174
  - Lam Dong: 174
  - Lang Son: 174
  - Lao Cai: 174
  - Long An: 173
  - Nam Dinh: 173
  - Nghe An: 173
  - Ninh Binh: 173
  - Ninh Thuan: 173
  - Phu Tho: 173
  - Phu Yen: 173
  - Quang Binh: 173
  - Quang Nam: 173
  - Quang Ngai: 173
  - Quang Ninh: 173
  - Quang Tri: 173
  - Soc Trang: 173
  - Son La: 173
  - Tay Ninh: 173
  - Thai Binh: 173
  - Thai Nguyen: 173
  - Thanh Hoa: 173
  - Thua Thien Hue: 173
  - Tien Giang: 173
  - Tra Vinh: 173
  - Tuyen Quang: 173
  - Vinh Long: 173
  - Vinh Phuc: 173
  - Yen Bai: 173
[Bootstrap] Progress:
  - Hanoi: 176
  - Ho Chi Minh: 176
  - Hai Phong: 176
  - Da Nang: 176
  - Can Tho: 175
  - An Giang: 175
  - Ba Ria - Vung Tau: 175
  - Bac Giang: 175
  - Bac Kan: 175
  - Bac Lieu: 175
  - Bac Ninh: 175
  - Ben Tre: 175
  - Binh Dinh: 175
  - Binh Duong: 175
  - Binh Phuoc: 175
  - Binh Thuan: 175
  - Ca Mau: 175
  - Cao Bang: 175
  - Dak Lak: 175
  - Dak Nong: 175
  - Dien Bien: 175
  - Dong Nai: 175
  - Dong Thap: 175
  - Gia Lai: 175
  - Ha Giang: 175
  - Ha Nam: 175
  - Ha Tinh: 175
  - Hai Duong: 175
  - Hau Giang: 175
  - Hoa Binh: 175
  - Hung Yen: 175
  - Khanh Hoa: 175
  - Kien Giang: 175
  - Kon Tum: 175
  - Lai Chau: 175
  - Lam Dong: 175
  - Lang Son: 175
  - Lao Cai: 175
  - Long An: 174
  - Nam Dinh: 174
  - Nghe An: 174
  - Ninh Binh: 174
  - Ninh Thuan: 174
  - Phu Tho: 174
  - Phu Yen: 174
  - Quang Binh: 174
  - Quang Nam: 174
  - Quang Ngai: 174
  - Quang Ninh: 174
  - Quang Tri: 174
  - Soc Trang: 174
  - Son La: 174
  - Tay Ninh: 174
  - Thai Binh: 174
  - Thai Nguyen: 174
  - Thanh Hoa: 174
  - Thua Thien Hue: 174
  - Tien Giang: 174
  - Tra Vinh: 174
  - Tuyen Quang: 174
  - Vinh Long: 174
  - Vinh Phuc: 174
  - Yen Bai: 174
[Bootstrap] Progress:
  - Hanoi: 177
  - Ho Chi Minh: 177
  - Hai Phong: 177
  - Da Nang: 177
  - Can Tho: 176
  - An Giang: 176
  - Ba Ria - Vung Tau: 176
  - Bac Giang: 176
  - Bac Kan: 176
  - Bac Lieu: 176
  - Bac Ninh: 176
  - Ben Tre: 176
  - Binh Dinh: 176
  - Binh Duong: 176
  - Binh Phuoc: 176
  - Binh Thuan: 176
  - Ca Mau: 176
  - Cao Bang: 176
  - Dak Lak: 176
  - Dak Nong: 176
  - Dien Bien: 176
  - Dong Nai: 176
  - Dong Thap: 176
  - Gia Lai: 176
  - Ha Giang: 176
  - Ha Nam: 176
  - Ha Tinh: 176
  - Hai Duong: 176
  - Hau Giang: 176
  - Hoa Binh: 176
  - Hung Yen: 176
  - Khanh Hoa: 176
  - Kien Giang: 176
  - Kon Tum: 176
  - Lai Chau: 176
  - Lam Dong: 176
  - Lang Son: 176
  - Lao Cai: 176
  - Long An: 175
  - Nam Dinh: 175
  - Nghe An: 175
  - Ninh Binh: 175
  - Ninh Thuan: 175
  - Phu Tho: 175
  - Phu Yen: 175
  - Quang Binh: 175
  - Quang Nam: 175
  - Quang Ngai: 175
  - Quang Ninh: 175
  - Quang Tri: 175
  - Soc Trang: 175
  - Son La: 175
  - Tay Ninh: 175
  - Thai Binh: 175
  - Thai Nguyen: 175
  - Thanh Hoa: 175
  - Thua Thien Hue: 175
  - Tien Giang: 175
  - Tra Vinh: 175
  - Tuyen Quang: 175
  - Vinh Long: 175
  - Vinh Phuc: 175
  - Yen Bai: 175
[Bootstrap] Progress:
  - Hanoi: 178
  - Ho Chi Minh: 178
  - Hai Phong: 178
  - Da Nang: 178
  - Can Tho: 177
  - An Giang: 177
  - Ba Ria - Vung Tau: 177
  - Bac Giang: 177
  - Bac Kan: 177
  - Bac Lieu: 177
  - Bac Ninh: 177
  - Ben Tre: 177
  - Binh Dinh: 177
  - Binh Duong: 177
  - Binh Phuoc: 177
  - Binh Thuan: 177
  - Ca Mau: 177
  - Cao Bang: 177
  - Dak Lak: 177
  - Dak Nong: 177
  - Dien Bien: 177
  - Dong Nai: 177
  - Dong Thap: 177
  - Gia Lai: 177
  - Ha Giang: 177
  - Ha Nam: 177
  - Ha Tinh: 177
  - Hai Duong: 177
  - Hau Giang: 177
  - Hoa Binh: 177
  - Hung Yen: 177
  - Khanh Hoa: 177
  - Kien Giang: 177
  - Kon Tum: 177
  - Lai Chau: 177
  - Lam Dong: 177
  - Lang Son: 177
  - Lao Cai: 177
  - Long An: 176
  - Nam Dinh: 176
  - Nghe An: 176
  - Ninh Binh: 176
  - Ninh Thuan: 176
  - Phu Tho: 176
  - Phu Yen: 176
  - Quang Binh: 176
  - Quang Nam: 176
  - Quang Ngai: 176
  - Quang Ninh: 176
  - Quang Tri: 176
  - Soc Trang: 176
  - Son La: 176
  - Tay Ninh: 176
  - Thai Binh: 176
  - Thai Nguyen: 176
  - Thanh Hoa: 176
  - Thua Thien Hue: 176
  - Tien Giang: 176
  - Tra Vinh: 176
  - Tuyen Quang: 176
  - Vinh Long: 176
  - Vinh Phuc: 176
  - Yen Bai: 176
[Bootstrap] Progress:
  - Hanoi: 179
  - Ho Chi Minh: 179
  - Hai Phong: 179
  - Da Nang: 179
  - Can Tho: 178
  - An Giang: 178
  - Ba Ria - Vung Tau: 178
  - Bac Giang: 178
  - Bac Kan: 178
  - Bac Lieu: 178
  - Bac Ninh: 178
  - Ben Tre: 178
  - Binh Dinh: 178
  - Binh Duong: 178
  - Binh Phuoc: 178
  - Binh Thuan: 178
  - Ca Mau: 178
  - Cao Bang: 178
  - Dak Lak: 178
  - Dak Nong: 178
  - Dien Bien: 178
  - Dong Nai: 178
  - Dong Thap: 178
  - Gia Lai: 178
  - Ha Giang: 178
  - Ha Nam: 178
  - Ha Tinh: 178
  - Hai Duong: 178
  - Hau Giang: 178
  - Hoa Binh: 178
  - Hung Yen: 178
  - Khanh Hoa: 178
  - Kien Giang: 178
  - Kon Tum: 178
  - Lai Chau: 178
  - Lam Dong: 178
  - Lang Son: 178
  - Lao Cai: 178
  - Long An: 177
  - Nam Dinh: 177
  - Nghe An: 177
  - Ninh Binh: 177
  - Ninh Thuan: 177
  - Phu Tho: 177
  - Phu Yen: 177
  - Quang Binh: 177
  - Quang Nam: 177
  - Quang Ngai: 177
  - Quang Ninh: 177
  - Quang Tri: 177
  - Soc Trang: 177
  - Son La: 177
  - Tay Ninh: 177
  - Thai Binh: 177
  - Thai Nguyen: 177
  - Thanh Hoa: 177
  - Thua Thien Hue: 177
  - Tien Giang: 177
  - Tra Vinh: 177
  - Tuyen Quang: 177
  - Vinh Long: 177
  - Vinh Phuc: 177
  - Yen Bai: 177
[Bootstrap] Progress:
  - Hanoi: 180
  - Ho Chi Minh: 180
  - Hai Phong: 180
  - Da Nang: 180
  - Can Tho: 179
  - An Giang: 179
  - Ba Ria - Vung Tau: 179
  - Bac Giang: 179
  - Bac Kan: 179
  - Bac Lieu: 179
  - Bac Ninh: 179
  - Ben Tre: 179
  - Binh Dinh: 179
  - Binh Duong: 179
  - Binh Phuoc: 179
  - Binh Thuan: 179
  - Ca Mau: 179
  - Cao Bang: 179
  - Dak Lak: 179
  - Dak Nong: 179
  - Dien Bien: 179
  - Dong Nai: 179
  - Dong Thap: 179
  - Gia Lai: 179
  - Ha Giang: 179
  - Ha Nam: 179
  - Ha Tinh: 179
  - Hai Duong: 179
  - Hau Giang: 179
  - Hoa Binh: 179
  - Hung Yen: 179
  - Khanh Hoa: 179
  - Kien Giang: 179
  - Kon Tum: 179
  - Lai Chau: 179
  - Lam Dong: 179
  - Lang Son: 179
  - Lao Cai: 179
  - Long An: 178
  - Nam Dinh: 178
  - Nghe An: 178
  - Ninh Binh: 178
  - Ninh Thuan: 178
  - Phu Tho: 178
  - Phu Yen: 178
  - Quang Binh: 178
  - Quang Nam: 178
  - Quang Ngai: 178
  - Quang Ninh: 178
  - Quang Tri: 178
  - Soc Trang: 178
  - Son La: 178
  - Tay Ninh: 178
  - Thai Binh: 178
  - Thai Nguyen: 178
  - Thanh Hoa: 178
  - Thua Thien Hue: 178
  - Tien Giang: 178
  - Tra Vinh: 178
  - Tuyen Quang: 178
  - Vinh Long: 178
  - Vinh Phuc: 178
  - Yen Bai: 178
[Bootstrap] Progress:
  - Hanoi: 181
  - Ho Chi Minh: 181
  - Hai Phong: 181
  - Da Nang: 181
  - Can Tho: 180
  - An Giang: 180
  - Ba Ria - Vung Tau: 180
  - Bac Giang: 180
  - Bac Kan: 180
  - Bac Lieu: 180
  - Bac Ninh: 180
  - Ben Tre: 180
  - Binh Dinh: 180
  - Binh Duong: 180
  - Binh Phuoc: 180
  - Binh Thuan: 180
  - Ca Mau: 180
  - Cao Bang: 180
  - Dak Lak: 180
  - Dak Nong: 180
  - Dien Bien: 180
  - Dong Nai: 180
  - Dong Thap: 180
  - Gia Lai: 180
  - Ha Giang: 180
  - Ha Nam: 180
  - Ha Tinh: 180
  - Hai Duong: 180
  - Hau Giang: 180
  - Hoa Binh: 180
  - Hung Yen: 180
  - Khanh Hoa: 180
  - Kien Giang: 180
  - Kon Tum: 180
  - Lai Chau: 180
  - Lam Dong: 180
  - Lang Son: 180
  - Lao Cai: 180
  - Long An: 179
  - Nam Dinh: 179
  - Nghe An: 179
  - Ninh Binh: 179
  - Ninh Thuan: 179
  - Phu Tho: 179
  - Phu Yen: 179
  - Quang Binh: 179
  - Quang Nam: 179
  - Quang Ngai: 179
  - Quang Ninh: 179
  - Quang Tri: 179
  - Soc Trang: 179
  - Son La: 179
  - Tay Ninh: 179
  - Thai Binh: 179
  - Thai Nguyen: 179
  - Thanh Hoa: 179
  - Thua Thien Hue: 179
  - Tien Giang: 179
  - Tra Vinh: 179
  - Tuyen Quang: 179
  - Vinh Long: 179
  - Vinh Phuc: 179
  - Yen Bai: 179
[Bootstrap] Progress:
  - Hanoi: 182
  - Ho Chi Minh: 182
  - Hai Phong: 182
  - Da Nang: 182
  - Can Tho: 181
  - An Giang: 181
  - Ba Ria - Vung Tau: 181
  - Bac Giang: 181
  - Bac Kan: 181
  - Bac Lieu: 181
  - Bac Ninh: 181
  - Ben Tre: 181
  - Binh Dinh: 181
  - Binh Duong: 181
  - Binh Phuoc: 181
  - Binh Thuan: 181
  - Ca Mau: 181
  - Cao Bang: 181
  - Dak Lak: 181
  - Dak Nong: 181
  - Dien Bien: 181
  - Dong Nai: 181
  - Dong Thap: 181
  - Gia Lai: 181
  - Ha Giang: 181
  - Ha Nam: 181
  - Ha Tinh: 181
  - Hai Duong: 181
  - Hau Giang: 181
  - Hoa Binh: 181
  - Hung Yen: 181
  - Khanh Hoa: 181
  - Kien Giang: 181
  - Kon Tum: 181
  - Lai Chau: 181
  - Lam Dong: 181
  - Lang Son: 181
  - Lao Cai: 181
  - Long An: 180
  - Nam Dinh: 180
  - Nghe An: 180
  - Ninh Binh: 180
  - Ninh Thuan: 180
  - Phu Tho: 180
  - Phu Yen: 180
  - Quang Binh: 180
  - Quang Nam: 180
  - Quang Ngai: 180
  - Quang Ninh: 180
  - Quang Tri: 180
  - Soc Trang: 180
  - Son La: 180
  - Tay Ninh: 180
  - Thai Binh: 180
  - Thai Nguyen: 180
  - Thanh Hoa: 180
  - Thua Thien Hue: 180
  - Tien Giang: 180
  - Tra Vinh: 180
  - Tuyen Quang: 180
  - Vinh Long: 180
  - Vinh Phuc: 180
  - Yen Bai: 180
[Bootstrap] Progress:
  - Hanoi: 183
  - Ho Chi Minh: 183
  - Hai Phong: 183
  - Da Nang: 183
  - Can Tho: 182
  - An Giang: 182
  - Ba Ria - Vung Tau: 182
  - Bac Giang: 182
  - Bac Kan: 182
  - Bac Lieu: 182
  - Bac Ninh: 182
  - Ben Tre: 182
  - Binh Dinh: 182
  - Binh Duong: 182
  - Binh Phuoc: 182
  - Binh Thuan: 182
  - Ca Mau: 182
  - Cao Bang: 182
  - Dak Lak: 182
  - Dak Nong: 182
  - Dien Bien: 182
  - Dong Nai: 182
  - Dong Thap: 182
  - Gia Lai: 182
  - Ha Giang: 182
  - Ha Nam: 182
  - Ha Tinh: 182
  - Hai Duong: 182
  - Hau Giang: 182
  - Hoa Binh: 182
  - Hung Yen: 182
  - Khanh Hoa: 182
  - Kien Giang: 182
  - Kon Tum: 182
  - Lai Chau: 182
  - Lam Dong: 182
  - Lang Son: 182
  - Lao Cai: 182
  - Long An: 181
  - Nam Dinh: 181
  - Nghe An: 181
  - Ninh Binh: 181
  - Ninh Thuan: 181
  - Phu Tho: 181
  - Phu Yen: 181
  - Quang Binh: 181
  - Quang Nam: 181
  - Quang Ngai: 181
  - Quang Ninh: 181
  - Quang Tri: 181
  - Soc Trang: 181
  - Son La: 181
  - Tay Ninh: 181
  - Thai Binh: 181
  - Thai Nguyen: 181
  - Thanh Hoa: 181
  - Thua Thien Hue: 181
  - Tien Giang: 181
  - Tra Vinh: 181
  - Tuyen Quang: 181
  - Vinh Long: 181
  - Vinh Phuc: 181
  - Yen Bai: 181
[Bootstrap] Progress:
  - Hanoi: 186
  - Ho Chi Minh: 186
  - Hai Phong: 186
  - Da Nang: 186
  - Can Tho: 185
  - An Giang: 185
  - Ba Ria - Vung Tau: 185
  - Bac Giang: 185
  - Bac Kan: 185
  - Bac Lieu: 185
  - Bac Ninh: 185
  - Ben Tre: 185
  - Binh Dinh: 185
  - Binh Duong: 185
  - Binh Phuoc: 185
  - Binh Thuan: 185
  - Ca Mau: 185
  - Cao Bang: 185
  - Dak Lak: 185
  - Dak Nong: 185
  - Dien Bien: 185
  - Dong Nai: 185
  - Dong Thap: 185
  - Gia Lai: 185
  - Ha Giang: 185
  - Ha Nam: 185
  - Ha Tinh: 185
  - Hai Duong: 185
  - Hau Giang: 185
  - Hoa Binh: 185
  - Hung Yen: 185
  - Khanh Hoa: 185
  - Kien Giang: 185
  - Kon Tum: 185
  - Lai Chau: 185
  - Lam Dong: 185
  - Lang Son: 185
  - Lao Cai: 185
  - Long An: 184
  - Nam Dinh: 184
  - Nghe An: 184
  - Ninh Binh: 184
  - Ninh Thuan: 184
  - Phu Tho: 184
  - Phu Yen: 184
  - Quang Binh: 184
  - Quang Nam: 184
  - Quang Ngai: 184
  - Quang Ninh: 184
  - Quang Tri: 184
  - Soc Trang: 184
  - Son La: 184
  - Tay Ninh: 184
  - Thai Binh: 184
  - Thai Nguyen: 184
  - Thanh Hoa: 184
  - Thua Thien Hue: 184
  - Tien Giang: 183
  - Tra Vinh: 183
  - Tuyen Quang: 183
  - Vinh Long: 183
  - Vinh Phuc: 183
  - Yen Bai: 183
[Bootstrap] Progress:
  - Hanoi: 187
  - Ho Chi Minh: 187
  - Hai Phong: 187
  - Da Nang: 187
  - Can Tho: 186
  - An Giang: 186
  - Ba Ria - Vung Tau: 186
  - Bac Giang: 186
  - Bac Kan: 186
  - Bac Lieu: 186
  - Bac Ninh: 186
  - Ben Tre: 186
  - Binh Dinh: 186
  - Binh Duong: 186
  - Binh Phuoc: 186
  - Binh Thuan: 186
  - Ca Mau: 186
  - Cao Bang: 186
  - Dak Lak: 186
  - Dak Nong: 186
  - Dien Bien: 186
  - Dong Nai: 186
  - Dong Thap: 186
  - Gia Lai: 186
  - Ha Giang: 186
  - Ha Nam: 186
  - Ha Tinh: 186
  - Hai Duong: 186
  - Hau Giang: 186
  - Hoa Binh: 186
  - Hung Yen: 186
  - Khanh Hoa: 186
  - Kien Giang: 186
  - Kon Tum: 186
  - Lai Chau: 186
  - Lam Dong: 186
  - Lang Son: 186
  - Lao Cai: 186
  - Long An: 185
  - Nam Dinh: 185
  - Nghe An: 185
  - Ninh Binh: 185
  - Ninh Thuan: 185
  - Phu Tho: 185
  - Phu Yen: 185
  - Quang Binh: 185
  - Quang Nam: 185
  - Quang Ngai: 185
  - Quang Ninh: 185
  - Quang Tri: 185
  - Soc Trang: 185
  - Son La: 185
  - Tay Ninh: 185
  - Thai Binh: 185
  - Thai Nguyen: 185
  - Thanh Hoa: 185
  - Thua Thien Hue: 185
  - Tien Giang: 185
  - Tra Vinh: 185
  - Tuyen Quang: 185
  - Vinh Long: 185
  - Vinh Phuc: 185
  - Yen Bai: 185
[Bootstrap] Progress:
  - Hanoi: 188
  - Ho Chi Minh: 188
  - Hai Phong: 188
  - Da Nang: 188
  - Can Tho: 187
  - An Giang: 187
  - Ba Ria - Vung Tau: 187
  - Bac Giang: 187
  - Bac Kan: 187
  - Bac Lieu: 187
  - Bac Ninh: 187
  - Ben Tre: 187
  - Binh Dinh: 187
  - Binh Duong: 187
  - Binh Phuoc: 187
  - Binh Thuan: 187
  - Ca Mau: 187
  - Cao Bang: 187
  - Dak Lak: 187
  - Dak Nong: 187
  - Dien Bien: 187
  - Dong Nai: 187
  - Dong Thap: 187
  - Gia Lai: 187
  - Ha Giang: 187
  - Ha Nam: 187
  - Ha Tinh: 187
  - Hai Duong: 187
  - Hau Giang: 187
  - Hoa Binh: 187
  - Hung Yen: 187
  - Khanh Hoa: 187
  - Kien Giang: 187
  - Kon Tum: 187
  - Lai Chau: 187
  - Lam Dong: 187
  - Lang Son: 187
  - Lao Cai: 187
  - Long An: 186
  - Nam Dinh: 186
  - Nghe An: 186
  - Ninh Binh: 186
  - Ninh Thuan: 186
  - Phu Tho: 186
  - Phu Yen: 186
  - Quang Binh: 186
  - Quang Nam: 186
  - Quang Ngai: 186
  - Quang Ninh: 186
  - Quang Tri: 186
  - Soc Trang: 186
  - Son La: 186
  - Tay Ninh: 186
  - Thai Binh: 186
  - Thai Nguyen: 186
  - Thanh Hoa: 186
  - Thua Thien Hue: 186
  - Tien Giang: 186
  - Tra Vinh: 186
  - Tuyen Quang: 186
  - Vinh Long: 186
  - Vinh Phuc: 186
  - Yen Bai: 186
[Bootstrap] Progress:
  - Hanoi: 189
  - Ho Chi Minh: 189
  - Hai Phong: 189
  - Da Nang: 189
  - Can Tho: 188
  - An Giang: 188
  - Ba Ria - Vung Tau: 188
  - Bac Giang: 188
  - Bac Kan: 188
  - Bac Lieu: 188
  - Bac Ninh: 188
  - Ben Tre: 188
  - Binh Dinh: 188
  - Binh Duong: 188
  - Binh Phuoc: 188
  - Binh Thuan: 188
  - Ca Mau: 188
  - Cao Bang: 188
  - Dak Lak: 188
  - Dak Nong: 188
  - Dien Bien: 188
  - Dong Nai: 188
  - Dong Thap: 188
  - Gia Lai: 188
  - Ha Giang: 188
  - Ha Nam: 188
  - Ha Tinh: 188
  - Hai Duong: 188
  - Hau Giang: 188
  - Hoa Binh: 188
  - Hung Yen: 188
  - Khanh Hoa: 188
  - Kien Giang: 188
  - Kon Tum: 188
  - Lai Chau: 188
  - Lam Dong: 188
  - Lang Son: 188
  - Lao Cai: 188
  - Long An: 187
  - Nam Dinh: 187
  - Nghe An: 187
  - Ninh Binh: 187
  - Ninh Thuan: 187
  - Phu Tho: 187
  - Phu Yen: 187
  - Quang Binh: 187
  - Quang Nam: 187
  - Quang Ngai: 187
  - Quang Ninh: 187
  - Quang Tri: 187
  - Soc Trang: 187
  - Son La: 187
  - Tay Ninh: 187
  - Thai Binh: 187
  - Thai Nguyen: 187
  - Thanh Hoa: 187
  - Thua Thien Hue: 187
  - Tien Giang: 187
  - Tra Vinh: 187
  - Tuyen Quang: 187
  - Vinh Long: 187
  - Vinh Phuc: 187
  - Yen Bai: 187
[Bootstrap] Progress:
  - Hanoi: 190
  - Ho Chi Minh: 190
  - Hai Phong: 190
  - Da Nang: 190
  - Can Tho: 189
  - An Giang: 189
  - Ba Ria - Vung Tau: 189
  - Bac Giang: 189
  - Bac Kan: 189
  - Bac Lieu: 189
  - Bac Ninh: 189
  - Ben Tre: 189
  - Binh Dinh: 189
  - Binh Duong: 189
  - Binh Phuoc: 189
  - Binh Thuan: 189
  - Ca Mau: 189
  - Cao Bang: 189
  - Dak Lak: 189
  - Dak Nong: 189
  - Dien Bien: 189
  - Dong Nai: 189
  - Dong Thap: 189
  - Gia Lai: 189
  - Ha Giang: 189
  - Ha Nam: 189
  - Ha Tinh: 189
  - Hai Duong: 189
  - Hau Giang: 189
  - Hoa Binh: 189
  - Hung Yen: 189
  - Khanh Hoa: 189
  - Kien Giang: 189
  - Kon Tum: 189
  - Lai Chau: 189
  - Lam Dong: 189
  - Lang Son: 189
  - Lao Cai: 189
  - Long An: 188
  - Nam Dinh: 188
  - Nghe An: 188
  - Ninh Binh: 188
  - Ninh Thuan: 188
  - Phu Tho: 188
  - Phu Yen: 188
  - Quang Binh: 188
  - Quang Nam: 188
  - Quang Ngai: 188
  - Quang Ninh: 188
  - Quang Tri: 188
  - Soc Trang: 188
  - Son La: 188
  - Tay Ninh: 188
  - Thai Binh: 188
  - Thai Nguyen: 188
  - Thanh Hoa: 188
  - Thua Thien Hue: 188
  - Tien Giang: 188
  - Tra Vinh: 188
  - Tuyen Quang: 188
  - Vinh Long: 188
  - Vinh Phuc: 188
  - Yen Bai: 188
[Bootstrap] Progress:
  - Hanoi: 191
  - Ho Chi Minh: 191
  - Hai Phong: 191
  - Da Nang: 191
  - Can Tho: 190
  - An Giang: 190
  - Ba Ria - Vung Tau: 190
  - Bac Giang: 190
  - Bac Kan: 190
  - Bac Lieu: 190
  - Bac Ninh: 190
  - Ben Tre: 190
  - Binh Dinh: 190
  - Binh Duong: 190
  - Binh Phuoc: 190
  - Binh Thuan: 190
  - Ca Mau: 190
  - Cao Bang: 190
  - Dak Lak: 190
  - Dak Nong: 190
  - Dien Bien: 190
  - Dong Nai: 190
  - Dong Thap: 190
  - Gia Lai: 190
  - Ha Giang: 190
  - Ha Nam: 190
  - Ha Tinh: 190
  - Hai Duong: 190
  - Hau Giang: 190
  - Hoa Binh: 190
  - Hung Yen: 190
  - Khanh Hoa: 190
  - Kien Giang: 190
  - Kon Tum: 190
  - Lai Chau: 190
  - Lam Dong: 190
  - Lang Son: 190
  - Lao Cai: 190
  - Long An: 189
  - Nam Dinh: 189
  - Nghe An: 189
  - Ninh Binh: 189
  - Ninh Thuan: 189
  - Phu Tho: 189
  - Phu Yen: 189
  - Quang Binh: 189
  - Quang Nam: 189
  - Quang Ngai: 189
  - Quang Ninh: 189
  - Quang Tri: 189
  - Soc Trang: 189
  - Son La: 189
  - Tay Ninh: 189
  - Thai Binh: 189
  - Thai Nguyen: 189
  - Thanh Hoa: 189
  - Thua Thien Hue: 189
  - Tien Giang: 189
  - Tra Vinh: 189
  - Tuyen Quang: 189
  - Vinh Long: 189
  - Vinh Phuc: 189
  - Yen Bai: 189
[Bootstrap] Progress:
  - Hanoi: 192
  - Ho Chi Minh: 192
  - Hai Phong: 192
  - Da Nang: 192
  - Can Tho: 191
  - An Giang: 191
  - Ba Ria - Vung Tau: 191
  - Bac Giang: 191
  - Bac Kan: 191
  - Bac Lieu: 191
  - Bac Ninh: 191
  - Ben Tre: 191
  - Binh Dinh: 191
  - Binh Duong: 191
  - Binh Phuoc: 191
  - Binh Thuan: 191
  - Ca Mau: 191
  - Cao Bang: 191
  - Dak Lak: 191
  - Dak Nong: 191
  - Dien Bien: 191
  - Dong Nai: 191
  - Dong Thap: 191
  - Gia Lai: 191
  - Ha Giang: 191
  - Ha Nam: 191
  - Ha Tinh: 191
  - Hai Duong: 191
  - Hau Giang: 191
  - Hoa Binh: 191
  - Hung Yen: 191
  - Khanh Hoa: 191
  - Kien Giang: 191
  - Kon Tum: 191
  - Lai Chau: 191
  - Lam Dong: 191
  - Lang Son: 191
  - Lao Cai: 191
  - Long An: 190
  - Nam Dinh: 190
  - Nghe An: 190
  - Ninh Binh: 190
  - Ninh Thuan: 190
  - Phu Tho: 190
  - Phu Yen: 190
  - Quang Binh: 190
  - Quang Nam: 190
  - Quang Ngai: 190
  - Quang Ninh: 190
  - Quang Tri: 190
  - Soc Trang: 190
  - Son La: 190
  - Tay Ninh: 190
  - Thai Binh: 190
  - Thai Nguyen: 190
  - Thanh Hoa: 190
  - Thua Thien Hue: 190
  - Tien Giang: 190
  - Tra Vinh: 190
  - Tuyen Quang: 190
  - Vinh Long: 190
  - Vinh Phuc: 190
  - Yen Bai: 190
[Bootstrap] Progress:
  - Hanoi: 193
  - Ho Chi Minh: 193
  - Hai Phong: 193
  - Da Nang: 193
  - Can Tho: 192
  - An Giang: 192
  - Ba Ria - Vung Tau: 192
  - Bac Giang: 192
  - Bac Kan: 192
  - Bac Lieu: 192
  - Bac Ninh: 192
  - Ben Tre: 192
  - Binh Dinh: 192
  - Binh Duong: 192
  - Binh Phuoc: 192
  - Binh Thuan: 192
  - Ca Mau: 192
  - Cao Bang: 192
  - Dak Lak: 192
  - Dak Nong: 192
  - Dien Bien: 192
  - Dong Nai: 192
  - Dong Thap: 192
  - Gia Lai: 192
  - Ha Giang: 192
  - Ha Nam: 192
  - Ha Tinh: 192
  - Hai Duong: 192
  - Hau Giang: 192
  - Hoa Binh: 192
  - Hung Yen: 192
  - Khanh Hoa: 192
  - Kien Giang: 192
  - Kon Tum: 192
  - Lai Chau: 192
  - Lam Dong: 192
  - Lang Son: 192
  - Lao Cai: 192
  - Long An: 191
  - Nam Dinh: 191
  - Nghe An: 191
  - Ninh Binh: 191
  - Ninh Thuan: 191
  - Phu Tho: 191
  - Phu Yen: 191
  - Quang Binh: 191
  - Quang Nam: 191
  - Quang Ngai: 191
  - Quang Ninh: 191
  - Quang Tri: 191
  - Soc Trang: 191
  - Son La: 191
  - Tay Ninh: 191
  - Thai Binh: 191
  - Thai Nguyen: 191
  - Thanh Hoa: 191
  - Thua Thien Hue: 191
  - Tien Giang: 191
  - Tra Vinh: 191
  - Tuyen Quang: 191
  - Vinh Long: 191
  - Vinh Phuc: 191
  - Yen Bai: 191
[Bootstrap] Progress:
  - Hanoi: 194
  - Ho Chi Minh: 194
  - Hai Phong: 194
  - Da Nang: 194
  - Can Tho: 193
  - An Giang: 193
  - Ba Ria - Vung Tau: 193
  - Bac Giang: 193
  - Bac Kan: 193
  - Bac Lieu: 193
  - Bac Ninh: 193
  - Ben Tre: 193
  - Binh Dinh: 193
  - Binh Duong: 193
  - Binh Phuoc: 193
  - Binh Thuan: 193
  - Ca Mau: 193
  - Cao Bang: 193
  - Dak Lak: 193
  - Dak Nong: 193
  - Dien Bien: 193
  - Dong Nai: 193
  - Dong Thap: 193
  - Gia Lai: 193
  - Ha Giang: 193
  - Ha Nam: 193
  - Ha Tinh: 193
  - Hai Duong: 193
  - Hau Giang: 193
  - Hoa Binh: 193
  - Hung Yen: 193
  - Khanh Hoa: 193
  - Kien Giang: 193
  - Kon Tum: 193
  - Lai Chau: 193
  - Lam Dong: 193
  - Lang Son: 193
  - Lao Cai: 193
  - Long An: 192
  - Nam Dinh: 192
  - Nghe An: 192
  - Ninh Binh: 192
  - Ninh Thuan: 192
  - Phu Tho: 192
  - Phu Yen: 192
  - Quang Binh: 192
  - Quang Nam: 192
  - Quang Ngai: 192
  - Quang Ninh: 192
  - Quang Tri: 192
  - Soc Trang: 192
  - Son La: 192
  - Tay Ninh: 192
  - Thai Binh: 192
  - Thai Nguyen: 192
  - Thanh Hoa: 192
  - Thua Thien Hue: 192
  - Tien Giang: 192
  - Tra Vinh: 192
  - Tuyen Quang: 192
  - Vinh Long: 192
  - Vinh Phuc: 192
  - Yen Bai: 192
[Bootstrap] Progress:
  - Hanoi: 195
  - Ho Chi Minh: 195
  - Hai Phong: 195
  - Da Nang: 195
  - Can Tho: 194
  - An Giang: 194
  - Ba Ria - Vung Tau: 194
  - Bac Giang: 194
  - Bac Kan: 194
  - Bac Lieu: 194
  - Bac Ninh: 194
  - Ben Tre: 194
  - Binh Dinh: 194
  - Binh Duong: 194
  - Binh Phuoc: 194
  - Binh Thuan: 194
  - Ca Mau: 194
  - Cao Bang: 194
  - Dak Lak: 194
  - Dak Nong: 194
  - Dien Bien: 194
  - Dong Nai: 194
  - Dong Thap: 194
  - Gia Lai: 194
  - Ha Giang: 194
  - Ha Nam: 194
  - Ha Tinh: 194
  - Hai Duong: 194
  - Hau Giang: 194
  - Hoa Binh: 194
  - Hung Yen: 194
  - Khanh Hoa: 194
  - Kien Giang: 194
  - Kon Tum: 194
  - Lai Chau: 194
  - Lam Dong: 194
  - Lang Son: 194
  - Lao Cai: 194
  - Long An: 193
  - Nam Dinh: 193
  - Nghe An: 193
  - Ninh Binh: 193
  - Ninh Thuan: 193
  - Phu Tho: 193
  - Phu Yen: 193
  - Quang Binh: 193
  - Quang Nam: 193
  - Quang Ngai: 193
  - Quang Ninh: 193
  - Quang Tri: 193
  - Soc Trang: 193
  - Son La: 193
  - Tay Ninh: 193
  - Thai Binh: 193
  - Thai Nguyen: 193
  - Thanh Hoa: 193
  - Thua Thien Hue: 193
  - Tien Giang: 193
  - Tra Vinh: 193
  - Tuyen Quang: 193
  - Vinh Long: 193
  - Vinh Phuc: 193
  - Yen Bai: 193
[Bootstrap] Progress:
  - Hanoi: 198
  - Ho Chi Minh: 198
  - Hai Phong: 198
  - Da Nang: 198
  - Can Tho: 197
  - An Giang: 197
  - Ba Ria - Vung Tau: 197
  - Bac Giang: 197
  - Bac Kan: 197
  - Bac Lieu: 197
  - Bac Ninh: 197
  - Ben Tre: 197
  - Binh Dinh: 197
  - Binh Duong: 197
  - Binh Phuoc: 197
  - Binh Thuan: 197
  - Ca Mau: 197
  - Cao Bang: 197
  - Dak Lak: 197
  - Dak Nong: 197
  - Dien Bien: 197
  - Dong Nai: 197
  - Dong Thap: 197
  - Gia Lai: 197
  - Ha Giang: 197
  - Ha Nam: 197
  - Ha Tinh: 197
  - Hai Duong: 197
  - Hau Giang: 197
  - Hoa Binh: 197
  - Hung Yen: 197
  - Khanh Hoa: 197
  - Kien Giang: 197
  - Kon Tum: 197
  - Lai Chau: 197
  - Lam Dong: 196
  - Lang Son: 196
  - Lao Cai: 195
  - Long An: 194
  - Nam Dinh: 194
  - Nghe An: 194
  - Ninh Binh: 194
  - Ninh Thuan: 194
  - Phu Tho: 194
  - Phu Yen: 194
  - Quang Binh: 194
  - Quang Nam: 194
  - Quang Ngai: 194
  - Quang Ninh: 194
  - Quang Tri: 194
  - Soc Trang: 194
  - Son La: 194
  - Tay Ninh: 194
  - Thai Binh: 194
  - Thai Nguyen: 194
  - Thanh Hoa: 194
  - Thua Thien Hue: 194
  - Tien Giang: 194
  - Tra Vinh: 194
  - Tuyen Quang: 194
  - Vinh Long: 194
  - Vinh Phuc: 194
  - Yen Bai: 194
[Bootstrap] Progress:
  - Hanoi: 199
  - Ho Chi Minh: 199
  - Hai Phong: 199
  - Da Nang: 199
  - Can Tho: 198
  - An Giang: 198
  - Ba Ria - Vung Tau: 198
  - Bac Giang: 198
  - Bac Kan: 198
  - Bac Lieu: 198
  - Bac Ninh: 198
  - Ben Tre: 198
  - Binh Dinh: 198
  - Binh Duong: 198
  - Binh Phuoc: 198
  - Binh Thuan: 198
  - Ca Mau: 198
  - Cao Bang: 198
  - Dak Lak: 198
  - Dak Nong: 198
  - Dien Bien: 198
  - Dong Nai: 198
  - Dong Thap: 198
  - Gia Lai: 198
  - Ha Giang: 198
  - Ha Nam: 198
  - Ha Tinh: 198
  - Hai Duong: 198
  - Hau Giang: 198
  - Hoa Binh: 198
  - Hung Yen: 198
  - Khanh Hoa: 198
  - Kien Giang: 198
  - Kon Tum: 198
  - Lai Chau: 198
  - Lam Dong: 198
  - Lang Son: 198
  - Lao Cai: 198
  - Long An: 197
  - Nam Dinh: 197
  - Nghe An: 197
  - Ninh Binh: 197
  - Ninh Thuan: 197
  - Phu Tho: 197
  - Phu Yen: 197
  - Quang Binh: 197
  - Quang Nam: 197
  - Quang Ngai: 197
  - Quang Ninh: 197
  - Quang Tri: 197
  - Soc Trang: 197
  - Son La: 197
  - Tay Ninh: 197
  - Thai Binh: 197
  - Thai Nguyen: 197
  - Thanh Hoa: 197
  - Thua Thien Hue: 197
  - Tien Giang: 197
  - Tra Vinh: 197
  - Tuyen Quang: 197
  - Vinh Long: 197
  - Vinh Phuc: 197
  - Yen Bai: 197
[Bootstrap] Progress:
  - Hanoi: 200
  - Ho Chi Minh: 200
  - Hai Phong: 200
  - Da Nang: 200
  - Can Tho: 199
  - An Giang: 199
  - Ba Ria - Vung Tau: 199
  - Bac Giang: 199
  - Bac Kan: 199
  - Bac Lieu: 199
  - Bac Ninh: 199
  - Ben Tre: 199
  - Binh Dinh: 199
  - Binh Duong: 199
  - Binh Phuoc: 199
  - Binh Thuan: 199
  - Ca Mau: 199
  - Cao Bang: 199
  - Dak Lak: 199
  - Dak Nong: 199
  - Dien Bien: 199
  - Dong Nai: 199
  - Dong Thap: 199
  - Gia Lai: 199
  - Ha Giang: 199
  - Ha Nam: 199
  - Ha Tinh: 199
  - Hai Duong: 199
  - Hau Giang: 199
  - Hoa Binh: 199
  - Hung Yen: 199
  - Khanh Hoa: 199
  - Kien Giang: 199
  - Kon Tum: 199
  - Lai Chau: 199
  - Lam Dong: 199
  - Lang Son: 199
  - Lao Cai: 199
  - Long An: 198
  - Nam Dinh: 198
  - Nghe An: 198
  - Ninh Binh: 198
  - Ninh Thuan: 198
  - Phu Tho: 198
  - Phu Yen: 198
  - Quang Binh: 198
  - Quang Nam: 198
  - Quang Ngai: 198
  - Quang Ninh: 198
  - Quang Tri: 198
  - Soc Trang: 198
  - Son La: 198
  - Tay Ninh: 198
  - Thai Binh: 198
  - Thai Nguyen: 198
  - Thanh Hoa: 198
  - Thua Thien Hue: 198
  - Tien Giang: 198
  - Tra Vinh: 198
  - Tuyen Quang: 198
  - Vinh Long: 198
  - Vinh Phuc: 198
  - Yen Bai: 198
[Bootstrap] Progress:
  - Hanoi: 201
  - Ho Chi Minh: 201
  - Hai Phong: 201
  - Da Nang: 201
  - Can Tho: 200
  - An Giang: 200
  - Ba Ria - Vung Tau: 200
  - Bac Giang: 200
  - Bac Kan: 200
  - Bac Lieu: 200
  - Bac Ninh: 200
  - Ben Tre: 200
  - Binh Dinh: 200
  - Binh Duong: 200
  - Binh Phuoc: 200
  - Binh Thuan: 200
  - Ca Mau: 200
  - Cao Bang: 200
  - Dak Lak: 200
  - Dak Nong: 200
  - Dien Bien: 200
  - Dong Nai: 200
  - Dong Thap: 200
  - Gia Lai: 200
  - Ha Giang: 200
  - Ha Nam: 200
  - Ha Tinh: 200
  - Hai Duong: 200
  - Hau Giang: 200
  - Hoa Binh: 200
  - Hung Yen: 200
  - Khanh Hoa: 200
  - Kien Giang: 200
  - Kon Tum: 200
  - Lai Chau: 200
  - Lam Dong: 200
  - Lang Son: 200
  - Lao Cai: 200
  - Long An: 199
  - Nam Dinh: 199
  - Nghe An: 199
  - Ninh Binh: 199
  - Ninh Thuan: 199
  - Phu Tho: 199
  - Phu Yen: 199
  - Quang Binh: 199
  - Quang Nam: 199
  - Quang Ngai: 199
  - Quang Ninh: 199
  - Quang Tri: 199
  - Soc Trang: 199
  - Son La: 199
  - Tay Ninh: 199
  - Thai Binh: 199
  - Thai Nguyen: 199
  - Thanh Hoa: 199
  - Thua Thien Hue: 199
  - Tien Giang: 199
  - Tra Vinh: 199
  - Tuyen Quang: 199
  - Vinh Long: 199
  - Vinh Phuc: 199
  - Yen Bai: 199
[Bootstrap] Progress:
  - Hanoi: 202
  - Ho Chi Minh: 202
  - Hai Phong: 202
  - Da Nang: 202
  - Can Tho: 201
  - An Giang: 201
  - Ba Ria - Vung Tau: 201
  - Bac Giang: 201
  - Bac Kan: 201
  - Bac Lieu: 201
  - Bac Ninh: 201
  - Ben Tre: 201
  - Binh Dinh: 201
  - Binh Duong: 201
  - Binh Phuoc: 201
  - Binh Thuan: 201
  - Ca Mau: 201
  - Cao Bang: 201
  - Dak Lak: 201
  - Dak Nong: 201
  - Dien Bien: 201
  - Dong Nai: 201
  - Dong Thap: 201
  - Gia Lai: 201
  - Ha Giang: 201
  - Ha Nam: 201
  - Ha Tinh: 201
  - Hai Duong: 201
  - Hau Giang: 201
  - Hoa Binh: 201
  - Hung Yen: 201
  - Khanh Hoa: 201
  - Kien Giang: 201
  - Kon Tum: 201
  - Lai Chau: 201
  - Lam Dong: 201
  - Lang Son: 201
  - Lao Cai: 201
  - Long An: 200
  - Nam Dinh: 200
  - Nghe An: 200
  - Ninh Binh: 200
  - Ninh Thuan: 200
  - Phu Tho: 200
  - Phu Yen: 200
  - Quang Binh: 200
  - Quang Nam: 200
  - Quang Ngai: 200
  - Quang Ninh: 200
  - Quang Tri: 200
  - Soc Trang: 200
  - Son La: 200
  - Tay Ninh: 200
  - Thai Binh: 200
  - Thai Nguyen: 200
  - Thanh Hoa: 200
  - Thua Thien Hue: 200
  - Tien Giang: 200
  - Tra Vinh: 200
  - Tuyen Quang: 200
  - Vinh Long: 200
  - Vinh Phuc: 200
  - Yen Bai: 200
[Bootstrap] Progress:
  - Hanoi: 203
  - Ho Chi Minh: 203
  - Hai Phong: 203
  - Da Nang: 203
  - Can Tho: 202
  - An Giang: 202
  - Ba Ria - Vung Tau: 202
  - Bac Giang: 202
  - Bac Kan: 202
  - Bac Lieu: 202
  - Bac Ninh: 202
  - Ben Tre: 202
  - Binh Dinh: 202
  - Binh Duong: 202
  - Binh Phuoc: 202
  - Binh Thuan: 202
  - Ca Mau: 202
  - Cao Bang: 202
  - Dak Lak: 202
  - Dak Nong: 202
  - Dien Bien: 202
  - Dong Nai: 202
  - Dong Thap: 202
  - Gia Lai: 202
  - Ha Giang: 202
  - Ha Nam: 202
  - Ha Tinh: 202
  - Hai Duong: 202
  - Hau Giang: 202
  - Hoa Binh: 202
  - Hung Yen: 202
  - Khanh Hoa: 202
  - Kien Giang: 202
  - Kon Tum: 202
  - Lai Chau: 202
  - Lam Dong: 202
  - Lang Son: 202
  - Lao Cai: 202
  - Long An: 201
  - Nam Dinh: 201
  - Nghe An: 201
  - Ninh Binh: 201
  - Ninh Thuan: 201
  - Phu Tho: 201
  - Phu Yen: 201
  - Quang Binh: 201
  - Quang Nam: 201
  - Quang Ngai: 201
  - Quang Ninh: 201
  - Quang Tri: 201
  - Soc Trang: 201
  - Son La: 201
  - Tay Ninh: 201
  - Thai Binh: 201
  - Thai Nguyen: 201
  - Thanh Hoa: 201
  - Thua Thien Hue: 201
  - Tien Giang: 201
  - Tra Vinh: 201
  - Tuyen Quang: 201
  - Vinh Long: 201
  - Vinh Phuc: 201
  - Yen Bai: 201
[Bootstrap] Progress:
  - Hanoi: 206
  - Ho Chi Minh: 206
  - Hai Phong: 206
  - Da Nang: 206
  - Can Tho: 205
  - An Giang: 205
  - Ba Ria - Vung Tau: 205
  - Bac Giang: 205
  - Bac Kan: 205
  - Bac Lieu: 205
  - Bac Ninh: 205
  - Ben Tre: 205
  - Binh Dinh: 205
  - Binh Duong: 205
  - Binh Phuoc: 205
  - Binh Thuan: 205
  - Ca Mau: 205
  - Cao Bang: 205
  - Dak Lak: 205
  - Dak Nong: 205
  - Dien Bien: 205
  - Dong Nai: 205
  - Dong Thap: 205
  - Gia Lai: 205
  - Ha Giang: 205
  - Ha Nam: 205
  - Ha Tinh: 205
  - Hai Duong: 205
  - Hau Giang: 205
  - Hoa Binh: 205
  - Hung Yen: 205
  - Khanh Hoa: 205
  - Kien Giang: 205
  - Kon Tum: 205
  - Lai Chau: 205
  - Lam Dong: 205
  - Lang Son: 205
  - Lao Cai: 205
  - Long An: 203
  - Nam Dinh: 203
  - Nghe An: 203
  - Ninh Binh: 203
  - Ninh Thuan: 203
  - Phu Tho: 203
  - Phu Yen: 203
  - Quang Binh: 203
  - Quang Nam: 203
  - Quang Ngai: 203
  - Quang Ninh: 202
  - Quang Tri: 202
  - Soc Trang: 202
  - Son La: 202
  - Tay Ninh: 202
  - Thai Binh: 202
  - Thai Nguyen: 202
  - Thanh Hoa: 202
  - Thua Thien Hue: 202
  - Tien Giang: 202
  - Tra Vinh: 202
  - Tuyen Quang: 202
  - Vinh Long: 202
  - Vinh Phuc: 202
  - Yen Bai: 202
[Bootstrap] Progress:
  - Hanoi: 207
  - Ho Chi Minh: 207
  - Hai Phong: 207
  - Da Nang: 207
  - Can Tho: 206
  - An Giang: 206
  - Ba Ria - Vung Tau: 206
  - Bac Giang: 206
  - Bac Kan: 206
  - Bac Lieu: 206
  - Bac Ninh: 206
  - Ben Tre: 206
  - Binh Dinh: 206
  - Binh Duong: 206
  - Binh Phuoc: 206
  - Binh Thuan: 206
  - Ca Mau: 206
  - Cao Bang: 206
  - Dak Lak: 206
  - Dak Nong: 206
  - Dien Bien: 206
  - Dong Nai: 206
  - Dong Thap: 206
  - Gia Lai: 206
  - Ha Giang: 206
  - Ha Nam: 206
  - Ha Tinh: 206
  - Hai Duong: 206
  - Hau Giang: 206
  - Hoa Binh: 206
  - Hung Yen: 206
  - Khanh Hoa: 206
  - Kien Giang: 206
  - Kon Tum: 206
  - Lai Chau: 206
  - Lam Dong: 206
  - Lang Son: 206
  - Lao Cai: 206
  - Long An: 205
  - Nam Dinh: 205
  - Nghe An: 205
  - Ninh Binh: 205
  - Ninh Thuan: 205
  - Phu Tho: 205
  - Phu Yen: 205
  - Quang Binh: 205
  - Quang Nam: 205
  - Quang Ngai: 205
  - Quang Ninh: 205
  - Quang Tri: 205
  - Soc Trang: 205
  - Son La: 205
  - Tay Ninh: 205
  - Thai Binh: 205
  - Thai Nguyen: 205
  - Thanh Hoa: 205
  - Thua Thien Hue: 205
  - Tien Giang: 205
  - Tra Vinh: 205
  - Tuyen Quang: 205
  - Vinh Long: 205
  - Vinh Phuc: 205
  - Yen Bai: 205
[Bootstrap] Progress:
  - Hanoi: 208
  - Ho Chi Minh: 208
  - Hai Phong: 208
  - Da Nang: 208
  - Can Tho: 207
  - An Giang: 207
  - Ba Ria - Vung Tau: 207
  - Bac Giang: 207
  - Bac Kan: 207
  - Bac Lieu: 207
  - Bac Ninh: 207
  - Ben Tre: 207
  - Binh Dinh: 207
  - Binh Duong: 207
  - Binh Phuoc: 207
  - Binh Thuan: 207
  - Ca Mau: 207
  - Cao Bang: 207
  - Dak Lak: 207
  - Dak Nong: 207
  - Dien Bien: 207
  - Dong Nai: 207
  - Dong Thap: 207
  - Gia Lai: 207
  - Ha Giang: 207
  - Ha Nam: 207
  - Ha Tinh: 207
  - Hai Duong: 207
  - Hau Giang: 207
  - Hoa Binh: 207
  - Hung Yen: 207
  - Khanh Hoa: 207
  - Kien Giang: 207
  - Kon Tum: 207
  - Lai Chau: 207
  - Lam Dong: 207
  - Lang Son: 207
  - Lao Cai: 207
  - Long An: 206
  - Nam Dinh: 206
  - Nghe An: 206
  - Ninh Binh: 206
  - Ninh Thuan: 206
  - Phu Tho: 206
  - Phu Yen: 206
  - Quang Binh: 206
  - Quang Nam: 206
  - Quang Ngai: 206
  - Quang Ninh: 206
  - Quang Tri: 206
  - Soc Trang: 206
  - Son La: 206
  - Tay Ninh: 206
  - Thai Binh: 206
  - Thai Nguyen: 206
  - Thanh Hoa: 206
  - Thua Thien Hue: 206
  - Tien Giang: 206
  - Tra Vinh: 206
  - Tuyen Quang: 206
  - Vinh Long: 206
  - Vinh Phuc: 206
  - Yen Bai: 206
[Bootstrap] Progress:
  - Hanoi: 209
  - Ho Chi Minh: 209
  - Hai Phong: 209
  - Da Nang: 209
  - Can Tho: 208
  - An Giang: 208
  - Ba Ria - Vung Tau: 208
  - Bac Giang: 208
  - Bac Kan: 208
  - Bac Lieu: 208
  - Bac Ninh: 208
  - Ben Tre: 208
  - Binh Dinh: 208
  - Binh Duong: 208
  - Binh Phuoc: 208
  - Binh Thuan: 208
  - Ca Mau: 208
  - Cao Bang: 208
  - Dak Lak: 208
  - Dak Nong: 208
  - Dien Bien: 208
  - Dong Nai: 208
  - Dong Thap: 208
  - Gia Lai: 208
  - Ha Giang: 208
  - Ha Nam: 208
  - Ha Tinh: 208
  - Hai Duong: 208
  - Hau Giang: 208
  - Hoa Binh: 208
  - Hung Yen: 208
  - Khanh Hoa: 208
  - Kien Giang: 208
  - Kon Tum: 208
  - Lai Chau: 208
  - Lam Dong: 208
  - Lang Son: 208
  - Lao Cai: 208
  - Long An: 207
  - Nam Dinh: 207
  - Nghe An: 207
  - Ninh Binh: 207
  - Ninh Thuan: 207
  - Phu Tho: 207
  - Phu Yen: 207
  - Quang Binh: 207
  - Quang Nam: 207
  - Quang Ngai: 207
  - Quang Ninh: 207
  - Quang Tri: 207
  - Soc Trang: 207
  - Son La: 207
  - Tay Ninh: 207
  - Thai Binh: 207
  - Thai Nguyen: 207
  - Thanh Hoa: 207
  - Thua Thien Hue: 207
  - Tien Giang: 207
  - Tra Vinh: 207
  - Tuyen Quang: 207
  - Vinh Long: 207
  - Vinh Phuc: 207
  - Yen Bai: 207
[Bootstrap] Progress:
  - Hanoi: 210
  - Ho Chi Minh: 210
  - Hai Phong: 210
  - Da Nang: 210
  - Can Tho: 209
  - An Giang: 209
  - Ba Ria - Vung Tau: 209
  - Bac Giang: 209
  - Bac Kan: 209
  - Bac Lieu: 209
  - Bac Ninh: 209
  - Ben Tre: 209
  - Binh Dinh: 209
  - Binh Duong: 209
  - Binh Phuoc: 209
  - Binh Thuan: 209
  - Ca Mau: 209
  - Cao Bang: 209
  - Dak Lak: 209
  - Dak Nong: 209
  - Dien Bien: 209
  - Dong Nai: 209
  - Dong Thap: 209
  - Gia Lai: 209
  - Ha Giang: 209
  - Ha Nam: 209
  - Ha Tinh: 209
  - Hai Duong: 209
  - Hau Giang: 209
  - Hoa Binh: 209
  - Hung Yen: 209
  - Khanh Hoa: 209
  - Kien Giang: 209
  - Kon Tum: 209
  - Lai Chau: 209
  - Lam Dong: 209
  - Lang Son: 209
  - Lao Cai: 209
  - Long An: 208
  - Nam Dinh: 208
  - Nghe An: 208
  - Ninh Binh: 208
  - Ninh Thuan: 208
  - Phu Tho: 208
  - Phu Yen: 208
  - Quang Binh: 208
  - Quang Nam: 208
  - Quang Ngai: 208
  - Quang Ninh: 208
  - Quang Tri: 208
  - Soc Trang: 208
  - Son La: 208
  - Tay Ninh: 208
  - Thai Binh: 208
  - Thai Nguyen: 208
  - Thanh Hoa: 208
  - Thua Thien Hue: 208
  - Tien Giang: 208
  - Tra Vinh: 208
  - Tuyen Quang: 208
  - Vinh Long: 208
  - Vinh Phuc: 208
  - Yen Bai: 208
[Bootstrap] Progress:
  - Hanoi: 211
  - Ho Chi Minh: 211
  - Hai Phong: 211
  - Da Nang: 211
  - Can Tho: 210
  - An Giang: 210
  - Ba Ria - Vung Tau: 210
  - Bac Giang: 210
  - Bac Kan: 210
  - Bac Lieu: 210
  - Bac Ninh: 210
  - Ben Tre: 210
  - Binh Dinh: 210
  - Binh Duong: 210
  - Binh Phuoc: 210
  - Binh Thuan: 210
  - Ca Mau: 210
  - Cao Bang: 210
  - Dak Lak: 210
  - Dak Nong: 210
  - Dien Bien: 210
  - Dong Nai: 210
  - Dong Thap: 210
  - Gia Lai: 210
  - Ha Giang: 210
  - Ha Nam: 210
  - Ha Tinh: 210
  - Hai Duong: 210
  - Hau Giang: 210
  - Hoa Binh: 210
  - Hung Yen: 210
  - Khanh Hoa: 210
  - Kien Giang: 210
  - Kon Tum: 210
  - Lai Chau: 210
  - Lam Dong: 210
  - Lang Son: 210
  - Lao Cai: 210
  - Long An: 209
  - Nam Dinh: 209
  - Nghe An: 209
  - Ninh Binh: 209
  - Ninh Thuan: 209
  - Phu Tho: 209
  - Phu Yen: 209
  - Quang Binh: 209
  - Quang Nam: 209
  - Quang Ngai: 209
  - Quang Ninh: 209
  - Quang Tri: 209
  - Soc Trang: 209
  - Son La: 209
  - Tay Ninh: 209
  - Thai Binh: 209
  - Thai Nguyen: 209
  - Thanh Hoa: 209
  - Thua Thien Hue: 209
  - Tien Giang: 209
  - Tra Vinh: 209
  - Tuyen Quang: 209
  - Vinh Long: 209
  - Vinh Phuc: 209
  - Yen Bai: 208
[Bootstrap] Progress:
  - Hanoi: 214
  - Ho Chi Minh: 214
  - Hai Phong: 214
  - Da Nang: 214
  - Can Tho: 213
  - An Giang: 213
  - Ba Ria - Vung Tau: 213
  - Bac Giang: 213
  - Bac Kan: 213
  - Bac Lieu: 213
  - Bac Ninh: 213
  - Ben Tre: 213
  - Binh Dinh: 213
  - Binh Duong: 213
  - Binh Phuoc: 213
  - Binh Thuan: 213
  - Ca Mau: 213
  - Cao Bang: 213
  - Dak Lak: 213
  - Dak Nong: 213
  - Dien Bien: 213
  - Dong Nai: 213
  - Dong Thap: 213
  - Gia Lai: 213
  - Ha Giang: 213
  - Ha Nam: 213
  - Ha Tinh: 213
  - Hai Duong: 213
  - Hau Giang: 213
  - Hoa Binh: 213
  - Hung Yen: 213
  - Khanh Hoa: 213
  - Kien Giang: 213
  - Kon Tum: 213
  - Lai Chau: 213
  - Lam Dong: 213
  - Lang Son: 213
  - Lao Cai: 213
  - Long An: 212
  - Nam Dinh: 211
  - Nghe An: 211
  - Ninh Binh: 211
  - Ninh Thuan: 211
  - Phu Tho: 211
  - Phu Yen: 211
  - Quang Binh: 210
  - Quang Nam: 210
  - Quang Ngai: 210
  - Quang Ninh: 210
  - Quang Tri: 210
  - Soc Trang: 210
  - Son La: 210
  - Tay Ninh: 210
  - Thai Binh: 210
  - Thai Nguyen: 210
  - Thanh Hoa: 210
  - Thua Thien Hue: 210
  - Tien Giang: 210
  - Tra Vinh: 210
  - Tuyen Quang: 210
  - Vinh Long: 210
  - Vinh Phuc: 210
  - Yen Bai: 209
[Bootstrap] Progress:
  - Hanoi: 215
  - Ho Chi Minh: 215
  - Hai Phong: 215
  - Da Nang: 215
  - Can Tho: 214
  - An Giang: 214
  - Ba Ria - Vung Tau: 214
  - Bac Giang: 214
  - Bac Kan: 214
  - Bac Lieu: 214
  - Bac Ninh: 214
  - Ben Tre: 214
  - Binh Dinh: 214
  - Binh Duong: 214
  - Binh Phuoc: 214
  - Binh Thuan: 214
  - Ca Mau: 214
  - Cao Bang: 214
  - Dak Lak: 214
  - Dak Nong: 214
  - Dien Bien: 214
  - Dong Nai: 214
  - Dong Thap: 214
  - Gia Lai: 214
  - Ha Giang: 214
  - Ha Nam: 214
  - Ha Tinh: 214
  - Hai Duong: 214
  - Hau Giang: 214
  - Hoa Binh: 214
  - Hung Yen: 214
  - Khanh Hoa: 214
  - Kien Giang: 214
  - Kon Tum: 214
  - Lai Chau: 214
  - Lam Dong: 214
  - Lang Son: 214
  - Lao Cai: 214
  - Long An: 213
  - Nam Dinh: 213
  - Nghe An: 213
  - Ninh Binh: 213
  - Ninh Thuan: 213
  - Phu Tho: 213
  - Phu Yen: 213
  - Quang Binh: 213
  - Quang Nam: 213
  - Quang Ngai: 213
  - Quang Ninh: 213
  - Quang Tri: 213
  - Soc Trang: 213
  - Son La: 213
  - Tay Ninh: 213
  - Thai Binh: 213
  - Thai Nguyen: 213
  - Thanh Hoa: 213
  - Thua Thien Hue: 213
  - Tien Giang: 213
  - Tra Vinh: 213
  - Tuyen Quang: 213
  - Vinh Long: 213
  - Vinh Phuc: 213
  - Yen Bai: 212
[Bootstrap] Progress:
  - Hanoi: 216
  - Ho Chi Minh: 216
  - Hai Phong: 216
  - Da Nang: 216
  - Can Tho: 215
  - An Giang: 215
  - Ba Ria - Vung Tau: 215
  - Bac Giang: 215
  - Bac Kan: 215
  - Bac Lieu: 215
  - Bac Ninh: 215
  - Ben Tre: 215
  - Binh Dinh: 215
  - Binh Duong: 215
  - Binh Phuoc: 215
  - Binh Thuan: 215
  - Ca Mau: 215
  - Cao Bang: 215
  - Dak Lak: 215
  - Dak Nong: 215
  - Dien Bien: 215
  - Dong Nai: 215
  - Dong Thap: 215
  - Gia Lai: 215
  - Ha Giang: 215
  - Ha Nam: 215
  - Ha Tinh: 215
  - Hai Duong: 215
  - Hau Giang: 215
  - Hoa Binh: 215
  - Hung Yen: 215
  - Khanh Hoa: 215
  - Kien Giang: 215
  - Kon Tum: 215
  - Lai Chau: 215
  - Lam Dong: 215
  - Lang Son: 215
  - Lao Cai: 215
  - Long An: 214
  - Nam Dinh: 214
  - Nghe An: 214
  - Ninh Binh: 214
  - Ninh Thuan: 214
  - Phu Tho: 214
  - Phu Yen: 214
  - Quang Binh: 214
  - Quang Nam: 214
  - Quang Ngai: 214
  - Quang Ninh: 214
  - Quang Tri: 214
  - Soc Trang: 214
  - Son La: 214
  - Tay Ninh: 214
  - Thai Binh: 214
  - Thai Nguyen: 214
  - Thanh Hoa: 214
  - Thua Thien Hue: 214
  - Tien Giang: 214
  - Tra Vinh: 214
  - Tuyen Quang: 214
  - Vinh Long: 214
  - Vinh Phuc: 214
  - Yen Bai: 213
[Bootstrap] Progress:
  - Hanoi: 217
  - Ho Chi Minh: 217
  - Hai Phong: 217
  - Da Nang: 217
  - Can Tho: 216
  - An Giang: 216
  - Ba Ria - Vung Tau: 216
  - Bac Giang: 216
  - Bac Kan: 216
  - Bac Lieu: 216
  - Bac Ninh: 216
  - Ben Tre: 216
  - Binh Dinh: 216
  - Binh Duong: 216
  - Binh Phuoc: 216
  - Binh Thuan: 216
  - Ca Mau: 216
  - Cao Bang: 216
  - Dak Lak: 216
  - Dak Nong: 216
  - Dien Bien: 216
  - Dong Nai: 216
  - Dong Thap: 216
  - Gia Lai: 216
  - Ha Giang: 216
  - Ha Nam: 216
  - Ha Tinh: 216
  - Hai Duong: 216
  - Hau Giang: 216
  - Hoa Binh: 216
  - Hung Yen: 216
  - Khanh Hoa: 216
  - Kien Giang: 216
  - Kon Tum: 216
  - Lai Chau: 216
  - Lam Dong: 216
  - Lang Son: 216
  - Lao Cai: 216
  - Long An: 215
  - Nam Dinh: 215
  - Nghe An: 215
  - Ninh Binh: 215
  - Ninh Thuan: 215
  - Phu Tho: 215
  - Phu Yen: 215
  - Quang Binh: 215
  - Quang Nam: 215
  - Quang Ngai: 215
  - Quang Ninh: 215
  - Quang Tri: 215
  - Soc Trang: 215
  - Son La: 215
  - Tay Ninh: 215
  - Thai Binh: 215
  - Thai Nguyen: 215
  - Thanh Hoa: 215
  - Thua Thien Hue: 215
  - Tien Giang: 215
  - Tra Vinh: 215
  - Tuyen Quang: 215
  - Vinh Long: 215
  - Vinh Phuc: 215
  - Yen Bai: 214
[Bootstrap] Progress:
  - Hanoi: 218
  - Ho Chi Minh: 218
  - Hai Phong: 218
  - Da Nang: 218
  - Can Tho: 217
  - An Giang: 217
  - Ba Ria - Vung Tau: 217
  - Bac Giang: 217
  - Bac Kan: 217
  - Bac Lieu: 217
  - Bac Ninh: 217
  - Ben Tre: 217
  - Binh Dinh: 217
  - Binh Duong: 217
  - Binh Phuoc: 217
  - Binh Thuan: 217
  - Ca Mau: 217
  - Cao Bang: 217
  - Dak Lak: 217
  - Dak Nong: 217
  - Dien Bien: 217
  - Dong Nai: 217
  - Dong Thap: 217
  - Gia Lai: 217
  - Ha Giang: 217
  - Ha Nam: 217
  - Ha Tinh: 217
  - Hai Duong: 217
  - Hau Giang: 217
  - Hoa Binh: 217
  - Hung Yen: 217
  - Khanh Hoa: 217
  - Kien Giang: 217
  - Kon Tum: 217
  - Lai Chau: 217
  - Lam Dong: 217
  - Lang Son: 217
  - Lao Cai: 217
  - Long An: 216
  - Nam Dinh: 216
  - Nghe An: 216
  - Ninh Binh: 216
  - Ninh Thuan: 216
  - Phu Tho: 216
  - Phu Yen: 216
  - Quang Binh: 216
  - Quang Nam: 216
  - Quang Ngai: 216
  - Quang Ninh: 216
  - Quang Tri: 216
  - Soc Trang: 216
  - Son La: 216
  - Tay Ninh: 216
  - Thai Binh: 216
  - Thai Nguyen: 216
  - Thanh Hoa: 216
  - Thua Thien Hue: 216
  - Tien Giang: 216
  - Tra Vinh: 216
  - Tuyen Quang: 216
  - Vinh Long: 216
  - Vinh Phuc: 216
  - Yen Bai: 215
[Bootstrap] Progress:
  - Hanoi: 219
  - Ho Chi Minh: 219
  - Hai Phong: 219
  - Da Nang: 219
  - Can Tho: 218
  - An Giang: 218
  - Ba Ria - Vung Tau: 218
  - Bac Giang: 218
  - Bac Kan: 218
  - Bac Lieu: 218
  - Bac Ninh: 218
  - Ben Tre: 218
  - Binh Dinh: 218
  - Binh Duong: 218
  - Binh Phuoc: 218
  - Binh Thuan: 218
  - Ca Mau: 218
  - Cao Bang: 218
  - Dak Lak: 218
  - Dak Nong: 218
  - Dien Bien: 218
  - Dong Nai: 218
  - Dong Thap: 218
  - Gia Lai: 218
  - Ha Giang: 218
  - Ha Nam: 218
  - Ha Tinh: 218
  - Hai Duong: 218
  - Hau Giang: 218
  - Hoa Binh: 218
  - Hung Yen: 218
  - Khanh Hoa: 218
  - Kien Giang: 218
  - Kon Tum: 218
  - Lai Chau: 218
  - Lam Dong: 218
  - Lang Son: 218
  - Lao Cai: 218
  - Long An: 217
  - Nam Dinh: 217
  - Nghe An: 217
  - Ninh Binh: 217
  - Ninh Thuan: 217
  - Phu Tho: 217
  - Phu Yen: 217
  - Quang Binh: 217
  - Quang Nam: 217
  - Quang Ngai: 217
  - Quang Ninh: 217
  - Quang Tri: 217
  - Soc Trang: 217
  - Son La: 217
  - Tay Ninh: 217
  - Thai Binh: 217
  - Thai Nguyen: 217
  - Thanh Hoa: 217
  - Thua Thien Hue: 217
  - Tien Giang: 217
  - Tra Vinh: 217
  - Tuyen Quang: 217
  - Vinh Long: 217
  - Vinh Phuc: 217
  - Yen Bai: 216
[Bootstrap] Progress:
  - Hanoi: 222
  - Ho Chi Minh: 222
  - Hai Phong: 222
  - Da Nang: 222
  - Can Tho: 221
  - An Giang: 221
  - Ba Ria - Vung Tau: 221
  - Bac Giang: 221
  - Bac Kan: 221
  - Bac Lieu: 221
  - Bac Ninh: 221
  - Ben Tre: 221
  - Binh Dinh: 221
  - Binh Duong: 221
  - Binh Phuoc: 221
  - Binh Thuan: 221
  - Ca Mau: 221
  - Cao Bang: 221
  - Dak Lak: 221
  - Dak Nong: 221
  - Dien Bien: 221
  - Dong Nai: 221
  - Dong Thap: 221
  - Gia Lai: 221
  - Ha Giang: 221
  - Ha Nam: 221
  - Ha Tinh: 221
  - Hai Duong: 221
  - Hau Giang: 221
  - Hoa Binh: 221
  - Hung Yen: 220
  - Khanh Hoa: 220
  - Kien Giang: 220
  - Kon Tum: 220
  - Lai Chau: 220
  - Lam Dong: 220
  - Lang Son: 219
  - Lao Cai: 219
  - Long An: 218
  - Nam Dinh: 218
  - Nghe An: 218
  - Ninh Binh: 218
  - Ninh Thuan: 218
  - Phu Tho: 218
  - Phu Yen: 218
  - Quang Binh: 218
  - Quang Nam: 218
  - Quang Ngai: 218
  - Quang Ninh: 218
  - Quang Tri: 218
  - Soc Trang: 218
  - Son La: 218
  - Tay Ninh: 218
  - Thai Binh: 218
  - Thai Nguyen: 218
  - Thanh Hoa: 218
  - Thua Thien Hue: 218
  - Tien Giang: 218
  - Tra Vinh: 218
  - Tuyen Quang: 218
  - Vinh Long: 218
  - Vinh Phuc: 218
  - Yen Bai: 217
[Bootstrap] Progress:
  - Hanoi: 223
  - Ho Chi Minh: 223
  - Hai Phong: 223
  - Da Nang: 223
  - Can Tho: 222
  - An Giang: 222
  - Ba Ria - Vung Tau: 222
  - Bac Giang: 222
  - Bac Kan: 222
  - Bac Lieu: 222
  - Bac Ninh: 222
  - Ben Tre: 222
  - Binh Dinh: 222
  - Binh Duong: 222
  - Binh Phuoc: 222
  - Binh Thuan: 222
  - Ca Mau: 222
  - Cao Bang: 222
  - Dak Lak: 222
  - Dak Nong: 222
  - Dien Bien: 222
  - Dong Nai: 222
  - Dong Thap: 222
  - Gia Lai: 222
  - Ha Giang: 222
  - Ha Nam: 222
  - Ha Tinh: 222
  - Hai Duong: 222
  - Hau Giang: 222
  - Hoa Binh: 222
  - Hung Yen: 222
  - Khanh Hoa: 222
  - Kien Giang: 222
  - Kon Tum: 222
  - Lai Chau: 222
  - Lam Dong: 222
  - Lang Son: 222
  - Lao Cai: 222
  - Long An: 221
  - Nam Dinh: 221
  - Nghe An: 221
  - Ninh Binh: 221
  - Ninh Thuan: 221
  - Phu Tho: 221
  - Phu Yen: 221
  - Quang Binh: 221
  - Quang Nam: 221
  - Quang Ngai: 221
  - Quang Ninh: 221
  - Quang Tri: 221
  - Soc Trang: 221
  - Son La: 221
  - Tay Ninh: 221
  - Thai Binh: 221
  - Thai Nguyen: 221
  - Thanh Hoa: 221
  - Thua Thien Hue: 221
  - Tien Giang: 221
  - Tra Vinh: 221
  - Tuyen Quang: 221
  - Vinh Long: 221
  - Vinh Phuc: 221
  - Yen Bai: 220
[Bootstrap] Progress:
  - Hanoi: 224
  - Ho Chi Minh: 224
  - Hai Phong: 224
  - Da Nang: 224
  - Can Tho: 223
  - An Giang: 223
  - Ba Ria - Vung Tau: 223
  - Bac Giang: 223
  - Bac Kan: 223
  - Bac Lieu: 223
  - Bac Ninh: 223
  - Ben Tre: 223
  - Binh Dinh: 223
  - Binh Duong: 223
  - Binh Phuoc: 223
  - Binh Thuan: 223
  - Ca Mau: 223
  - Cao Bang: 223
  - Dak Lak: 223
  - Dak Nong: 223
  - Dien Bien: 223
  - Dong Nai: 223
  - Dong Thap: 223
  - Gia Lai: 223
  - Ha Giang: 223
  - Ha Nam: 223
  - Ha Tinh: 223
  - Hai Duong: 223
  - Hau Giang: 223
  - Hoa Binh: 223
  - Hung Yen: 223
  - Khanh Hoa: 223
  - Kien Giang: 223
  - Kon Tum: 223
  - Lai Chau: 223
  - Lam Dong: 223
  - Lang Son: 223
  - Lao Cai: 223
  - Long An: 222
  - Nam Dinh: 222
  - Nghe An: 222
  - Ninh Binh: 222
  - Ninh Thuan: 222
  - Phu Tho: 222
  - Phu Yen: 222
  - Quang Binh: 222
  - Quang Nam: 222
  - Quang Ngai: 222
  - Quang Ninh: 222
  - Quang Tri: 222
  - Soc Trang: 222
  - Son La: 222
  - Tay Ninh: 222
  - Thai Binh: 222
  - Thai Nguyen: 222
  - Thanh Hoa: 222
  - Thua Thien Hue: 222
  - Tien Giang: 222
  - Tra Vinh: 222
  - Tuyen Quang: 222
  - Vinh Long: 222
  - Vinh Phuc: 222
  - Yen Bai: 221
[Bootstrap] Progress:
  - Hanoi: 225
  - Ho Chi Minh: 225
  - Hai Phong: 225
  - Da Nang: 225
  - Can Tho: 224
  - An Giang: 224
  - Ba Ria - Vung Tau: 224
  - Bac Giang: 224
  - Bac Kan: 224
  - Bac Lieu: 224
  - Bac Ninh: 224
  - Ben Tre: 224
  - Binh Dinh: 224
  - Binh Duong: 224
  - Binh Phuoc: 224
  - Binh Thuan: 224
  - Ca Mau: 224
  - Cao Bang: 224
  - Dak Lak: 224
  - Dak Nong: 224
  - Dien Bien: 224
  - Dong Nai: 224
  - Dong Thap: 224
  - Gia Lai: 224
  - Ha Giang: 224
  - Ha Nam: 224
  - Ha Tinh: 224
  - Hai Duong: 224
  - Hau Giang: 224
  - Hoa Binh: 224
  - Hung Yen: 224
  - Khanh Hoa: 224
  - Kien Giang: 224
  - Kon Tum: 224
  - Lai Chau: 224
  - Lam Dong: 224
  - Lang Son: 224
  - Lao Cai: 224
  - Long An: 223
  - Nam Dinh: 223
  - Nghe An: 223
  - Ninh Binh: 223
  - Ninh Thuan: 223
  - Phu Tho: 223
  - Phu Yen: 223
  - Quang Binh: 223
  - Quang Nam: 223
  - Quang Ngai: 223
  - Quang Ninh: 223
  - Quang Tri: 223
  - Soc Trang: 223
  - Son La: 223
  - Tay Ninh: 223
  - Thai Binh: 223
  - Thai Nguyen: 223
  - Thanh Hoa: 223
  - Thua Thien Hue: 223
  - Tien Giang: 223
  - Tra Vinh: 223
  - Tuyen Quang: 223
  - Vinh Long: 223
  - Vinh Phuc: 223
  - Yen Bai: 222
[Bootstrap] Progress:
  - Hanoi: 226
  - Ho Chi Minh: 226
  - Hai Phong: 226
  - Da Nang: 226
  - Can Tho: 225
  - An Giang: 225
  - Ba Ria - Vung Tau: 225
  - Bac Giang: 225
  - Bac Kan: 225
  - Bac Lieu: 225
  - Bac Ninh: 225
  - Ben Tre: 225
  - Binh Dinh: 225
  - Binh Duong: 225
  - Binh Phuoc: 225
  - Binh Thuan: 225
  - Ca Mau: 225
  - Cao Bang: 225
  - Dak Lak: 225
  - Dak Nong: 225
  - Dien Bien: 225
  - Dong Nai: 225
  - Dong Thap: 225
  - Gia Lai: 225
  - Ha Giang: 225
  - Ha Nam: 225
  - Ha Tinh: 225
  - Hai Duong: 225
  - Hau Giang: 225
  - Hoa Binh: 225
  - Hung Yen: 225
  - Khanh Hoa: 225
  - Kien Giang: 225
  - Kon Tum: 225
  - Lai Chau: 225
  - Lam Dong: 225
  - Lang Son: 225
  - Lao Cai: 225
  - Long An: 224
  - Nam Dinh: 224
  - Nghe An: 224
  - Ninh Binh: 224
  - Ninh Thuan: 224
  - Phu Tho: 224
  - Phu Yen: 224
  - Quang Binh: 224
  - Quang Nam: 224
  - Quang Ngai: 224
  - Quang Ninh: 224
  - Quang Tri: 224
  - Soc Trang: 224
  - Son La: 224
  - Tay Ninh: 224
  - Thai Binh: 224
  - Thai Nguyen: 224
  - Thanh Hoa: 224
  - Thua Thien Hue: 224
  - Tien Giang: 224
  - Tra Vinh: 224
  - Tuyen Quang: 224
  - Vinh Long: 224
  - Vinh Phuc: 224
  - Yen Bai: 223
[Bootstrap] Progress:
  - Hanoi: 227
  - Ho Chi Minh: 227
  - Hai Phong: 227
  - Da Nang: 227
  - Can Tho: 226
  - An Giang: 226
  - Ba Ria - Vung Tau: 226
  - Bac Giang: 226
  - Bac Kan: 226
  - Bac Lieu: 226
  - Bac Ninh: 226
  - Ben Tre: 226
  - Binh Dinh: 226
  - Binh Duong: 226
  - Binh Phuoc: 226
  - Binh Thuan: 226
  - Ca Mau: 226
  - Cao Bang: 226
  - Dak Lak: 226
  - Dak Nong: 226
  - Dien Bien: 226
  - Dong Nai: 226
  - Dong Thap: 226
  - Gia Lai: 226
  - Ha Giang: 226
  - Ha Nam: 226
  - Ha Tinh: 226
  - Hai Duong: 226
  - Hau Giang: 226
  - Hoa Binh: 226
  - Hung Yen: 226
  - Khanh Hoa: 226
  - Kien Giang: 226
  - Kon Tum: 226
  - Lai Chau: 226
  - Lam Dong: 226
  - Lang Son: 226
  - Lao Cai: 226
  - Long An: 225
  - Nam Dinh: 225
  - Nghe An: 225
  - Ninh Binh: 225
  - Ninh Thuan: 225
  - Phu Tho: 225
  - Phu Yen: 225
  - Quang Binh: 225
  - Quang Nam: 225
  - Quang Ngai: 225
  - Quang Ninh: 225
  - Quang Tri: 225
  - Soc Trang: 225
  - Son La: 225
  - Tay Ninh: 225
  - Thai Binh: 225
  - Thai Nguyen: 225
  - Thanh Hoa: 225
  - Thua Thien Hue: 225
  - Tien Giang: 225
  - Tra Vinh: 225
  - Tuyen Quang: 225
  - Vinh Long: 225
  - Vinh Phuc: 225
  - Yen Bai: 224
[Bootstrap] Progress:
  - Hanoi: 228
  - Ho Chi Minh: 228
  - Hai Phong: 228
  - Da Nang: 228
  - Can Tho: 227
  - An Giang: 227
  - Ba Ria - Vung Tau: 227
  - Bac Giang: 227
  - Bac Kan: 227
  - Bac Lieu: 227
  - Bac Ninh: 227
  - Ben Tre: 227
  - Binh Dinh: 227
  - Binh Duong: 227
  - Binh Phuoc: 227
  - Binh Thuan: 227
  - Ca Mau: 227
  - Cao Bang: 227
  - Dak Lak: 227
  - Dak Nong: 227
  - Dien Bien: 227
  - Dong Nai: 227
  - Dong Thap: 227
  - Gia Lai: 227
  - Ha Giang: 227
  - Ha Nam: 227
  - Ha Tinh: 227
  - Hai Duong: 227
  - Hau Giang: 227
  - Hoa Binh: 227
  - Hung Yen: 227
  - Khanh Hoa: 227
  - Kien Giang: 227
  - Kon Tum: 227
  - Lai Chau: 227
  - Lam Dong: 227
  - Lang Son: 227
  - Lao Cai: 227
  - Long An: 226
  - Nam Dinh: 226
  - Nghe An: 226
  - Ninh Binh: 226
  - Ninh Thuan: 226
  - Phu Tho: 226
  - Phu Yen: 226
  - Quang Binh: 226
  - Quang Nam: 226
  - Quang Ngai: 226
  - Quang Ninh: 226
  - Quang Tri: 226
  - Soc Trang: 226
  - Son La: 226
  - Tay Ninh: 226
  - Thai Binh: 226
  - Thai Nguyen: 226
  - Thanh Hoa: 226
  - Thua Thien Hue: 226
  - Tien Giang: 226
  - Tra Vinh: 226
  - Tuyen Quang: 226
  - Vinh Long: 226
  - Vinh Phuc: 226
  - Yen Bai: 225
[Bootstrap] Progress:
  - Hanoi: 231
  - Ho Chi Minh: 231
  - Hai Phong: 231
  - Da Nang: 231
  - Can Tho: 230
  - An Giang: 230
  - Ba Ria - Vung Tau: 230
  - Bac Giang: 230
  - Bac Kan: 230
  - Bac Lieu: 230
  - Bac Ninh: 230
  - Ben Tre: 230
  - Binh Dinh: 230
  - Binh Duong: 230
  - Binh Phuoc: 230
  - Binh Thuan: 230
  - Ca Mau: 230
  - Cao Bang: 230
  - Dak Lak: 230
  - Dak Nong: 230
  - Dien Bien: 230
  - Dong Nai: 230
  - Dong Thap: 229
  - Gia Lai: 229
  - Ha Giang: 229
  - Ha Nam: 229
  - Ha Tinh: 229
  - Hai Duong: 229
  - Hau Giang: 229
  - Hoa Binh: 229
  - Hung Yen: 228
  - Khanh Hoa: 228
  - Kien Giang: 228
  - Kon Tum: 228
  - Lai Chau: 228
  - Lam Dong: 228
  - Lang Son: 228
  - Lao Cai: 228
  - Long An: 227
  - Nam Dinh: 227
  - Nghe An: 227
  - Ninh Binh: 227
  - Ninh Thuan: 227
  - Phu Tho: 227
  - Phu Yen: 227
  - Quang Binh: 227
  - Quang Nam: 227
  - Quang Ngai: 227
  - Quang Ninh: 227
  - Quang Tri: 227
  - Soc Trang: 227
  - Son La: 227
  - Tay Ninh: 227
  - Thai Binh: 227
  - Thai Nguyen: 227
  - Thanh Hoa: 227
  - Thua Thien Hue: 227
  - Tien Giang: 227
  - Tra Vinh: 227
  - Tuyen Quang: 227
  - Vinh Long: 227
  - Vinh Phuc: 227
  - Yen Bai: 226
[Bootstrap] Progress:
  - Hanoi: 232
  - Ho Chi Minh: 232
  - Hai Phong: 232
  - Da Nang: 232
  - Can Tho: 231
  - An Giang: 231
  - Ba Ria - Vung Tau: 231
  - Bac Giang: 231
  - Bac Kan: 231
  - Bac Lieu: 231
  - Bac Ninh: 231
  - Ben Tre: 231
  - Binh Dinh: 231
  - Binh Duong: 231
  - Binh Phuoc: 231
  - Binh Thuan: 231
  - Ca Mau: 231
  - Cao Bang: 231
  - Dak Lak: 231
  - Dak Nong: 231
  - Dien Bien: 231
  - Dong Nai: 231
  - Dong Thap: 231
  - Gia Lai: 231
  - Ha Giang: 231
  - Ha Nam: 231
  - Ha Tinh: 231
  - Hai Duong: 231
  - Hau Giang: 231
  - Hoa Binh: 231
  - Hung Yen: 231
  - Khanh Hoa: 231
  - Kien Giang: 231
  - Kon Tum: 231
  - Lai Chau: 231
  - Lam Dong: 231
  - Lang Son: 231
  - Lao Cai: 231
  - Long An: 230
  - Nam Dinh: 230
  - Nghe An: 230
  - Ninh Binh: 230
  - Ninh Thuan: 230
  - Phu Tho: 230
  - Phu Yen: 230
  - Quang Binh: 230
  - Quang Nam: 230
  - Quang Ngai: 230
  - Quang Ninh: 230
  - Quang Tri: 230
  - Soc Trang: 230
  - Son La: 230
  - Tay Ninh: 230
  - Thai Binh: 230
  - Thai Nguyen: 230
  - Thanh Hoa: 230
  - Thua Thien Hue: 230
  - Tien Giang: 230
  - Tra Vinh: 230
  - Tuyen Quang: 230
  - Vinh Long: 230
  - Vinh Phuc: 230
  - Yen Bai: 229
[Bootstrap] Progress:
  - Hanoi: 233
  - Ho Chi Minh: 233
  - Hai Phong: 233
  - Da Nang: 233
  - Can Tho: 232
  - An Giang: 232
  - Ba Ria - Vung Tau: 232
  - Bac Giang: 232
  - Bac Kan: 232
  - Bac Lieu: 232
  - Bac Ninh: 232
  - Ben Tre: 232
  - Binh Dinh: 232
  - Binh Duong: 232
  - Binh Phuoc: 232
  - Binh Thuan: 232
  - Ca Mau: 232
  - Cao Bang: 232
  - Dak Lak: 232
  - Dak Nong: 232
  - Dien Bien: 232
  - Dong Nai: 232
  - Dong Thap: 232
  - Gia Lai: 232
  - Ha Giang: 232
  - Ha Nam: 232
  - Ha Tinh: 232
  - Hai Duong: 232
  - Hau Giang: 232
  - Hoa Binh: 232
  - Hung Yen: 232
  - Khanh Hoa: 232
  - Kien Giang: 232
  - Kon Tum: 232
  - Lai Chau: 232
  - Lam Dong: 232
  - Lang Son: 232
  - Lao Cai: 232
  - Long An: 231
  - Nam Dinh: 231
  - Nghe An: 231
  - Ninh Binh: 231
  - Ninh Thuan: 231
  - Phu Tho: 231
  - Phu Yen: 231
  - Quang Binh: 231
  - Quang Nam: 231
  - Quang Ngai: 231
  - Quang Ninh: 231
  - Quang Tri: 231
  - Soc Trang: 231
  - Son La: 231
  - Tay Ninh: 231
  - Thai Binh: 231
  - Thai Nguyen: 231
  - Thanh Hoa: 231
  - Thua Thien Hue: 231
  - Tien Giang: 231
  - Tra Vinh: 231
  - Tuyen Quang: 231
  - Vinh Long: 231
  - Vinh Phuc: 231
  - Yen Bai: 230
[Bootstrap] Progress:
  - Hanoi: 234
  - Ho Chi Minh: 234
  - Hai Phong: 234
  - Da Nang: 234
  - Can Tho: 233
  - An Giang: 233
  - Ba Ria - Vung Tau: 233
  - Bac Giang: 233
  - Bac Kan: 233
  - Bac Lieu: 233
  - Bac Ninh: 233
  - Ben Tre: 233
  - Binh Dinh: 233
  - Binh Duong: 233
  - Binh Phuoc: 233
  - Binh Thuan: 233
  - Ca Mau: 233
  - Cao Bang: 233
  - Dak Lak: 233
  - Dak Nong: 233
  - Dien Bien: 233
  - Dong Nai: 233
  - Dong Thap: 233
  - Gia Lai: 233
  - Ha Giang: 233
  - Ha Nam: 233
  - Ha Tinh: 233
  - Hai Duong: 233
  - Hau Giang: 233
  - Hoa Binh: 233
  - Hung Yen: 233
  - Khanh Hoa: 233
  - Kien Giang: 233
  - Kon Tum: 233
  - Lai Chau: 233
  - Lam Dong: 233
  - Lang Son: 233
  - Lao Cai: 233
  - Long An: 232
  - Nam Dinh: 232
  - Nghe An: 232
  - Ninh Binh: 232
  - Ninh Thuan: 232
  - Phu Tho: 232
  - Phu Yen: 232
  - Quang Binh: 232
  - Quang Nam: 232
  - Quang Ngai: 232
  - Quang Ninh: 232
  - Quang Tri: 232
  - Soc Trang: 232
  - Son La: 232
  - Tay Ninh: 232
  - Thai Binh: 232
  - Thai Nguyen: 232
  - Thanh Hoa: 232
  - Thua Thien Hue: 232
  - Tien Giang: 232
  - Tra Vinh: 232
  - Tuyen Quang: 232
  - Vinh Long: 232
  - Vinh Phuc: 232
  - Yen Bai: 231
[Bootstrap] Progress:
  - Hanoi: 235
  - Ho Chi Minh: 235
  - Hai Phong: 235
  - Da Nang: 235
  - Can Tho: 234
  - An Giang: 234
  - Ba Ria - Vung Tau: 234
  - Bac Giang: 234
  - Bac Kan: 234
  - Bac Lieu: 234
  - Bac Ninh: 234
  - Ben Tre: 234
  - Binh Dinh: 234
  - Binh Duong: 234
  - Binh Phuoc: 234
  - Binh Thuan: 234
  - Ca Mau: 234
  - Cao Bang: 234
  - Dak Lak: 234
  - Dak Nong: 234
  - Dien Bien: 234
  - Dong Nai: 234
  - Dong Thap: 234
  - Gia Lai: 234
  - Ha Giang: 234
  - Ha Nam: 234
  - Ha Tinh: 234
  - Hai Duong: 234
  - Hau Giang: 234
  - Hoa Binh: 234
  - Hung Yen: 234
  - Khanh Hoa: 234
  - Kien Giang: 234
  - Kon Tum: 234
  - Lai Chau: 234
  - Lam Dong: 234
  - Lang Son: 234
  - Lao Cai: 234
  - Long An: 233
  - Nam Dinh: 233
  - Nghe An: 233
  - Ninh Binh: 233
  - Ninh Thuan: 233
  - Phu Tho: 233
  - Phu Yen: 233
  - Quang Binh: 233
  - Quang Nam: 233
  - Quang Ngai: 233
  - Quang Ninh: 233
  - Quang Tri: 233
  - Soc Trang: 233
  - Son La: 233
  - Tay Ninh: 233
  - Thai Binh: 233
  - Thai Nguyen: 233
  - Thanh Hoa: 233
  - Thua Thien Hue: 233
  - Tien Giang: 233
  - Tra Vinh: 233
  - Tuyen Quang: 233
  - Vinh Long: 233
  - Vinh Phuc: 233
  - Yen Bai: 232
[Bootstrap] Progress:
  - Hanoi: 236
  - Ho Chi Minh: 236
  - Hai Phong: 236
  - Da Nang: 236
  - Can Tho: 235
  - An Giang: 235
  - Ba Ria - Vung Tau: 235
  - Bac Giang: 235
  - Bac Kan: 235
  - Bac Lieu: 235
  - Bac Ninh: 235
  - Ben Tre: 235
  - Binh Dinh: 235
  - Binh Duong: 235
  - Binh Phuoc: 235
  - Binh Thuan: 235
  - Ca Mau: 235
  - Cao Bang: 235
  - Dak Lak: 235
  - Dak Nong: 235
  - Dien Bien: 235
  - Dong Nai: 235
  - Dong Thap: 235
  - Gia Lai: 235
  - Ha Giang: 235
  - Ha Nam: 235
  - Ha Tinh: 235
  - Hai Duong: 235
  - Hau Giang: 235
  - Hoa Binh: 235
  - Hung Yen: 235
  - Khanh Hoa: 235
  - Kien Giang: 235
  - Kon Tum: 235
  - Lai Chau: 235
  - Lam Dong: 235
  - Lang Son: 235
  - Lao Cai: 235
  - Long An: 234
  - Nam Dinh: 234
  - Nghe An: 234
  - Ninh Binh: 234
  - Ninh Thuan: 234
  - Phu Tho: 234
  - Phu Yen: 234
  - Quang Binh: 234
  - Quang Nam: 234
  - Quang Ngai: 234
  - Quang Ninh: 234
  - Quang Tri: 234
  - Soc Trang: 234
  - Son La: 234
  - Tay Ninh: 234
  - Thai Binh: 234
  - Thai Nguyen: 234
  - Thanh Hoa: 234
  - Thua Thien Hue: 234
  - Tien Giang: 234
  - Tra Vinh: 234
  - Tuyen Quang: 234
  - Vinh Long: 234
  - Vinh Phuc: 234
  - Yen Bai: 233
[Bootstrap] Progress:
  - Hanoi: 237
  - Ho Chi Minh: 237
  - Hai Phong: 237
  - Da Nang: 237
  - Can Tho: 236
  - An Giang: 236
  - Ba Ria - Vung Tau: 236
  - Bac Giang: 236
  - Bac Kan: 236
  - Bac Lieu: 236
  - Bac Ninh: 236
  - Ben Tre: 236
  - Binh Dinh: 236
  - Binh Duong: 236
  - Binh Phuoc: 236
  - Binh Thuan: 236
  - Ca Mau: 236
  - Cao Bang: 236
  - Dak Lak: 236
  - Dak Nong: 236
  - Dien Bien: 236
  - Dong Nai: 236
  - Dong Thap: 236
  - Gia Lai: 236
  - Ha Giang: 236
  - Ha Nam: 236
  - Ha Tinh: 236
  - Hai Duong: 236
  - Hau Giang: 236
  - Hoa Binh: 236
  - Hung Yen: 236
  - Khanh Hoa: 236
  - Kien Giang: 236
  - Kon Tum: 236
  - Lai Chau: 236
  - Lam Dong: 236
  - Lang Son: 236
  - Lao Cai: 236
  - Long An: 235
  - Nam Dinh: 235
  - Nghe An: 235
  - Ninh Binh: 235
  - Ninh Thuan: 235
  - Phu Tho: 235
  - Phu Yen: 235
  - Quang Binh: 235
  - Quang Nam: 235
  - Quang Ngai: 235
  - Quang Ninh: 235
  - Quang Tri: 235
  - Soc Trang: 235
  - Son La: 235
  - Tay Ninh: 235
  - Thai Binh: 235
  - Thai Nguyen: 235
  - Thanh Hoa: 235
  - Thua Thien Hue: 235
  - Tien Giang: 235
  - Tra Vinh: 235
  - Tuyen Quang: 235
  - Vinh Long: 235
  - Vinh Phuc: 235
  - Yen Bai: 234
[Bootstrap] Progress:
  - Hanoi: 238
  - Ho Chi Minh: 238
  - Hai Phong: 238
  - Da Nang: 238
  - Can Tho: 237
  - An Giang: 237
  - Ba Ria - Vung Tau: 237
  - Bac Giang: 237
  - Bac Kan: 237
  - Bac Lieu: 237
  - Bac Ninh: 237
  - Ben Tre: 237
  - Binh Dinh: 237
  - Binh Duong: 237
  - Binh Phuoc: 237
  - Binh Thuan: 237
  - Ca Mau: 237
  - Cao Bang: 237
  - Dak Lak: 237
  - Dak Nong: 237
  - Dien Bien: 237
  - Dong Nai: 237
  - Dong Thap: 237
  - Gia Lai: 237
  - Ha Giang: 237
  - Ha Nam: 237
  - Ha Tinh: 237
  - Hai Duong: 237
  - Hau Giang: 237
  - Hoa Binh: 237
  - Hung Yen: 237
  - Khanh Hoa: 237
  - Kien Giang: 237
  - Kon Tum: 237
  - Lai Chau: 237
  - Lam Dong: 237
  - Lang Son: 237
  - Lao Cai: 237
  - Long An: 236
  - Nam Dinh: 236
  - Nghe An: 236
  - Ninh Binh: 236
  - Ninh Thuan: 236
  - Phu Tho: 236
  - Phu Yen: 236
  - Quang Binh: 236
  - Quang Nam: 236
  - Quang Ngai: 236
  - Quang Ninh: 236
  - Quang Tri: 236
  - Soc Trang: 236
  - Son La: 236
  - Tay Ninh: 236
  - Thai Binh: 236
  - Thai Nguyen: 236
  - Thanh Hoa: 236
  - Thua Thien Hue: 236
  - Tien Giang: 236
  - Tra Vinh: 236
  - Tuyen Quang: 236
  - Vinh Long: 236
  - Vinh Phuc: 236
  - Yen Bai: 235
[Bootstrap] Progress:
  - Hanoi: 239
  - Ho Chi Minh: 239
  - Hai Phong: 239
  - Da Nang: 239
  - Can Tho: 238
  - An Giang: 238
  - Ba Ria - Vung Tau: 238
  - Bac Giang: 238
  - Bac Kan: 238
  - Bac Lieu: 238
  - Bac Ninh: 238
  - Ben Tre: 238
  - Binh Dinh: 238
  - Binh Duong: 238
  - Binh Phuoc: 238
  - Binh Thuan: 238
  - Ca Mau: 238
  - Cao Bang: 238
  - Dak Lak: 238
  - Dak Nong: 238
  - Dien Bien: 238
  - Dong Nai: 238
  - Dong Thap: 238
  - Gia Lai: 238
  - Ha Giang: 238
  - Ha Nam: 238
  - Ha Tinh: 238
  - Hai Duong: 238
  - Hau Giang: 238
  - Hoa Binh: 238
  - Hung Yen: 238
  - Khanh Hoa: 238
  - Kien Giang: 238
  - Kon Tum: 238
  - Lai Chau: 238
  - Lam Dong: 238
  - Lang Son: 238
  - Lao Cai: 238
  - Long An: 237
  - Nam Dinh: 237
  - Nghe An: 237
  - Ninh Binh: 237
  - Ninh Thuan: 237
  - Phu Tho: 237
  - Phu Yen: 237
  - Quang Binh: 237
  - Quang Nam: 237
  - Quang Ngai: 237
  - Quang Ninh: 237
  - Quang Tri: 237
  - Soc Trang: 237
  - Son La: 237
  - Tay Ninh: 237
  - Thai Binh: 237
  - Thai Nguyen: 237
  - Thanh Hoa: 237
  - Thua Thien Hue: 237
  - Tien Giang: 237
  - Tra Vinh: 237
  - Tuyen Quang: 237
  - Vinh Long: 237
  - Vinh Phuc: 237
  - Yen Bai: 236
[Bootstrap] Progress:
  - Hanoi: 240
  - Ho Chi Minh: 240
  - Hai Phong: 240
  - Da Nang: 240
  - Can Tho: 239
  - An Giang: 239
  - Ba Ria - Vung Tau: 239
  - Bac Giang: 239
  - Bac Kan: 239
  - Bac Lieu: 239
  - Bac Ninh: 239
  - Ben Tre: 239
  - Binh Dinh: 239
  - Binh Duong: 239
  - Binh Phuoc: 239
  - Binh Thuan: 239
  - Ca Mau: 239
  - Cao Bang: 239
  - Dak Lak: 239
  - Dak Nong: 239
  - Dien Bien: 239
  - Dong Nai: 239
  - Dong Thap: 239
  - Gia Lai: 239
  - Ha Giang: 239
  - Ha Nam: 239
  - Ha Tinh: 239
  - Hai Duong: 239
  - Hau Giang: 239
  - Hoa Binh: 239
  - Hung Yen: 239
  - Khanh Hoa: 239
  - Kien Giang: 239
  - Kon Tum: 239
  - Lai Chau: 239
  - Lam Dong: 239
  - Lang Son: 239
  - Lao Cai: 239
  - Long An: 238
  - Nam Dinh: 238
  - Nghe An: 238
  - Ninh Binh: 238
  - Ninh Thuan: 238
  - Phu Tho: 238
  - Phu Yen: 238
  - Quang Binh: 238
  - Quang Nam: 238
  - Quang Ngai: 238
  - Quang Ninh: 238
  - Quang Tri: 238
  - Soc Trang: 238
  - Son La: 238
  - Tay Ninh: 238
  - Thai Binh: 238
  - Thai Nguyen: 238
  - Thanh Hoa: 238
  - Thua Thien Hue: 238
  - Tien Giang: 238
  - Tra Vinh: 238
  - Tuyen Quang: 238
  - Vinh Long: 238
  - Vinh Phuc: 238
  - Yen Bai: 237
[Bootstrap] Progress:
  - Hanoi: 242
  - Ho Chi Minh: 242
  - Hai Phong: 242
  - Da Nang: 242
  - Can Tho: 241
  - An Giang: 241
  - Ba Ria - Vung Tau: 241
  - Bac Giang: 241
  - Bac Kan: 241
  - Bac Lieu: 241
  - Bac Ninh: 241
  - Ben Tre: 241
  - Binh Dinh: 241
  - Binh Duong: 241
  - Binh Phuoc: 241
  - Binh Thuan: 241
  - Ca Mau: 241
  - Cao Bang: 240
  - Dak Lak: 240
  - Dak Nong: 240
  - Dien Bien: 240
  - Dong Nai: 240
  - Dong Thap: 240
  - Gia Lai: 240
  - Ha Giang: 240
  - Ha Nam: 240
  - Ha Tinh: 240
  - Hai Duong: 240
  - Hau Giang: 240
  - Hoa Binh: 240
  - Hung Yen: 240
  - Khanh Hoa: 240
  - Kien Giang: 240
  - Kon Tum: 240
  - Lai Chau: 240
  - Lam Dong: 240
  - Lang Son: 240
  - Lao Cai: 240
  - Long An: 239
  - Nam Dinh: 239
  - Nghe An: 239
  - Ninh Binh: 239
  - Ninh Thuan: 239
  - Phu Tho: 239
  - Phu Yen: 239
  - Quang Binh: 239
  - Quang Nam: 239
  - Quang Ngai: 239
  - Quang Ninh: 239
  - Quang Tri: 239
  - Soc Trang: 239
  - Son La: 239
  - Tay Ninh: 239
  - Thai Binh: 239
  - Thai Nguyen: 239
  - Thanh Hoa: 239
  - Thua Thien Hue: 239
  - Tien Giang: 239
  - Tra Vinh: 239
  - Tuyen Quang: 239
  - Vinh Long: 239
  - Vinh Phuc: 239
  - Yen Bai: 238
[Bootstrap] Progress:
  - Hanoi: 244
  - Ho Chi Minh: 244
  - Hai Phong: 244
  - Da Nang: 244
  - Can Tho: 243
  - An Giang: 243
  - Ba Ria - Vung Tau: 243
  - Bac Giang: 243
  - Bac Kan: 243
  - Bac Lieu: 243
  - Bac Ninh: 243
  - Ben Tre: 243
  - Binh Dinh: 243
  - Binh Duong: 243
  - Binh Phuoc: 243
  - Binh Thuan: 243
  - Ca Mau: 243
  - Cao Bang: 243
  - Dak Lak: 243
  - Dak Nong: 243
  - Dien Bien: 243
  - Dong Nai: 243
  - Dong Thap: 243
  - Gia Lai: 243
  - Ha Giang: 243
  - Ha Nam: 243
  - Ha Tinh: 243
  - Hai Duong: 243
  - Hau Giang: 243
  - Hoa Binh: 243
  - Hung Yen: 243
  - Khanh Hoa: 243
  - Kien Giang: 243
  - Kon Tum: 243
  - Lai Chau: 243
  - Lam Dong: 243
  - Lang Son: 243
  - Lao Cai: 243
  - Long An: 242
  - Nam Dinh: 242
  - Nghe An: 242
  - Ninh Binh: 242
  - Ninh Thuan: 242
  - Phu Tho: 242
  - Phu Yen: 242
  - Quang Binh: 242
  - Quang Nam: 242
  - Quang Ngai: 242
  - Quang Ninh: 242
  - Quang Tri: 242
  - Soc Trang: 242
  - Son La: 242
  - Tay Ninh: 242
  - Thai Binh: 242
  - Thai Nguyen: 242
  - Thanh Hoa: 242
  - Thua Thien Hue: 242
  - Tien Giang: 242
  - Tra Vinh: 242
  - Tuyen Quang: 242
  - Vinh Long: 242
  - Vinh Phuc: 242
  - Yen Bai: 241
[Bootstrap] Progress:
  - Hanoi: 245
  - Ho Chi Minh: 245
  - Hai Phong: 245
  - Da Nang: 245
  - Can Tho: 244
  - An Giang: 244
  - Ba Ria - Vung Tau: 244
  - Bac Giang: 244
  - Bac Kan: 244
  - Bac Lieu: 244
  - Bac Ninh: 244
  - Ben Tre: 244
  - Binh Dinh: 244
  - Binh Duong: 244
  - Binh Phuoc: 244
  - Binh Thuan: 244
  - Ca Mau: 244
  - Cao Bang: 244
  - Dak Lak: 244
  - Dak Nong: 244
  - Dien Bien: 244
  - Dong Nai: 244
  - Dong Thap: 244
  - Gia Lai: 244
  - Ha Giang: 244
  - Ha Nam: 244
  - Ha Tinh: 244
  - Hai Duong: 244
  - Hau Giang: 244
  - Hoa Binh: 244
  - Hung Yen: 244
  - Khanh Hoa: 244
  - Kien Giang: 244
  - Kon Tum: 244
  - Lai Chau: 244
  - Lam Dong: 244
  - Lang Son: 244
  - Lao Cai: 244
  - Long An: 243
  - Nam Dinh: 243
  - Nghe An: 243
  - Ninh Binh: 243
  - Ninh Thuan: 243
  - Phu Tho: 243
  - Phu Yen: 243
  - Quang Binh: 243
  - Quang Nam: 243
  - Quang Ngai: 243
  - Quang Ninh: 243
  - Quang Tri: 243
  - Soc Trang: 243
  - Son La: 243
  - Tay Ninh: 243
  - Thai Binh: 243
  - Thai Nguyen: 243
  - Thanh Hoa: 243
  - Thua Thien Hue: 243
  - Tien Giang: 243
  - Tra Vinh: 243
  - Tuyen Quang: 243
  - Vinh Long: 243
  - Vinh Phuc: 243
  - Yen Bai: 242
[Bootstrap] Progress:
  - Hanoi: 246
  - Ho Chi Minh: 246
  - Hai Phong: 246
  - Da Nang: 246
  - Can Tho: 245
  - An Giang: 245
  - Ba Ria - Vung Tau: 245
  - Bac Giang: 245
  - Bac Kan: 245
  - Bac Lieu: 245
  - Bac Ninh: 245
  - Ben Tre: 245
  - Binh Dinh: 245
  - Binh Duong: 245
  - Binh Phuoc: 245
  - Binh Thuan: 245
  - Ca Mau: 245
  - Cao Bang: 245
  - Dak Lak: 245
  - Dak Nong: 245
  - Dien Bien: 245
  - Dong Nai: 245
  - Dong Thap: 245
  - Gia Lai: 245
  - Ha Giang: 245
  - Ha Nam: 245
  - Ha Tinh: 245
  - Hai Duong: 245
  - Hau Giang: 245
  - Hoa Binh: 245
  - Hung Yen: 245
  - Khanh Hoa: 245
  - Kien Giang: 245
  - Kon Tum: 245
  - Lai Chau: 245
  - Lam Dong: 245
  - Lang Son: 245
  - Lao Cai: 245
  - Long An: 244
  - Nam Dinh: 244
  - Nghe An: 244
  - Ninh Binh: 244
  - Ninh Thuan: 244
  - Phu Tho: 244
  - Phu Yen: 244
  - Quang Binh: 244
  - Quang Nam: 244
  - Quang Ngai: 244
  - Quang Ninh: 244
  - Quang Tri: 244
  - Soc Trang: 244
  - Son La: 244
  - Tay Ninh: 244
  - Thai Binh: 244
  - Thai Nguyen: 244
  - Thanh Hoa: 244
  - Thua Thien Hue: 244
  - Tien Giang: 244
  - Tra Vinh: 244
  - Tuyen Quang: 244
  - Vinh Long: 244
  - Vinh Phuc: 244
  - Yen Bai: 243
[Bootstrap] Progress:
  - Hanoi: 247
  - Ho Chi Minh: 247
  - Hai Phong: 247
  - Da Nang: 247
  - Can Tho: 246
  - An Giang: 246
  - Ba Ria - Vung Tau: 246
  - Bac Giang: 246
  - Bac Kan: 246
  - Bac Lieu: 246
  - Bac Ninh: 246
  - Ben Tre: 246
  - Binh Dinh: 246
  - Binh Duong: 246
  - Binh Phuoc: 246
  - Binh Thuan: 246
  - Ca Mau: 246
  - Cao Bang: 246
  - Dak Lak: 246
  - Dak Nong: 246
  - Dien Bien: 246
  - Dong Nai: 246
  - Dong Thap: 246
  - Gia Lai: 246
  - Ha Giang: 246
  - Ha Nam: 246
  - Ha Tinh: 246
  - Hai Duong: 246
  - Hau Giang: 246
  - Hoa Binh: 246
  - Hung Yen: 246
  - Khanh Hoa: 246
  - Kien Giang: 246
  - Kon Tum: 246
  - Lai Chau: 246
  - Lam Dong: 246
  - Lang Son: 246
  - Lao Cai: 246
  - Long An: 245
  - Nam Dinh: 245
  - Nghe An: 245
  - Ninh Binh: 245
  - Ninh Thuan: 245
  - Phu Tho: 245
  - Phu Yen: 245
  - Quang Binh: 245
  - Quang Nam: 245
  - Quang Ngai: 245
  - Quang Ninh: 245
  - Quang Tri: 245
  - Soc Trang: 245
  - Son La: 245
  - Tay Ninh: 245
  - Thai Binh: 245
  - Thai Nguyen: 245
  - Thanh Hoa: 245
  - Thua Thien Hue: 245
  - Tien Giang: 245
  - Tra Vinh: 245
  - Tuyen Quang: 245
  - Vinh Long: 245
  - Vinh Phuc: 245
  - Yen Bai: 244
[Bootstrap] Progress:
  - Hanoi: 248
  - Ho Chi Minh: 248
  - Hai Phong: 248
  - Da Nang: 248
  - Can Tho: 247
  - An Giang: 247
  - Ba Ria - Vung Tau: 247
  - Bac Giang: 247
  - Bac Kan: 247
  - Bac Lieu: 247
  - Bac Ninh: 247
  - Ben Tre: 247
  - Binh Dinh: 247
  - Binh Duong: 247
  - Binh Phuoc: 247
  - Binh Thuan: 247
  - Ca Mau: 247
  - Cao Bang: 247
  - Dak Lak: 247
  - Dak Nong: 247
  - Dien Bien: 247
  - Dong Nai: 247
  - Dong Thap: 247
  - Gia Lai: 247
  - Ha Giang: 247
  - Ha Nam: 247
  - Ha Tinh: 247
  - Hai Duong: 247
  - Hau Giang: 247
  - Hoa Binh: 247
  - Hung Yen: 247
  - Khanh Hoa: 247
  - Kien Giang: 247
  - Kon Tum: 247
  - Lai Chau: 247
  - Lam Dong: 247
  - Lang Son: 247
  - Lao Cai: 247
  - Long An: 246
  - Nam Dinh: 246
  - Nghe An: 246
  - Ninh Binh: 246
  - Ninh Thuan: 246
  - Phu Tho: 246
  - Phu Yen: 246
  - Quang Binh: 246
  - Quang Nam: 246
  - Quang Ngai: 246
  - Quang Ninh: 246
  - Quang Tri: 246
  - Soc Trang: 246
  - Son La: 246
  - Tay Ninh: 246
  - Thai Binh: 246
  - Thai Nguyen: 246
  - Thanh Hoa: 246
  - Thua Thien Hue: 246
  - Tien Giang: 246
  - Tra Vinh: 246
  - Tuyen Quang: 246
  - Vinh Long: 246
  - Vinh Phuc: 246
  - Yen Bai: 245
[Bootstrap] Progress:
  - Hanoi: 249
  - Ho Chi Minh: 249
  - Hai Phong: 249
  - Da Nang: 249
  - Can Tho: 248
  - An Giang: 248
  - Ba Ria - Vung Tau: 248
  - Bac Giang: 248
  - Bac Kan: 248
  - Bac Lieu: 248
  - Bac Ninh: 248
  - Ben Tre: 248
  - Binh Dinh: 248
  - Binh Duong: 248
  - Binh Phuoc: 248
  - Binh Thuan: 248
  - Ca Mau: 248
  - Cao Bang: 248
  - Dak Lak: 248
  - Dak Nong: 248
  - Dien Bien: 248
  - Dong Nai: 248
  - Dong Thap: 248
  - Gia Lai: 248
  - Ha Giang: 248
  - Ha Nam: 248
  - Ha Tinh: 248
  - Hai Duong: 248
  - Hau Giang: 248
  - Hoa Binh: 248
  - Hung Yen: 248
  - Khanh Hoa: 248
  - Kien Giang: 248
  - Kon Tum: 248
  - Lai Chau: 248
  - Lam Dong: 248
  - Lang Son: 248
  - Lao Cai: 248
  - Long An: 247
  - Nam Dinh: 247
  - Nghe An: 247
  - Ninh Binh: 247
  - Ninh Thuan: 247
  - Phu Tho: 247
  - Phu Yen: 247
  - Quang Binh: 247
  - Quang Nam: 247
  - Quang Ngai: 247
  - Quang Ninh: 247
  - Quang Tri: 247
  - Soc Trang: 247
  - Son La: 247
  - Tay Ninh: 247
  - Thai Binh: 247
  - Thai Nguyen: 247
  - Thanh Hoa: 247
  - Thua Thien Hue: 247
  - Tien Giang: 247
  - Tra Vinh: 247
  - Tuyen Quang: 247
  - Vinh Long: 247
  - Vinh Phuc: 247
  - Yen Bai: 246
[Bootstrap] Progress:
  - Hanoi: 250
  - Ho Chi Minh: 250
  - Hai Phong: 250
  - Da Nang: 250
  - Can Tho: 249
  - An Giang: 249
  - Ba Ria - Vung Tau: 249
  - Bac Giang: 249
  - Bac Kan: 249
  - Bac Lieu: 249
  - Bac Ninh: 249
  - Ben Tre: 249
  - Binh Dinh: 249
  - Binh Duong: 249
  - Binh Phuoc: 249
  - Binh Thuan: 249
  - Ca Mau: 249
  - Cao Bang: 249
  - Dak Lak: 249
  - Dak Nong: 249
  - Dien Bien: 249
  - Dong Nai: 249
  - Dong Thap: 249
  - Gia Lai: 249
  - Ha Giang: 249
  - Ha Nam: 249
  - Ha Tinh: 249
  - Hai Duong: 249
  - Hau Giang: 249
  - Hoa Binh: 249
  - Hung Yen: 249
  - Khanh Hoa: 249
  - Kien Giang: 249
  - Kon Tum: 249
  - Lai Chau: 249
  - Lam Dong: 249
  - Lang Son: 249
  - Lao Cai: 249
  - Long An: 248
  - Nam Dinh: 248
  - Nghe An: 248
  - Ninh Binh: 248
  - Ninh Thuan: 248
  - Phu Tho: 248
  - Phu Yen: 248
  - Quang Binh: 248
  - Quang Nam: 248
  - Quang Ngai: 248
  - Quang Ninh: 248
  - Quang Tri: 248
  - Soc Trang: 248
  - Son La: 248
  - Tay Ninh: 248
  - Thai Binh: 248
  - Thai Nguyen: 248
  - Thanh Hoa: 248
  - Thua Thien Hue: 248
  - Tien Giang: 248
  - Tra Vinh: 248
  - Tuyen Quang: 248
  - Vinh Long: 248
  - Vinh Phuc: 248
  - Yen Bai: 247
[Bootstrap] Progress:
  - Hanoi: 251
  - Ho Chi Minh: 251
  - Hai Phong: 251
  - Da Nang: 251
  - Can Tho: 250
  - An Giang: 250
  - Ba Ria - Vung Tau: 250
  - Bac Giang: 250
  - Bac Kan: 250
  - Bac Lieu: 250
  - Bac Ninh: 250
  - Ben Tre: 250
  - Binh Dinh: 250
  - Binh Duong: 250
  - Binh Phuoc: 250
  - Binh Thuan: 250
  - Ca Mau: 250
  - Cao Bang: 250
  - Dak Lak: 250
  - Dak Nong: 250
  - Dien Bien: 250
  - Dong Nai: 250
  - Dong Thap: 250
  - Gia Lai: 250
  - Ha Giang: 250
  - Ha Nam: 250
  - Ha Tinh: 250
  - Hai Duong: 250
  - Hau Giang: 250
  - Hoa Binh: 250
  - Hung Yen: 250
  - Khanh Hoa: 250
  - Kien Giang: 250
  - Kon Tum: 250
  - Lai Chau: 250
  - Lam Dong: 250
  - Lang Son: 250
  - Lao Cai: 250
  - Long An: 249
  - Nam Dinh: 249
  - Nghe An: 249
  - Ninh Binh: 249
  - Ninh Thuan: 249
  - Phu Tho: 249
  - Phu Yen: 249
  - Quang Binh: 249
  - Quang Nam: 249
  - Quang Ngai: 249
  - Quang Ninh: 249
  - Quang Tri: 249
  - Soc Trang: 249
  - Son La: 249
  - Tay Ninh: 249
  - Thai Binh: 249
  - Thai Nguyen: 249
  - Thanh Hoa: 249
  - Thua Thien Hue: 249
  - Tien Giang: 249
  - Tra Vinh: 249
  - Tuyen Quang: 249
  - Vinh Long: 249
  - Vinh Phuc: 249
  - Yen Bai: 248
[Bootstrap] Progress:
  - Hanoi: 252
  - Ho Chi Minh: 252
  - Hai Phong: 252
  - Da Nang: 252
  - Can Tho: 251
  - An Giang: 251
  - Ba Ria - Vung Tau: 251
  - Bac Giang: 251
  - Bac Kan: 251
  - Bac Lieu: 251
  - Bac Ninh: 251
  - Ben Tre: 251
  - Binh Dinh: 251
  - Binh Duong: 251
  - Binh Phuoc: 251
  - Binh Thuan: 251
  - Ca Mau: 251
  - Cao Bang: 251
  - Dak Lak: 251
  - Dak Nong: 251
  - Dien Bien: 251
  - Dong Nai: 251
  - Dong Thap: 251
  - Gia Lai: 251
  - Ha Giang: 251
  - Ha Nam: 251
  - Ha Tinh: 251
  - Hai Duong: 251
  - Hau Giang: 251
  - Hoa Binh: 251
  - Hung Yen: 251
  - Khanh Hoa: 251
  - Kien Giang: 251
  - Kon Tum: 251
  - Lai Chau: 251
  - Lam Dong: 251
  - Lang Son: 251
  - Lao Cai: 251
  - Long An: 250
  - Nam Dinh: 250
  - Nghe An: 250
  - Ninh Binh: 250
  - Ninh Thuan: 250
  - Phu Tho: 250
  - Phu Yen: 250
  - Quang Binh: 250
  - Quang Nam: 250
  - Quang Ngai: 250
  - Quang Ninh: 250
  - Quang Tri: 250
  - Soc Trang: 250
  - Son La: 250
  - Tay Ninh: 250
  - Thai Binh: 250
  - Thai Nguyen: 250
  - Thanh Hoa: 250
  - Thua Thien Hue: 250
  - Tien Giang: 250
  - Tra Vinh: 250
  - Tuyen Quang: 250
  - Vinh Long: 250
  - Vinh Phuc: 250
  - Yen Bai: 249
[Bootstrap] Progress:
  - Hanoi: 253
  - Ho Chi Minh: 253
  - Hai Phong: 253
  - Da Nang: 253
  - Can Tho: 252
  - An Giang: 252
  - Ba Ria - Vung Tau: 252
  - Bac Giang: 252
  - Bac Kan: 252
  - Bac Lieu: 252
  - Bac Ninh: 252
  - Ben Tre: 252
  - Binh Dinh: 252
  - Binh Duong: 252
  - Binh Phuoc: 252
  - Binh Thuan: 252
  - Ca Mau: 252
  - Cao Bang: 252
  - Dak Lak: 252
  - Dak Nong: 252
  - Dien Bien: 252
  - Dong Nai: 252
  - Dong Thap: 252
  - Gia Lai: 252
  - Ha Giang: 252
  - Ha Nam: 252
  - Ha Tinh: 252
  - Hai Duong: 252
  - Hau Giang: 252
  - Hoa Binh: 252
  - Hung Yen: 252
  - Khanh Hoa: 252
  - Kien Giang: 252
  - Kon Tum: 252
  - Lai Chau: 252
  - Lam Dong: 252
  - Lang Son: 252
  - Lao Cai: 252
  - Long An: 251
  - Nam Dinh: 251
  - Nghe An: 251
  - Ninh Binh: 251
  - Ninh Thuan: 251
  - Phu Tho: 251
  - Phu Yen: 251
  - Quang Binh: 251
  - Quang Nam: 251
  - Quang Ngai: 251
  - Quang Ninh: 251
  - Quang Tri: 251
  - Soc Trang: 251
  - Son La: 251
  - Tay Ninh: 251
  - Thai Binh: 251
  - Thai Nguyen: 251
  - Thanh Hoa: 251
  - Thua Thien Hue: 251
  - Tien Giang: 251
  - Tra Vinh: 251
  - Tuyen Quang: 251
  - Vinh Long: 251
  - Vinh Phuc: 251
  - Yen Bai: 250
[Bootstrap] Progress:
  - Hanoi: 254
  - Ho Chi Minh: 254
  - Hai Phong: 254
  - Da Nang: 254
  - Can Tho: 253
  - An Giang: 253
  - Ba Ria - Vung Tau: 253
  - Bac Giang: 253
  - Bac Kan: 253
  - Bac Lieu: 253
  - Bac Ninh: 253
  - Ben Tre: 253
  - Binh Dinh: 253
  - Binh Duong: 253
  - Binh Phuoc: 253
  - Binh Thuan: 253
  - Ca Mau: 253
  - Cao Bang: 253
  - Dak Lak: 253
  - Dak Nong: 253
  - Dien Bien: 253
  - Dong Nai: 253
  - Dong Thap: 253
  - Gia Lai: 253
  - Ha Giang: 253
  - Ha Nam: 253
  - Ha Tinh: 253
  - Hai Duong: 253
  - Hau Giang: 253
  - Hoa Binh: 253
  - Hung Yen: 253
  - Khanh Hoa: 253
  - Kien Giang: 253
  - Kon Tum: 253
  - Lai Chau: 253
  - Lam Dong: 253
  - Lang Son: 253
  - Lao Cai: 253
  - Long An: 252
  - Nam Dinh: 252
  - Nghe An: 252
  - Ninh Binh: 252
  - Ninh Thuan: 252
  - Phu Tho: 252
  - Phu Yen: 252
  - Quang Binh: 252
  - Quang Nam: 252
  - Quang Ngai: 252
  - Quang Ninh: 252
  - Quang Tri: 252
  - Soc Trang: 252
  - Son La: 252
  - Tay Ninh: 252
  - Thai Binh: 252
  - Thai Nguyen: 252
  - Thanh Hoa: 252
  - Thua Thien Hue: 252
  - Tien Giang: 252
  - Tra Vinh: 252
  - Tuyen Quang: 252
  - Vinh Long: 252
  - Vinh Phuc: 252
  - Yen Bai: 251
[Bootstrap] Progress:
  - Hanoi: 256
  - Ho Chi Minh: 256
  - Hai Phong: 256
  - Da Nang: 256
  - Can Tho: 255
  - An Giang: 255
  - Ba Ria - Vung Tau: 255
  - Bac Giang: 255
  - Bac Kan: 255
  - Bac Lieu: 255
  - Bac Ninh: 254
  - Ben Tre: 254
  - Binh Dinh: 254
  - Binh Duong: 254
  - Binh Phuoc: 254
  - Binh Thuan: 254
  - Ca Mau: 254
  - Cao Bang: 254
  - Dak Lak: 254
  - Dak Nong: 254
  - Dien Bien: 254
  - Dong Nai: 254
  - Dong Thap: 254
  - Gia Lai: 254
  - Ha Giang: 254
  - Ha Nam: 254
  - Ha Tinh: 254
  - Hai Duong: 254
  - Hau Giang: 254
  - Hoa Binh: 254
  - Hung Yen: 254
  - Khanh Hoa: 254
  - Kien Giang: 254
  - Kon Tum: 254
  - Lai Chau: 254
  - Lam Dong: 254
  - Lang Son: 254
  - Lao Cai: 254
  - Long An: 253
  - Nam Dinh: 253
  - Nghe An: 253
  - Ninh Binh: 253
  - Ninh Thuan: 253
  - Phu Tho: 253
  - Phu Yen: 253
  - Quang Binh: 253
  - Quang Nam: 253
  - Quang Ngai: 253
  - Quang Ninh: 253
  - Quang Tri: 253
  - Soc Trang: 253
  - Son La: 253
  - Tay Ninh: 253
  - Thai Binh: 253
  - Thai Nguyen: 253
  - Thanh Hoa: 253
  - Thua Thien Hue: 253
  - Tien Giang: 253
  - Tra Vinh: 253
  - Tuyen Quang: 253
  - Vinh Long: 253
  - Vinh Phuc: 253
  - Yen Bai: 252
[Bootstrap] Progress:
  - Hanoi: 258
  - Ho Chi Minh: 258
  - Hai Phong: 258
  - Da Nang: 258
  - Can Tho: 257
  - An Giang: 257
  - Ba Ria - Vung Tau: 257
  - Bac Giang: 257
  - Bac Kan: 257
  - Bac Lieu: 257
  - Bac Ninh: 257
  - Ben Tre: 257
  - Binh Dinh: 257
  - Binh Duong: 257
  - Binh Phuoc: 257
  - Binh Thuan: 257
  - Ca Mau: 257
  - Cao Bang: 257
  - Dak Lak: 257
  - Dak Nong: 257
  - Dien Bien: 257
  - Dong Nai: 257
  - Dong Thap: 257
  - Gia Lai: 257
  - Ha Giang: 257
  - Ha Nam: 257
  - Ha Tinh: 257
  - Hai Duong: 257
  - Hau Giang: 257
  - Hoa Binh: 257
  - Hung Yen: 257
  - Khanh Hoa: 257
  - Kien Giang: 257
  - Kon Tum: 257
  - Lai Chau: 257
  - Lam Dong: 257
  - Lang Son: 257
  - Lao Cai: 257
  - Long An: 256
  - Nam Dinh: 256
  - Nghe An: 256
  - Ninh Binh: 256
  - Ninh Thuan: 256
  - Phu Tho: 256
  - Phu Yen: 256
  - Quang Binh: 256
  - Quang Nam: 256
  - Quang Ngai: 256
  - Quang Ninh: 256
  - Quang Tri: 256
  - Soc Trang: 256
  - Son La: 256
  - Tay Ninh: 256
  - Thai Binh: 256
  - Thai Nguyen: 256
  - Thanh Hoa: 256
  - Thua Thien Hue: 256
  - Tien Giang: 256
  - Tra Vinh: 256
  - Tuyen Quang: 256
  - Vinh Long: 256
  - Vinh Phuc: 256
  - Yen Bai: 255
[Bootstrap] Progress:
  - Hanoi: 259
  - Ho Chi Minh: 259
  - Hai Phong: 259
  - Da Nang: 259
  - Can Tho: 258
  - An Giang: 258
  - Ba Ria - Vung Tau: 258
  - Bac Giang: 258
  - Bac Kan: 258
  - Bac Lieu: 258
  - Bac Ninh: 258
  - Ben Tre: 258
  - Binh Dinh: 258
  - Binh Duong: 258
  - Binh Phuoc: 258
  - Binh Thuan: 258
  - Ca Mau: 258
  - Cao Bang: 258
  - Dak Lak: 258
  - Dak Nong: 258
  - Dien Bien: 258
  - Dong Nai: 258
  - Dong Thap: 258
  - Gia Lai: 258
  - Ha Giang: 258
  - Ha Nam: 258
  - Ha Tinh: 258
  - Hai Duong: 258
  - Hau Giang: 258
  - Hoa Binh: 258
  - Hung Yen: 258
  - Khanh Hoa: 258
  - Kien Giang: 258
  - Kon Tum: 258
  - Lai Chau: 258
  - Lam Dong: 258
  - Lang Son: 258
  - Lao Cai: 258
  - Long An: 257
  - Nam Dinh: 257
  - Nghe An: 257
  - Ninh Binh: 257
  - Ninh Thuan: 257
  - Phu Tho: 257
  - Phu Yen: 257
  - Quang Binh: 257
  - Quang Nam: 257
  - Quang Ngai: 257
  - Quang Ninh: 257
  - Quang Tri: 257
  - Soc Trang: 257
  - Son La: 257
  - Tay Ninh: 257
  - Thai Binh: 257
  - Thai Nguyen: 257
  - Thanh Hoa: 257
  - Thua Thien Hue: 257
  - Tien Giang: 257
  - Tra Vinh: 257
  - Tuyen Quang: 257
  - Vinh Long: 257
  - Vinh Phuc: 257
  - Yen Bai: 256
[Bootstrap] Progress:
  - Hanoi: 260
  - Ho Chi Minh: 260
  - Hai Phong: 260
  - Da Nang: 260
  - Can Tho: 259
  - An Giang: 259
  - Ba Ria - Vung Tau: 259
  - Bac Giang: 259
  - Bac Kan: 259
  - Bac Lieu: 259
  - Bac Ninh: 259
  - Ben Tre: 259
  - Binh Dinh: 259
  - Binh Duong: 259
  - Binh Phuoc: 259
  - Binh Thuan: 259
  - Ca Mau: 259
  - Cao Bang: 259
  - Dak Lak: 259
  - Dak Nong: 259
  - Dien Bien: 259
  - Dong Nai: 259
  - Dong Thap: 259
  - Gia Lai: 259
  - Ha Giang: 259
  - Ha Nam: 259
  - Ha Tinh: 259
  - Hai Duong: 259
  - Hau Giang: 259
  - Hoa Binh: 259
  - Hung Yen: 259
  - Khanh Hoa: 259
  - Kien Giang: 259
  - Kon Tum: 259
  - Lai Chau: 259
  - Lam Dong: 259
  - Lang Son: 259
  - Lao Cai: 259
  - Long An: 258
  - Nam Dinh: 258
  - Nghe An: 258
  - Ninh Binh: 258
  - Ninh Thuan: 258
  - Phu Tho: 258
  - Phu Yen: 258
  - Quang Binh: 258
  - Quang Nam: 258
  - Quang Ngai: 258
  - Quang Ninh: 258
  - Quang Tri: 258
  - Soc Trang: 258
  - Son La: 258
  - Tay Ninh: 258
  - Thai Binh: 258
  - Thai Nguyen: 258
  - Thanh Hoa: 258
  - Thua Thien Hue: 258
  - Tien Giang: 258
  - Tra Vinh: 258
  - Tuyen Quang: 258
  - Vinh Long: 258
  - Vinh Phuc: 258
  - Yen Bai: 257
[Bootstrap] Progress:
  - Hanoi: 261
  - Ho Chi Minh: 261
  - Hai Phong: 261
  - Da Nang: 261
  - Can Tho: 260
  - An Giang: 260
  - Ba Ria - Vung Tau: 260
  - Bac Giang: 260
  - Bac Kan: 260
  - Bac Lieu: 260
  - Bac Ninh: 260
  - Ben Tre: 260
  - Binh Dinh: 260
  - Binh Duong: 260
  - Binh Phuoc: 260
  - Binh Thuan: 260
  - Ca Mau: 260
  - Cao Bang: 260
  - Dak Lak: 260
  - Dak Nong: 260
  - Dien Bien: 260
  - Dong Nai: 260
  - Dong Thap: 260
  - Gia Lai: 260
  - Ha Giang: 260
  - Ha Nam: 260
  - Ha Tinh: 260
  - Hai Duong: 260
  - Hau Giang: 260
  - Hoa Binh: 260
  - Hung Yen: 260
  - Khanh Hoa: 260
  - Kien Giang: 260
  - Kon Tum: 260
  - Lai Chau: 260
  - Lam Dong: 260
  - Lang Son: 260
  - Lao Cai: 260
  - Long An: 259
  - Nam Dinh: 259
  - Nghe An: 259
  - Ninh Binh: 259
  - Ninh Thuan: 259
  - Phu Tho: 259
  - Phu Yen: 259
  - Quang Binh: 259
  - Quang Nam: 259
  - Quang Ngai: 259
  - Quang Ninh: 259
  - Quang Tri: 259
  - Soc Trang: 259
  - Son La: 259
  - Tay Ninh: 259
  - Thai Binh: 259
  - Thai Nguyen: 259
  - Thanh Hoa: 259
  - Thua Thien Hue: 259
  - Tien Giang: 259
  - Tra Vinh: 259
  - Tuyen Quang: 259
  - Vinh Long: 259
  - Vinh Phuc: 259
  - Yen Bai: 258
[Bootstrap] Progress:
  - Hanoi: 262
  - Ho Chi Minh: 262
  - Hai Phong: 262
  - Da Nang: 262
  - Can Tho: 261
  - An Giang: 261
  - Ba Ria - Vung Tau: 261
  - Bac Giang: 261
  - Bac Kan: 261
  - Bac Lieu: 261
  - Bac Ninh: 261
  - Ben Tre: 261
  - Binh Dinh: 261
  - Binh Duong: 261
  - Binh Phuoc: 261
  - Binh Thuan: 261
  - Ca Mau: 261
  - Cao Bang: 261
  - Dak Lak: 261
  - Dak Nong: 261
  - Dien Bien: 261
  - Dong Nai: 261
  - Dong Thap: 261
  - Gia Lai: 261
  - Ha Giang: 261
  - Ha Nam: 261
  - Ha Tinh: 261
  - Hai Duong: 261
  - Hau Giang: 261
  - Hoa Binh: 261
  - Hung Yen: 261
  - Khanh Hoa: 261
  - Kien Giang: 261
  - Kon Tum: 261
  - Lai Chau: 261
  - Lam Dong: 261
  - Lang Son: 261
  - Lao Cai: 261
  - Long An: 260
  - Nam Dinh: 260
  - Nghe An: 260
  - Ninh Binh: 260
  - Ninh Thuan: 260
  - Phu Tho: 260
  - Phu Yen: 260
  - Quang Binh: 260
  - Quang Nam: 260
  - Quang Ngai: 260
  - Quang Ninh: 260
  - Quang Tri: 260
  - Soc Trang: 260
  - Son La: 260
  - Tay Ninh: 260
  - Thai Binh: 260
  - Thai Nguyen: 260
  - Thanh Hoa: 260
  - Thua Thien Hue: 260
  - Tien Giang: 260
  - Tra Vinh: 260
  - Tuyen Quang: 260
  - Vinh Long: 260
  - Vinh Phuc: 260
  - Yen Bai: 259
[Bootstrap] Progress:
  - Hanoi: 263
  - Ho Chi Minh: 263
  - Hai Phong: 263
  - Da Nang: 263
  - Can Tho: 262
  - An Giang: 262
  - Ba Ria - Vung Tau: 262
  - Bac Giang: 262
  - Bac Kan: 262
  - Bac Lieu: 262
  - Bac Ninh: 262
  - Ben Tre: 262
  - Binh Dinh: 262
  - Binh Duong: 262
  - Binh Phuoc: 262
  - Binh Thuan: 262
  - Ca Mau: 262
  - Cao Bang: 262
  - Dak Lak: 262
  - Dak Nong: 262
  - Dien Bien: 262
  - Dong Nai: 262
  - Dong Thap: 262
  - Gia Lai: 262
  - Ha Giang: 262
  - Ha Nam: 262
  - Ha Tinh: 262
  - Hai Duong: 262
  - Hau Giang: 262
  - Hoa Binh: 262
  - Hung Yen: 262
  - Khanh Hoa: 262
  - Kien Giang: 262
  - Kon Tum: 262
  - Lai Chau: 262
  - Lam Dong: 262
  - Lang Son: 262
  - Lao Cai: 262
  - Long An: 261
  - Nam Dinh: 261
  - Nghe An: 261
  - Ninh Binh: 261
  - Ninh Thuan: 261
  - Phu Tho: 261
  - Phu Yen: 261
  - Quang Binh: 261
  - Quang Nam: 261
  - Quang Ngai: 261
  - Quang Ninh: 261
  - Quang Tri: 261
  - Soc Trang: 261
  - Son La: 261
  - Tay Ninh: 261
  - Thai Binh: 261
  - Thai Nguyen: 261
  - Thanh Hoa: 261
  - Thua Thien Hue: 261
  - Tien Giang: 261
  - Tra Vinh: 261
  - Tuyen Quang: 261
  - Vinh Long: 261
  - Vinh Phuc: 261
  - Yen Bai: 260
[Bootstrap] Progress:
  - Hanoi: 264
  - Ho Chi Minh: 264
  - Hai Phong: 264
  - Da Nang: 264
  - Can Tho: 263
  - An Giang: 263
  - Ba Ria - Vung Tau: 263
  - Bac Giang: 263
  - Bac Kan: 263
  - Bac Lieu: 263
  - Bac Ninh: 263
  - Ben Tre: 263
  - Binh Dinh: 263
  - Binh Duong: 263
  - Binh Phuoc: 263
  - Binh Thuan: 263
  - Ca Mau: 263
  - Cao Bang: 263
  - Dak Lak: 263
  - Dak Nong: 263
  - Dien Bien: 263
  - Dong Nai: 263
  - Dong Thap: 263
  - Gia Lai: 263
  - Ha Giang: 263
  - Ha Nam: 263
  - Ha Tinh: 263
  - Hai Duong: 263
  - Hau Giang: 263
  - Hoa Binh: 263
  - Hung Yen: 263
  - Khanh Hoa: 263
  - Kien Giang: 263
  - Kon Tum: 263
  - Lai Chau: 263
  - Lam Dong: 263
  - Lang Son: 263
  - Lao Cai: 263
  - Long An: 262
  - Nam Dinh: 262
  - Nghe An: 262
  - Ninh Binh: 262
  - Ninh Thuan: 262
  - Phu Tho: 262
  - Phu Yen: 262
  - Quang Binh: 262
  - Quang Nam: 262
  - Quang Ngai: 262
  - Quang Ninh: 262
  - Quang Tri: 262
  - Soc Trang: 262
  - Son La: 262
  - Tay Ninh: 262
  - Thai Binh: 262
  - Thai Nguyen: 262
  - Thanh Hoa: 262
  - Thua Thien Hue: 262
  - Tien Giang: 262
  - Tra Vinh: 262
  - Tuyen Quang: 262
  - Vinh Long: 262
  - Vinh Phuc: 262
  - Yen Bai: 261
[Bootstrap] Progress:
  - Hanoi: 265
  - Ho Chi Minh: 265
  - Hai Phong: 265
  - Da Nang: 265
  - Can Tho: 264
  - An Giang: 264
  - Ba Ria - Vung Tau: 264
  - Bac Giang: 264
  - Bac Kan: 264
  - Bac Lieu: 264
  - Bac Ninh: 264
  - Ben Tre: 264
  - Binh Dinh: 264
  - Binh Duong: 264
  - Binh Phuoc: 264
  - Binh Thuan: 264
  - Ca Mau: 264
  - Cao Bang: 264
  - Dak Lak: 264
  - Dak Nong: 264
  - Dien Bien: 264
  - Dong Nai: 264
  - Dong Thap: 264
  - Gia Lai: 264
  - Ha Giang: 264
  - Ha Nam: 264
  - Ha Tinh: 264
  - Hai Duong: 264
  - Hau Giang: 264
  - Hoa Binh: 264
  - Hung Yen: 264
  - Khanh Hoa: 264
  - Kien Giang: 264
  - Kon Tum: 264
  - Lai Chau: 264
  - Lam Dong: 264
  - Lang Son: 264
  - Lao Cai: 264
  - Long An: 263
  - Nam Dinh: 263
  - Nghe An: 263
  - Ninh Binh: 263
  - Ninh Thuan: 263
  - Phu Tho: 263
  - Phu Yen: 263
  - Quang Binh: 263
  - Quang Nam: 263
  - Quang Ngai: 263
  - Quang Ninh: 263
  - Quang Tri: 263
  - Soc Trang: 263
  - Son La: 263
  - Tay Ninh: 263
  - Thai Binh: 263
  - Thai Nguyen: 263
  - Thanh Hoa: 263
  - Thua Thien Hue: 263
  - Tien Giang: 263
  - Tra Vinh: 263
  - Tuyen Quang: 263
  - Vinh Long: 263
  - Vinh Phuc: 263
  - Yen Bai: 262
[Bootstrap] Progress:
  - Hanoi: 266
  - Ho Chi Minh: 266
  - Hai Phong: 266
  - Da Nang: 266
  - Can Tho: 265
  - An Giang: 265
  - Ba Ria - Vung Tau: 265
  - Bac Giang: 265
  - Bac Kan: 265
  - Bac Lieu: 265
  - Bac Ninh: 265
  - Ben Tre: 265
  - Binh Dinh: 265
  - Binh Duong: 265
  - Binh Phuoc: 265
  - Binh Thuan: 265
  - Ca Mau: 265
  - Cao Bang: 265
  - Dak Lak: 265
  - Dak Nong: 265
  - Dien Bien: 265
  - Dong Nai: 265
  - Dong Thap: 265
  - Gia Lai: 265
  - Ha Giang: 265
  - Ha Nam: 265
  - Ha Tinh: 265
  - Hai Duong: 265
  - Hau Giang: 265
  - Hoa Binh: 265
  - Hung Yen: 265
  - Khanh Hoa: 265
  - Kien Giang: 265
  - Kon Tum: 265
  - Lai Chau: 265
  - Lam Dong: 265
  - Lang Son: 265
  - Lao Cai: 265
  - Long An: 264
  - Nam Dinh: 264
  - Nghe An: 264
  - Ninh Binh: 264
  - Ninh Thuan: 264
  - Phu Tho: 264
  - Phu Yen: 264
  - Quang Binh: 264
  - Quang Nam: 264
  - Quang Ngai: 264
  - Quang Ninh: 264
  - Quang Tri: 264
  - Soc Trang: 264
  - Son La: 264
  - Tay Ninh: 264
  - Thai Binh: 264
  - Thai Nguyen: 264
  - Thanh Hoa: 264
  - Thua Thien Hue: 264
  - Tien Giang: 264
  - Tra Vinh: 264
  - Tuyen Quang: 264
  - Vinh Long: 264
  - Vinh Phuc: 264
  - Yen Bai: 263
[Bootstrap] Progress:
  - Hanoi: 267
  - Ho Chi Minh: 267
  - Hai Phong: 267
  - Da Nang: 267
  - Can Tho: 266
  - An Giang: 266
  - Ba Ria - Vung Tau: 266
  - Bac Giang: 266
  - Bac Kan: 266
  - Bac Lieu: 266
  - Bac Ninh: 266
  - Ben Tre: 266
  - Binh Dinh: 266
  - Binh Duong: 266
  - Binh Phuoc: 266
  - Binh Thuan: 266
  - Ca Mau: 266
  - Cao Bang: 266
  - Dak Lak: 266
  - Dak Nong: 266
  - Dien Bien: 266
  - Dong Nai: 266
  - Dong Thap: 266
  - Gia Lai: 266
  - Ha Giang: 266
  - Ha Nam: 266
  - Ha Tinh: 266
  - Hai Duong: 266
  - Hau Giang: 266
  - Hoa Binh: 266
  - Hung Yen: 266
  - Khanh Hoa: 266
  - Kien Giang: 266
  - Kon Tum: 266
  - Lai Chau: 266
  - Lam Dong: 266
  - Lang Son: 266
  - Lao Cai: 266
  - Long An: 265
  - Nam Dinh: 265
  - Nghe An: 265
  - Ninh Binh: 265
  - Ninh Thuan: 265
  - Phu Tho: 265
  - Phu Yen: 265
  - Quang Binh: 265
  - Quang Nam: 265
  - Quang Ngai: 265
  - Quang Ninh: 265
  - Quang Tri: 265
  - Soc Trang: 265
  - Son La: 265
  - Tay Ninh: 265
  - Thai Binh: 265
  - Thai Nguyen: 265
  - Thanh Hoa: 265
  - Thua Thien Hue: 265
  - Tien Giang: 265
  - Tra Vinh: 265
  - Tuyen Quang: 265
  - Vinh Long: 265
  - Vinh Phuc: 265
  - Yen Bai: 264
[Bootstrap] Progress:
  - Hanoi: 268
  - Ho Chi Minh: 268
  - Hai Phong: 268
  - Da Nang: 268
  - Can Tho: 267
  - An Giang: 267
  - Ba Ria - Vung Tau: 267
  - Bac Giang: 267
  - Bac Kan: 267
  - Bac Lieu: 267
  - Bac Ninh: 267
  - Ben Tre: 267
  - Binh Dinh: 267
  - Binh Duong: 267
  - Binh Phuoc: 267
  - Binh Thuan: 267
  - Ca Mau: 267
  - Cao Bang: 267
  - Dak Lak: 267
  - Dak Nong: 267
  - Dien Bien: 267
  - Dong Nai: 267
  - Dong Thap: 267
  - Gia Lai: 267
  - Ha Giang: 267
  - Ha Nam: 267
  - Ha Tinh: 267
  - Hai Duong: 267
  - Hau Giang: 267
  - Hoa Binh: 267
  - Hung Yen: 267
  - Khanh Hoa: 267
  - Kien Giang: 267
  - Kon Tum: 267
  - Lai Chau: 267
  - Lam Dong: 267
  - Lang Son: 267
  - Lao Cai: 267
  - Long An: 266
  - Nam Dinh: 266
  - Nghe An: 266
  - Ninh Binh: 266
  - Ninh Thuan: 266
  - Phu Tho: 266
  - Phu Yen: 266
  - Quang Binh: 266
  - Quang Nam: 266
  - Quang Ngai: 266
  - Quang Ninh: 266
  - Quang Tri: 266
  - Soc Trang: 266
  - Son La: 266
  - Tay Ninh: 266
  - Thai Binh: 266
  - Thai Nguyen: 266
  - Thanh Hoa: 266
  - Thua Thien Hue: 266
  - Tien Giang: 266
  - Tra Vinh: 266
  - Tuyen Quang: 266
  - Vinh Long: 266
  - Vinh Phuc: 266
  - Yen Bai: 265
[Bootstrap] Progress:
  - Hanoi: 270
  - Ho Chi Minh: 270
  - Hai Phong: 270
  - Da Nang: 270
  - Can Tho: 269
  - An Giang: 269
  - Ba Ria - Vung Tau: 268
  - Bac Giang: 268
  - Bac Kan: 268
  - Bac Lieu: 268
  - Bac Ninh: 268
  - Ben Tre: 268
  - Binh Dinh: 268
  - Binh Duong: 268
  - Binh Phuoc: 268
  - Binh Thuan: 268
  - Ca Mau: 268
  - Cao Bang: 268
  - Dak Lak: 268
  - Dak Nong: 268
  - Dien Bien: 268
  - Dong Nai: 268
  - Dong Thap: 268
  - Gia Lai: 268
  - Ha Giang: 268
  - Ha Nam: 268
  - Ha Tinh: 268
  - Hai Duong: 268
  - Hau Giang: 268
  - Hoa Binh: 268
  - Hung Yen: 268
  - Khanh Hoa: 268
  - Kien Giang: 268
  - Kon Tum: 268
  - Lai Chau: 268
  - Lam Dong: 268
  - Lang Son: 268
  - Lao Cai: 268
  - Long An: 267
  - Nam Dinh: 267
  - Nghe An: 267
  - Ninh Binh: 267
  - Ninh Thuan: 267
  - Phu Tho: 267
  - Phu Yen: 267
  - Quang Binh: 267
  - Quang Nam: 267
  - Quang Ngai: 267
  - Quang Ninh: 267
  - Quang Tri: 267
  - Soc Trang: 267
  - Son La: 267
  - Tay Ninh: 267
  - Thai Binh: 267
  - Thai Nguyen: 267
  - Thanh Hoa: 267
  - Thua Thien Hue: 267
  - Tien Giang: 267
  - Tra Vinh: 267
  - Tuyen Quang: 267
  - Vinh Long: 267
  - Vinh Phuc: 267
  - Yen Bai: 266
[Bootstrap] Progress:
  - Hanoi: 272
  - Ho Chi Minh: 272
  - Hai Phong: 272
  - Da Nang: 272
  - Can Tho: 271
  - An Giang: 271
  - Ba Ria - Vung Tau: 271
  - Bac Giang: 271
  - Bac Kan: 271
  - Bac Lieu: 271
  - Bac Ninh: 271
  - Ben Tre: 271
  - Binh Dinh: 271
  - Binh Duong: 271
  - Binh Phuoc: 271
  - Binh Thuan: 271
  - Ca Mau: 271
  - Cao Bang: 271
  - Dak Lak: 271
  - Dak Nong: 271
  - Dien Bien: 271
  - Dong Nai: 271
  - Dong Thap: 271
  - Gia Lai: 271
  - Ha Giang: 271
  - Ha Nam: 271
  - Ha Tinh: 271
  - Hai Duong: 271
  - Hau Giang: 271
  - Hoa Binh: 271
  - Hung Yen: 271
  - Khanh Hoa: 271
  - Kien Giang: 271
  - Kon Tum: 271
  - Lai Chau: 271
  - Lam Dong: 271
  - Lang Son: 271
  - Lao Cai: 271
  - Long An: 270
  - Nam Dinh: 270
  - Nghe An: 270
  - Ninh Binh: 270
  - Ninh Thuan: 270
  - Phu Tho: 270
  - Phu Yen: 270
  - Quang Binh: 270
  - Quang Nam: 270
  - Quang Ngai: 270
  - Quang Ninh: 270
  - Quang Tri: 270
  - Soc Trang: 270
  - Son La: 270
  - Tay Ninh: 270
  - Thai Binh: 270
  - Thai Nguyen: 270
  - Thanh Hoa: 270
  - Thua Thien Hue: 270
  - Tien Giang: 270
  - Tra Vinh: 270
  - Tuyen Quang: 270
  - Vinh Long: 270
  - Vinh Phuc: 270
  - Yen Bai: 269
[Bootstrap] Progress:
  - Hanoi: 273
  - Ho Chi Minh: 273
  - Hai Phong: 273
  - Da Nang: 273
  - Can Tho: 272
  - An Giang: 272
  - Ba Ria - Vung Tau: 272
  - Bac Giang: 272
  - Bac Kan: 272
  - Bac Lieu: 272
  - Bac Ninh: 272
  - Ben Tre: 272
  - Binh Dinh: 272
  - Binh Duong: 272
  - Binh Phuoc: 272
  - Binh Thuan: 272
  - Ca Mau: 272
  - Cao Bang: 272
  - Dak Lak: 272
  - Dak Nong: 272
  - Dien Bien: 272
  - Dong Nai: 272
  - Dong Thap: 272
  - Gia Lai: 272
  - Ha Giang: 272
  - Ha Nam: 272
  - Ha Tinh: 272
  - Hai Duong: 272
  - Hau Giang: 272
  - Hoa Binh: 272
  - Hung Yen: 272
  - Khanh Hoa: 272
  - Kien Giang: 272
  - Kon Tum: 272
  - Lai Chau: 272
  - Lam Dong: 272
  - Lang Son: 272
  - Lao Cai: 272
  - Long An: 271
  - Nam Dinh: 271
  - Nghe An: 271
  - Ninh Binh: 271
  - Ninh Thuan: 271
  - Phu Tho: 271
  - Phu Yen: 271
  - Quang Binh: 271
  - Quang Nam: 271
  - Quang Ngai: 271
  - Quang Ninh: 271
  - Quang Tri: 271
  - Soc Trang: 271
  - Son La: 271
  - Tay Ninh: 271
  - Thai Binh: 271
  - Thai Nguyen: 271
  - Thanh Hoa: 271
  - Thua Thien Hue: 271
  - Tien Giang: 271
  - Tra Vinh: 271
  - Tuyen Quang: 271
  - Vinh Long: 271
  - Vinh Phuc: 271
  - Yen Bai: 270
[Bootstrap] Progress:
  - Hanoi: 274
  - Ho Chi Minh: 274
  - Hai Phong: 274
  - Da Nang: 274
  - Can Tho: 273
  - An Giang: 273
  - Ba Ria - Vung Tau: 273
  - Bac Giang: 273
  - Bac Kan: 273
  - Bac Lieu: 273
  - Bac Ninh: 273
  - Ben Tre: 273
  - Binh Dinh: 273
  - Binh Duong: 273
  - Binh Phuoc: 273
  - Binh Thuan: 273
  - Ca Mau: 273
  - Cao Bang: 273
  - Dak Lak: 273
  - Dak Nong: 273
  - Dien Bien: 273
  - Dong Nai: 273
  - Dong Thap: 273
  - Gia Lai: 273
  - Ha Giang: 273
  - Ha Nam: 273
  - Ha Tinh: 273
  - Hai Duong: 273
  - Hau Giang: 273
  - Hoa Binh: 273
  - Hung Yen: 273
  - Khanh Hoa: 273
  - Kien Giang: 273
  - Kon Tum: 273
  - Lai Chau: 273
  - Lam Dong: 273
  - Lang Son: 273
  - Lao Cai: 273
  - Long An: 272
  - Nam Dinh: 272
  - Nghe An: 272
  - Ninh Binh: 272
  - Ninh Thuan: 272
  - Phu Tho: 272
  - Phu Yen: 272
  - Quang Binh: 272
  - Quang Nam: 272
  - Quang Ngai: 272
  - Quang Ninh: 272
  - Quang Tri: 272
  - Soc Trang: 272
  - Son La: 272
  - Tay Ninh: 272
  - Thai Binh: 272
  - Thai Nguyen: 272
  - Thanh Hoa: 272
  - Thua Thien Hue: 272
  - Tien Giang: 272
  - Tra Vinh: 272
  - Tuyen Quang: 272
  - Vinh Long: 272
  - Vinh Phuc: 272
  - Yen Bai: 271
[Bootstrap] Progress:
  - Hanoi: 275
  - Ho Chi Minh: 275
  - Hai Phong: 275
  - Da Nang: 275
  - Can Tho: 274
  - An Giang: 274
  - Ba Ria - Vung Tau: 274
  - Bac Giang: 274
  - Bac Kan: 274
  - Bac Lieu: 274
  - Bac Ninh: 274
  - Ben Tre: 274
  - Binh Dinh: 274
  - Binh Duong: 274
  - Binh Phuoc: 274
  - Binh Thuan: 274
  - Ca Mau: 274
  - Cao Bang: 274
  - Dak Lak: 274
  - Dak Nong: 274
  - Dien Bien: 274
  - Dong Nai: 274
  - Dong Thap: 274
  - Gia Lai: 274
  - Ha Giang: 274
  - Ha Nam: 274
  - Ha Tinh: 274
  - Hai Duong: 274
  - Hau Giang: 274
  - Hoa Binh: 274
  - Hung Yen: 274
  - Khanh Hoa: 274
  - Kien Giang: 274
  - Kon Tum: 274
  - Lai Chau: 274
  - Lam Dong: 274
  - Lang Son: 274
  - Lao Cai: 274
  - Long An: 273
  - Nam Dinh: 273
  - Nghe An: 273
  - Ninh Binh: 273
  - Ninh Thuan: 273
  - Phu Tho: 273
  - Phu Yen: 273
  - Quang Binh: 273
  - Quang Nam: 273
  - Quang Ngai: 273
  - Quang Ninh: 273
  - Quang Tri: 273
  - Soc Trang: 273
  - Son La: 273
  - Tay Ninh: 273
  - Thai Binh: 273
  - Thai Nguyen: 273
  - Thanh Hoa: 273
  - Thua Thien Hue: 273
  - Tien Giang: 273
  - Tra Vinh: 273
  - Tuyen Quang: 273
  - Vinh Long: 273
  - Vinh Phuc: 273
  - Yen Bai: 272
[Bootstrap] Progress:
  - Hanoi: 276
  - Ho Chi Minh: 276
  - Hai Phong: 276
  - Da Nang: 276
  - Can Tho: 275
  - An Giang: 275
  - Ba Ria - Vung Tau: 275
  - Bac Giang: 275
  - Bac Kan: 275
  - Bac Lieu: 275
  - Bac Ninh: 275
  - Ben Tre: 275
  - Binh Dinh: 275
  - Binh Duong: 275
  - Binh Phuoc: 275
  - Binh Thuan: 275
  - Ca Mau: 275
  - Cao Bang: 275
  - Dak Lak: 275
  - Dak Nong: 275
  - Dien Bien: 275
  - Dong Nai: 275
  - Dong Thap: 275
  - Gia Lai: 275
  - Ha Giang: 275
  - Ha Nam: 275
  - Ha Tinh: 275
  - Hai Duong: 275
  - Hau Giang: 275
  - Hoa Binh: 275
  - Hung Yen: 275
  - Khanh Hoa: 275
  - Kien Giang: 275
  - Kon Tum: 275
  - Lai Chau: 275
  - Lam Dong: 275
  - Lang Son: 275
  - Lao Cai: 275
  - Long An: 274
  - Nam Dinh: 274
  - Nghe An: 274
  - Ninh Binh: 274
  - Ninh Thuan: 274
  - Phu Tho: 274
  - Phu Yen: 274
  - Quang Binh: 274
  - Quang Nam: 274
  - Quang Ngai: 274
  - Quang Ninh: 274
  - Quang Tri: 274
  - Soc Trang: 274
  - Son La: 274
  - Tay Ninh: 274
  - Thai Binh: 274
  - Thai Nguyen: 274
  - Thanh Hoa: 274
  - Thua Thien Hue: 274
  - Tien Giang: 274
  - Tra Vinh: 274
  - Tuyen Quang: 274
  - Vinh Long: 274
  - Vinh Phuc: 274
  - Yen Bai: 273
[Bootstrap] Progress:
  - Hanoi: 277
  - Ho Chi Minh: 277
  - Hai Phong: 277
  - Da Nang: 277
  - Can Tho: 276
  - An Giang: 276
  - Ba Ria - Vung Tau: 276
  - Bac Giang: 276
  - Bac Kan: 276
  - Bac Lieu: 276
  - Bac Ninh: 276
  - Ben Tre: 276
  - Binh Dinh: 276
  - Binh Duong: 276
  - Binh Phuoc: 276
  - Binh Thuan: 276
  - Ca Mau: 276
  - Cao Bang: 276
  - Dak Lak: 276
  - Dak Nong: 276
  - Dien Bien: 276
  - Dong Nai: 276
  - Dong Thap: 276
  - Gia Lai: 276
  - Ha Giang: 276
  - Ha Nam: 276
  - Ha Tinh: 276
  - Hai Duong: 276
  - Hau Giang: 276
  - Hoa Binh: 276
  - Hung Yen: 276
  - Khanh Hoa: 276
  - Kien Giang: 276
  - Kon Tum: 276
  - Lai Chau: 276
  - Lam Dong: 276
  - Lang Son: 276
  - Lao Cai: 276
  - Long An: 275
  - Nam Dinh: 275
  - Nghe An: 275
  - Ninh Binh: 275
  - Ninh Thuan: 275
  - Phu Tho: 275
  - Phu Yen: 275
  - Quang Binh: 275
  - Quang Nam: 275
  - Quang Ngai: 275
  - Quang Ninh: 275
  - Quang Tri: 275
  - Soc Trang: 275
  - Son La: 275
  - Tay Ninh: 275
  - Thai Binh: 275
  - Thai Nguyen: 275
  - Thanh Hoa: 275
  - Thua Thien Hue: 275
  - Tien Giang: 275
  - Tra Vinh: 275
  - Tuyen Quang: 275
  - Vinh Long: 275
  - Vinh Phuc: 275
  - Yen Bai: 274
[Bootstrap] Progress:
  - Hanoi: 278
  - Ho Chi Minh: 278
  - Hai Phong: 278
  - Da Nang: 278
  - Can Tho: 277
  - An Giang: 277
  - Ba Ria - Vung Tau: 277
  - Bac Giang: 277
  - Bac Kan: 277
  - Bac Lieu: 277
  - Bac Ninh: 277
  - Ben Tre: 277
  - Binh Dinh: 277
  - Binh Duong: 277
  - Binh Phuoc: 277
  - Binh Thuan: 277
  - Ca Mau: 277
  - Cao Bang: 277
  - Dak Lak: 277
  - Dak Nong: 277
  - Dien Bien: 277
  - Dong Nai: 277
  - Dong Thap: 277
  - Gia Lai: 277
  - Ha Giang: 277
  - Ha Nam: 277
  - Ha Tinh: 277
  - Hai Duong: 277
  - Hau Giang: 277
  - Hoa Binh: 277
  - Hung Yen: 277
  - Khanh Hoa: 277
  - Kien Giang: 277
  - Kon Tum: 277
  - Lai Chau: 277
  - Lam Dong: 277
  - Lang Son: 277
  - Lao Cai: 277
  - Long An: 276
  - Nam Dinh: 276
  - Nghe An: 276
  - Ninh Binh: 276
  - Ninh Thuan: 276
  - Phu Tho: 276
  - Phu Yen: 276
  - Quang Binh: 276
  - Quang Nam: 276
  - Quang Ngai: 276
  - Quang Ninh: 276
  - Quang Tri: 276
  - Soc Trang: 276
  - Son La: 276
  - Tay Ninh: 276
  - Thai Binh: 276
  - Thai Nguyen: 276
  - Thanh Hoa: 276
  - Thua Thien Hue: 276
  - Tien Giang: 276
  - Tra Vinh: 276
  - Tuyen Quang: 276
  - Vinh Long: 276
  - Vinh Phuc: 276
  - Yen Bai: 275
[Bootstrap] Progress:
  - Hanoi: 279
  - Ho Chi Minh: 279
  - Hai Phong: 279
  - Da Nang: 279
  - Can Tho: 278
  - An Giang: 278
  - Ba Ria - Vung Tau: 278
  - Bac Giang: 278
  - Bac Kan: 278
  - Bac Lieu: 278
  - Bac Ninh: 278
  - Ben Tre: 278
  - Binh Dinh: 278
  - Binh Duong: 278
  - Binh Phuoc: 278
  - Binh Thuan: 278
  - Ca Mau: 278
  - Cao Bang: 278
  - Dak Lak: 278
  - Dak Nong: 278
  - Dien Bien: 278
  - Dong Nai: 278
  - Dong Thap: 278
  - Gia Lai: 278
  - Ha Giang: 278
  - Ha Nam: 278
  - Ha Tinh: 278
  - Hai Duong: 278
  - Hau Giang: 278
  - Hoa Binh: 278
  - Hung Yen: 278
  - Khanh Hoa: 278
  - Kien Giang: 278
  - Kon Tum: 278
  - Lai Chau: 278
  - Lam Dong: 278
  - Lang Son: 278
  - Lao Cai: 278
  - Long An: 277
  - Nam Dinh: 277
  - Nghe An: 277
  - Ninh Binh: 277
  - Ninh Thuan: 277
  - Phu Tho: 277
  - Phu Yen: 277
  - Quang Binh: 277
  - Quang Nam: 277
  - Quang Ngai: 277
  - Quang Ninh: 277
  - Quang Tri: 277
  - Soc Trang: 277
  - Son La: 277
  - Tay Ninh: 277
  - Thai Binh: 277
  - Thai Nguyen: 277
  - Thanh Hoa: 277
  - Thua Thien Hue: 277
  - Tien Giang: 277
  - Tra Vinh: 277
  - Tuyen Quang: 277
  - Vinh Long: 277
  - Vinh Phuc: 277
  - Yen Bai: 276
[Bootstrap] Progress:
  - Hanoi: 280
  - Ho Chi Minh: 280
  - Hai Phong: 280
  - Da Nang: 280
  - Can Tho: 279
  - An Giang: 279
  - Ba Ria - Vung Tau: 279
  - Bac Giang: 279
  - Bac Kan: 279
  - Bac Lieu: 279
  - Bac Ninh: 279
  - Ben Tre: 279
  - Binh Dinh: 279
  - Binh Duong: 279
  - Binh Phuoc: 279
  - Binh Thuan: 279
  - Ca Mau: 279
  - Cao Bang: 279
  - Dak Lak: 279
  - Dak Nong: 279
  - Dien Bien: 279
  - Dong Nai: 279
  - Dong Thap: 279
  - Gia Lai: 279
  - Ha Giang: 279
  - Ha Nam: 279
  - Ha Tinh: 279
  - Hai Duong: 279
  - Hau Giang: 279
  - Hoa Binh: 279
  - Hung Yen: 279
  - Khanh Hoa: 279
  - Kien Giang: 279
  - Kon Tum: 279
  - Lai Chau: 279
  - Lam Dong: 279
  - Lang Son: 279
  - Lao Cai: 279
  - Long An: 278
  - Nam Dinh: 278
  - Nghe An: 278
  - Ninh Binh: 278
  - Ninh Thuan: 278
  - Phu Tho: 278
  - Phu Yen: 278
  - Quang Binh: 278
  - Quang Nam: 278
  - Quang Ngai: 278
  - Quang Ninh: 278
  - Quang Tri: 278
  - Soc Trang: 278
  - Son La: 278
  - Tay Ninh: 278
  - Thai Binh: 278
  - Thai Nguyen: 278
  - Thanh Hoa: 278
  - Thua Thien Hue: 278
  - Tien Giang: 278
  - Tra Vinh: 278
  - Tuyen Quang: 278
  - Vinh Long: 278
  - Vinh Phuc: 278
  - Yen Bai: 277
[Bootstrap] Progress:
  - Hanoi: 281
  - Ho Chi Minh: 281
  - Hai Phong: 281
  - Da Nang: 281
  - Can Tho: 280
  - An Giang: 280
  - Ba Ria - Vung Tau: 280
  - Bac Giang: 280
  - Bac Kan: 280
  - Bac Lieu: 280
  - Bac Ninh: 280
  - Ben Tre: 280
  - Binh Dinh: 280
  - Binh Duong: 280
  - Binh Phuoc: 280
  - Binh Thuan: 280
  - Ca Mau: 280
  - Cao Bang: 280
  - Dak Lak: 280
  - Dak Nong: 280
  - Dien Bien: 280
  - Dong Nai: 280
  - Dong Thap: 280
  - Gia Lai: 280
  - Ha Giang: 280
  - Ha Nam: 280
  - Ha Tinh: 280
  - Hai Duong: 280
  - Hau Giang: 280
  - Hoa Binh: 280
  - Hung Yen: 280
  - Khanh Hoa: 280
  - Kien Giang: 280
  - Kon Tum: 280
  - Lai Chau: 280
  - Lam Dong: 280
  - Lang Son: 280
  - Lao Cai: 280
  - Long An: 279
  - Nam Dinh: 279
  - Nghe An: 279
  - Ninh Binh: 279
  - Ninh Thuan: 279
  - Phu Tho: 279
  - Phu Yen: 279
  - Quang Binh: 279
  - Quang Nam: 279
  - Quang Ngai: 279
  - Quang Ninh: 279
  - Quang Tri: 279
  - Soc Trang: 279
  - Son La: 279
  - Tay Ninh: 279
  - Thai Binh: 279
  - Thai Nguyen: 279
  - Thanh Hoa: 279
  - Thua Thien Hue: 279
  - Tien Giang: 279
  - Tra Vinh: 279
  - Tuyen Quang: 279
  - Vinh Long: 279
  - Vinh Phuc: 279
  - Yen Bai: 278
[Bootstrap] Progress:
  - Hanoi: 282
  - Ho Chi Minh: 282
  - Hai Phong: 282
  - Da Nang: 282
  - Can Tho: 281
  - An Giang: 281
  - Ba Ria - Vung Tau: 281
  - Bac Giang: 281
  - Bac Kan: 281
  - Bac Lieu: 281
  - Bac Ninh: 281
  - Ben Tre: 281
  - Binh Dinh: 281
  - Binh Duong: 281
  - Binh Phuoc: 281
  - Binh Thuan: 281
  - Ca Mau: 281
  - Cao Bang: 281
  - Dak Lak: 281
  - Dak Nong: 281
  - Dien Bien: 281
  - Dong Nai: 281
  - Dong Thap: 281
  - Gia Lai: 281
  - Ha Giang: 281
  - Ha Nam: 281
  - Ha Tinh: 281
  - Hai Duong: 281
  - Hau Giang: 281
  - Hoa Binh: 281
  - Hung Yen: 281
  - Khanh Hoa: 281
  - Kien Giang: 281
  - Kon Tum: 281
  - Lai Chau: 281
  - Lam Dong: 281
  - Lang Son: 281
  - Lao Cai: 281
  - Long An: 280
  - Nam Dinh: 280
  - Nghe An: 280
  - Ninh Binh: 280
  - Ninh Thuan: 280
  - Phu Tho: 280
  - Phu Yen: 280
  - Quang Binh: 280
  - Quang Nam: 280
  - Quang Ngai: 280
  - Quang Ninh: 280
  - Quang Tri: 280
  - Soc Trang: 280
  - Son La: 280
  - Tay Ninh: 280
  - Thai Binh: 280
  - Thai Nguyen: 280
  - Thanh Hoa: 280
  - Thua Thien Hue: 280
  - Tien Giang: 280
  - Tra Vinh: 280
  - Tuyen Quang: 280
  - Vinh Long: 280
  - Vinh Phuc: 280
  - Yen Bai: 279
[Bootstrap] Progress:
  - Hanoi: 285
  - Ho Chi Minh: 285
  - Hai Phong: 285
  - Da Nang: 285
  - Can Tho: 284
  - An Giang: 284
  - Ba Ria - Vung Tau: 284
  - Bac Giang: 284
  - Bac Kan: 284
  - Bac Lieu: 284
  - Bac Ninh: 284
  - Ben Tre: 284
  - Binh Dinh: 284
  - Binh Duong: 284
  - Binh Phuoc: 284
  - Binh Thuan: 284
  - Ca Mau: 284
  - Cao Bang: 284
  - Dak Lak: 284
  - Dak Nong: 284
  - Dien Bien: 284
  - Dong Nai: 284
  - Dong Thap: 284
  - Gia Lai: 284
  - Ha Giang: 284
  - Ha Nam: 284
  - Ha Tinh: 284
  - Hai Duong: 283
  - Hau Giang: 283
  - Hoa Binh: 283
  - Hung Yen: 283
  - Khanh Hoa: 283
  - Kien Giang: 283
  - Kon Tum: 283
  - Lai Chau: 283
  - Lam Dong: 283
  - Lang Son: 283
  - Lao Cai: 283
  - Long An: 282
  - Nam Dinh: 282
  - Nghe An: 282
  - Ninh Binh: 282
  - Ninh Thuan: 282
  - Phu Tho: 281
  - Phu Yen: 281
  - Quang Binh: 281
  - Quang Nam: 281
  - Quang Ngai: 281
  - Quang Ninh: 281
  - Quang Tri: 281
  - Soc Trang: 281
  - Son La: 281
  - Tay Ninh: 281
  - Thai Binh: 281
  - Thai Nguyen: 281
  - Thanh Hoa: 281
  - Thua Thien Hue: 281
  - Tien Giang: 281
  - Tra Vinh: 281
  - Tuyen Quang: 281
  - Vinh Long: 281
  - Vinh Phuc: 281
  - Yen Bai: 280
[Bootstrap] Progress:
  - Hanoi: 286
  - Ho Chi Minh: 286
  - Hai Phong: 286
  - Da Nang: 286
  - Can Tho: 285
  - An Giang: 285
  - Ba Ria - Vung Tau: 285
  - Bac Giang: 285
  - Bac Kan: 285
  - Bac Lieu: 285
  - Bac Ninh: 285
  - Ben Tre: 285
  - Binh Dinh: 285
  - Binh Duong: 285
  - Binh Phuoc: 285
  - Binh Thuan: 285
  - Ca Mau: 285
  - Cao Bang: 285
  - Dak Lak: 285
  - Dak Nong: 285
  - Dien Bien: 285
  - Dong Nai: 285
  - Dong Thap: 285
  - Gia Lai: 285
  - Ha Giang: 285
  - Ha Nam: 285
  - Ha Tinh: 285
  - Hai Duong: 285
  - Hau Giang: 285
  - Hoa Binh: 285
  - Hung Yen: 285
  - Khanh Hoa: 285
  - Kien Giang: 285
  - Kon Tum: 285
  - Lai Chau: 285
  - Lam Dong: 285
  - Lang Son: 285
  - Lao Cai: 285
  - Long An: 284
  - Nam Dinh: 284
  - Nghe An: 284
  - Ninh Binh: 284
  - Ninh Thuan: 284
  - Phu Tho: 284
  - Phu Yen: 284
  - Quang Binh: 284
  - Quang Nam: 284
  - Quang Ngai: 284
  - Quang Ninh: 284
  - Quang Tri: 284
  - Soc Trang: 284
  - Son La: 284
  - Tay Ninh: 284
  - Thai Binh: 284
  - Thai Nguyen: 284
  - Thanh Hoa: 284
  - Thua Thien Hue: 284
  - Tien Giang: 284
  - Tra Vinh: 284
  - Tuyen Quang: 284
  - Vinh Long: 284
  - Vinh Phuc: 284
  - Yen Bai: 283
[Bootstrap] Progress:
  - Hanoi: 287
  - Ho Chi Minh: 287
  - Hai Phong: 287
  - Da Nang: 287
  - Can Tho: 286
  - An Giang: 286
  - Ba Ria - Vung Tau: 286
  - Bac Giang: 286
  - Bac Kan: 286
  - Bac Lieu: 286
  - Bac Ninh: 286
  - Ben Tre: 286
  - Binh Dinh: 286
  - Binh Duong: 286
  - Binh Phuoc: 286
  - Binh Thuan: 286
  - Ca Mau: 286
  - Cao Bang: 286
  - Dak Lak: 286
  - Dak Nong: 286
  - Dien Bien: 286
  - Dong Nai: 286
  - Dong Thap: 286
  - Gia Lai: 286
  - Ha Giang: 286
  - Ha Nam: 286
  - Ha Tinh: 286
  - Hai Duong: 286
  - Hau Giang: 286
  - Hoa Binh: 286
  - Hung Yen: 286
  - Khanh Hoa: 286
  - Kien Giang: 286
  - Kon Tum: 286
  - Lai Chau: 286
  - Lam Dong: 286
  - Lang Son: 286
  - Lao Cai: 286
  - Long An: 285
  - Nam Dinh: 285
  - Nghe An: 285
  - Ninh Binh: 285
  - Ninh Thuan: 285
  - Phu Tho: 285
  - Phu Yen: 285
  - Quang Binh: 285
  - Quang Nam: 285
  - Quang Ngai: 285
  - Quang Ninh: 285
  - Quang Tri: 285
  - Soc Trang: 285
  - Son La: 285
  - Tay Ninh: 285
  - Thai Binh: 285
  - Thai Nguyen: 285
  - Thanh Hoa: 285
  - Thua Thien Hue: 285
  - Tien Giang: 285
  - Tra Vinh: 285
  - Tuyen Quang: 285
  - Vinh Long: 285
  - Vinh Phuc: 285
  - Yen Bai: 284
[Bootstrap] Progress:
  - Hanoi: 288
  - Ho Chi Minh: 288
  - Hai Phong: 288
  - Da Nang: 288
  - Can Tho: 287
  - An Giang: 287
  - Ba Ria - Vung Tau: 287
  - Bac Giang: 287
  - Bac Kan: 287
  - Bac Lieu: 287
  - Bac Ninh: 287
  - Ben Tre: 287
  - Binh Dinh: 287
  - Binh Duong: 287
  - Binh Phuoc: 287
  - Binh Thuan: 287
  - Ca Mau: 287
  - Cao Bang: 287
  - Dak Lak: 287
  - Dak Nong: 287
  - Dien Bien: 287
  - Dong Nai: 287
  - Dong Thap: 287
  - Gia Lai: 287
  - Ha Giang: 287
  - Ha Nam: 287
  - Ha Tinh: 287
  - Hai Duong: 287
  - Hau Giang: 287
  - Hoa Binh: 287
  - Hung Yen: 287
  - Khanh Hoa: 287
  - Kien Giang: 287
  - Kon Tum: 287
  - Lai Chau: 287
  - Lam Dong: 287
  - Lang Son: 287
  - Lao Cai: 287
  - Long An: 286
  - Nam Dinh: 286
  - Nghe An: 286
  - Ninh Binh: 286
  - Ninh Thuan: 286
  - Phu Tho: 286
  - Phu Yen: 286
  - Quang Binh: 286
  - Quang Nam: 286
  - Quang Ngai: 286
  - Quang Ninh: 286
  - Quang Tri: 286
  - Soc Trang: 286
  - Son La: 286
  - Tay Ninh: 286
  - Thai Binh: 286
  - Thai Nguyen: 286
  - Thanh Hoa: 286
  - Thua Thien Hue: 286
  - Tien Giang: 286
  - Tra Vinh: 286
  - Tuyen Quang: 286
  - Vinh Long: 286
  - Vinh Phuc: 286
  - Yen Bai: 285
[Bootstrap] Progress:
  - Hanoi: 289
  - Ho Chi Minh: 289
  - Hai Phong: 289
  - Da Nang: 289
  - Can Tho: 288
  - An Giang: 288
  - Ba Ria - Vung Tau: 288
  - Bac Giang: 288
  - Bac Kan: 288
  - Bac Lieu: 288
  - Bac Ninh: 288
  - Ben Tre: 288
  - Binh Dinh: 288
  - Binh Duong: 288
  - Binh Phuoc: 288
  - Binh Thuan: 288
  - Ca Mau: 288
  - Cao Bang: 288
  - Dak Lak: 288
  - Dak Nong: 288
  - Dien Bien: 288
  - Dong Nai: 288
  - Dong Thap: 288
  - Gia Lai: 288
  - Ha Giang: 288
  - Ha Nam: 288
  - Ha Tinh: 288
  - Hai Duong: 288
  - Hau Giang: 288
  - Hoa Binh: 288
  - Hung Yen: 288
  - Khanh Hoa: 288
  - Kien Giang: 288
  - Kon Tum: 288
  - Lai Chau: 288
  - Lam Dong: 288
  - Lang Son: 288
  - Lao Cai: 288
  - Long An: 287
  - Nam Dinh: 287
  - Nghe An: 287
  - Ninh Binh: 287
  - Ninh Thuan: 287
  - Phu Tho: 287
  - Phu Yen: 287
  - Quang Binh: 287
  - Quang Nam: 287
  - Quang Ngai: 287
  - Quang Ninh: 287
  - Quang Tri: 287
  - Soc Trang: 287
  - Son La: 287
  - Tay Ninh: 287
  - Thai Binh: 287
  - Thai Nguyen: 287
  - Thanh Hoa: 287
  - Thua Thien Hue: 287
  - Tien Giang: 287
  - Tra Vinh: 287
  - Tuyen Quang: 287
  - Vinh Long: 287
  - Vinh Phuc: 287
  - Yen Bai: 286
[Bootstrap] Progress:
  - Hanoi: 290
  - Ho Chi Minh: 290
  - Hai Phong: 290
  - Da Nang: 290
  - Can Tho: 289
  - An Giang: 289
  - Ba Ria - Vung Tau: 289
  - Bac Giang: 289
  - Bac Kan: 289
  - Bac Lieu: 289
  - Bac Ninh: 289
  - Ben Tre: 289
  - Binh Dinh: 289
  - Binh Duong: 289
  - Binh Phuoc: 289
  - Binh Thuan: 289
  - Ca Mau: 289
  - Cao Bang: 289
  - Dak Lak: 289
  - Dak Nong: 289
  - Dien Bien: 289
  - Dong Nai: 289
  - Dong Thap: 289
  - Gia Lai: 289
  - Ha Giang: 289
  - Ha Nam: 289
  - Ha Tinh: 289
  - Hai Duong: 289
  - Hau Giang: 289
  - Hoa Binh: 289
  - Hung Yen: 289
  - Khanh Hoa: 289
  - Kien Giang: 289
  - Kon Tum: 289
  - Lai Chau: 289
  - Lam Dong: 289
  - Lang Son: 289
  - Lao Cai: 289
  - Long An: 288
  - Nam Dinh: 288
  - Nghe An: 288
  - Ninh Binh: 288
  - Ninh Thuan: 288
  - Phu Tho: 288
  - Phu Yen: 288
  - Quang Binh: 288
  - Quang Nam: 288
  - Quang Ngai: 288
  - Quang Ninh: 288
  - Quang Tri: 288
  - Soc Trang: 288
  - Son La: 288
  - Tay Ninh: 288
  - Thai Binh: 288
  - Thai Nguyen: 288
  - Thanh Hoa: 288
  - Thua Thien Hue: 288
  - Tien Giang: 288
  - Tra Vinh: 288
  - Tuyen Quang: 288
  - Vinh Long: 288
  - Vinh Phuc: 288
  - Yen Bai: 287
[Bootstrap] Progress:
  - Hanoi: 291
  - Ho Chi Minh: 291
  - Hai Phong: 291
  - Da Nang: 291
  - Can Tho: 290
  - An Giang: 290
  - Ba Ria - Vung Tau: 290
  - Bac Giang: 290
  - Bac Kan: 290
  - Bac Lieu: 290
  - Bac Ninh: 290
  - Ben Tre: 290
  - Binh Dinh: 290
  - Binh Duong: 290
  - Binh Phuoc: 290
  - Binh Thuan: 290
  - Ca Mau: 290
  - Cao Bang: 290
  - Dak Lak: 290
  - Dak Nong: 290
  - Dien Bien: 290
  - Dong Nai: 290
  - Dong Thap: 290
  - Gia Lai: 290
  - Ha Giang: 290
  - Ha Nam: 290
  - Ha Tinh: 290
  - Hai Duong: 290
  - Hau Giang: 290
  - Hoa Binh: 290
  - Hung Yen: 290
  - Khanh Hoa: 290
  - Kien Giang: 290
  - Kon Tum: 290
  - Lai Chau: 290
  - Lam Dong: 290
  - Lang Son: 290
  - Lao Cai: 290
  - Long An: 289
  - Nam Dinh: 289
  - Nghe An: 289
  - Ninh Binh: 289
  - Ninh Thuan: 289
  - Phu Tho: 289
  - Phu Yen: 289
  - Quang Binh: 289
  - Quang Nam: 289
  - Quang Ngai: 289
  - Quang Ninh: 289
  - Quang Tri: 289
  - Soc Trang: 289
  - Son La: 289
  - Tay Ninh: 289
  - Thai Binh: 289
  - Thai Nguyen: 289
  - Thanh Hoa: 289
  - Thua Thien Hue: 289
  - Tien Giang: 289
  - Tra Vinh: 289
  - Tuyen Quang: 289
  - Vinh Long: 289
  - Vinh Phuc: 289
  - Yen Bai: 288
[Bootstrap] Progress:
  - Hanoi: 292
  - Ho Chi Minh: 292
  - Hai Phong: 292
  - Da Nang: 292
  - Can Tho: 291
  - An Giang: 291
  - Ba Ria - Vung Tau: 291
  - Bac Giang: 291
  - Bac Kan: 291
  - Bac Lieu: 291
  - Bac Ninh: 291
  - Ben Tre: 291
  - Binh Dinh: 291
  - Binh Duong: 291
  - Binh Phuoc: 291
  - Binh Thuan: 291
  - Ca Mau: 291
  - Cao Bang: 291
  - Dak Lak: 291
  - Dak Nong: 291
  - Dien Bien: 291
  - Dong Nai: 291
  - Dong Thap: 291
  - Gia Lai: 291
  - Ha Giang: 291
  - Ha Nam: 291
  - Ha Tinh: 291
  - Hai Duong: 291
  - Hau Giang: 291
  - Hoa Binh: 291
  - Hung Yen: 291
  - Khanh Hoa: 291
  - Kien Giang: 291
  - Kon Tum: 291
  - Lai Chau: 291
  - Lam Dong: 291
  - Lang Son: 291
  - Lao Cai: 291
  - Long An: 290
  - Nam Dinh: 290
  - Nghe An: 290
  - Ninh Binh: 290
  - Ninh Thuan: 290
  - Phu Tho: 290
  - Phu Yen: 290
  - Quang Binh: 290
  - Quang Nam: 290
  - Quang Ngai: 290
  - Quang Ninh: 290
  - Quang Tri: 290
  - Soc Trang: 290
  - Son La: 290
  - Tay Ninh: 290
  - Thai Binh: 290
  - Thai Nguyen: 290
  - Thanh Hoa: 290
  - Thua Thien Hue: 290
  - Tien Giang: 290
  - Tra Vinh: 290
  - Tuyen Quang: 290
  - Vinh Long: 290
  - Vinh Phuc: 290
  - Yen Bai: 289
[Bootstrap] Progress:
  - Hanoi: 293
  - Ho Chi Minh: 293
  - Hai Phong: 293
  - Da Nang: 293
  - Can Tho: 292
  - An Giang: 292
  - Ba Ria - Vung Tau: 292
  - Bac Giang: 292
  - Bac Kan: 292
  - Bac Lieu: 292
  - Bac Ninh: 292
  - Ben Tre: 292
  - Binh Dinh: 292
  - Binh Duong: 292
  - Binh Phuoc: 292
  - Binh Thuan: 292
  - Ca Mau: 292
  - Cao Bang: 292
  - Dak Lak: 292
  - Dak Nong: 292
  - Dien Bien: 292
  - Dong Nai: 292
  - Dong Thap: 292
  - Gia Lai: 292
  - Ha Giang: 292
  - Ha Nam: 292
  - Ha Tinh: 292
  - Hai Duong: 292
  - Hau Giang: 292
  - Hoa Binh: 292
  - Hung Yen: 292
  - Khanh Hoa: 292
  - Kien Giang: 292
  - Kon Tum: 292
  - Lai Chau: 292
  - Lam Dong: 292
  - Lang Son: 292
  - Lao Cai: 292
  - Long An: 291
  - Nam Dinh: 291
  - Nghe An: 291
  - Ninh Binh: 291
  - Ninh Thuan: 291
  - Phu Tho: 291
  - Phu Yen: 291
  - Quang Binh: 291
  - Quang Nam: 291
  - Quang Ngai: 291
  - Quang Ninh: 291
  - Quang Tri: 291
  - Soc Trang: 291
  - Son La: 291
  - Tay Ninh: 291
  - Thai Binh: 291
  - Thai Nguyen: 291
  - Thanh Hoa: 291
  - Thua Thien Hue: 291
  - Tien Giang: 291
  - Tra Vinh: 291
  - Tuyen Quang: 291
  - Vinh Long: 291
  - Vinh Phuc: 291
  - Yen Bai: 290
[Bootstrap] Progress:
  - Hanoi: 294
  - Ho Chi Minh: 294
  - Hai Phong: 294
  - Da Nang: 294
  - Can Tho: 293
  - An Giang: 293
  - Ba Ria - Vung Tau: 293
  - Bac Giang: 293
  - Bac Kan: 293
  - Bac Lieu: 293
  - Bac Ninh: 293
  - Ben Tre: 293
  - Binh Dinh: 293
  - Binh Duong: 293
  - Binh Phuoc: 293
  - Binh Thuan: 293
  - Ca Mau: 293
  - Cao Bang: 293
  - Dak Lak: 293
  - Dak Nong: 293
  - Dien Bien: 293
  - Dong Nai: 293
  - Dong Thap: 293
  - Gia Lai: 293
  - Ha Giang: 293
  - Ha Nam: 293
  - Ha Tinh: 293
  - Hai Duong: 293
  - Hau Giang: 293
  - Hoa Binh: 293
  - Hung Yen: 293
  - Khanh Hoa: 293
  - Kien Giang: 293
  - Kon Tum: 293
  - Lai Chau: 293
  - Lam Dong: 293
  - Lang Son: 293
  - Lao Cai: 293
  - Long An: 292
  - Nam Dinh: 292
  - Nghe An: 292
  - Ninh Binh: 292
  - Ninh Thuan: 292
  - Phu Tho: 292
  - Phu Yen: 292
  - Quang Binh: 292
  - Quang Nam: 292
  - Quang Ngai: 292
  - Quang Ninh: 292
  - Quang Tri: 292
  - Soc Trang: 292
  - Son La: 292
  - Tay Ninh: 292
  - Thai Binh: 292
  - Thai Nguyen: 292
  - Thanh Hoa: 292
  - Thua Thien Hue: 292
  - Tien Giang: 292
  - Tra Vinh: 292
  - Tuyen Quang: 292
  - Vinh Long: 292
  - Vinh Phuc: 292
  - Yen Bai: 291
[Bootstrap] Progress:
  - Hanoi: 295
  - Ho Chi Minh: 295
  - Hai Phong: 295
  - Da Nang: 295
  - Can Tho: 294
  - An Giang: 294
  - Ba Ria - Vung Tau: 294
  - Bac Giang: 294
  - Bac Kan: 294
  - Bac Lieu: 294
  - Bac Ninh: 294
  - Ben Tre: 294
  - Binh Dinh: 294
  - Binh Duong: 294
  - Binh Phuoc: 294
  - Binh Thuan: 294
  - Ca Mau: 294
  - Cao Bang: 294
  - Dak Lak: 294
  - Dak Nong: 294
  - Dien Bien: 294
  - Dong Nai: 294
  - Dong Thap: 294
  - Gia Lai: 294
  - Ha Giang: 294
  - Ha Nam: 294
  - Ha Tinh: 294
  - Hai Duong: 294
  - Hau Giang: 294
  - Hoa Binh: 294
  - Hung Yen: 294
  - Khanh Hoa: 294
  - Kien Giang: 294
  - Kon Tum: 294
  - Lai Chau: 294
  - Lam Dong: 294
  - Lang Son: 294
  - Lao Cai: 294
  - Long An: 293
  - Nam Dinh: 293
  - Nghe An: 293
  - Ninh Binh: 293
  - Ninh Thuan: 293
  - Phu Tho: 293
  - Phu Yen: 293
  - Quang Binh: 293
  - Quang Nam: 293
  - Quang Ngai: 293
  - Quang Ninh: 293
  - Quang Tri: 293
  - Soc Trang: 293
  - Son La: 293
  - Tay Ninh: 293
  - Thai Binh: 293
  - Thai Nguyen: 293
  - Thanh Hoa: 293
  - Thua Thien Hue: 293
  - Tien Giang: 293
  - Tra Vinh: 293
  - Tuyen Quang: 293
  - Vinh Long: 293
  - Vinh Phuc: 293
  - Yen Bai: 292
[Bootstrap] Progress:
  - Hanoi: 296
  - Ho Chi Minh: 296
  - Hai Phong: 296
  - Da Nang: 296
  - Can Tho: 295
  - An Giang: 295
  - Ba Ria - Vung Tau: 295
  - Bac Giang: 295
  - Bac Kan: 295
  - Bac Lieu: 295
  - Bac Ninh: 295
  - Ben Tre: 295
  - Binh Dinh: 295
  - Binh Duong: 295
  - Binh Phuoc: 295
  - Binh Thuan: 295
  - Ca Mau: 295
  - Cao Bang: 295
  - Dak Lak: 295
  - Dak Nong: 295
  - Dien Bien: 295
  - Dong Nai: 295
  - Dong Thap: 295
  - Gia Lai: 295
  - Ha Giang: 295
  - Ha Nam: 295
  - Ha Tinh: 295
  - Hai Duong: 295
  - Hau Giang: 295
  - Hoa Binh: 295
  - Hung Yen: 295
  - Khanh Hoa: 295
  - Kien Giang: 295
  - Kon Tum: 295
  - Lai Chau: 295
  - Lam Dong: 295
  - Lang Son: 295
  - Lao Cai: 295
  - Long An: 294
  - Nam Dinh: 294
  - Nghe An: 294
  - Ninh Binh: 294
  - Ninh Thuan: 294
  - Phu Tho: 294
  - Phu Yen: 294
  - Quang Binh: 294
  - Quang Nam: 294
  - Quang Ngai: 294
  - Quang Ninh: 294
  - Quang Tri: 294
  - Soc Trang: 294
  - Son La: 294
  - Tay Ninh: 294
  - Thai Binh: 294
  - Thai Nguyen: 294
  - Thanh Hoa: 294
  - Thua Thien Hue: 294
  - Tien Giang: 294
  - Tra Vinh: 294
  - Tuyen Quang: 294
  - Vinh Long: 294
  - Vinh Phuc: 294
  - Yen Bai: 293
[Bootstrap] Progress:
  - Hanoi: 299
  - Ho Chi Minh: 299
  - Hai Phong: 299
  - Da Nang: 299
  - Can Tho: 298
  - An Giang: 298
  - Ba Ria - Vung Tau: 298
  - Bac Giang: 298
  - Bac Kan: 298
  - Bac Lieu: 298
  - Bac Ninh: 298
  - Ben Tre: 298
  - Binh Dinh: 298
  - Binh Duong: 298
  - Binh Phuoc: 298
  - Binh Thuan: 298
  - Ca Mau: 298
  - Cao Bang: 298
  - Dak Lak: 298
  - Dak Nong: 298
  - Dien Bien: 298
  - Dong Nai: 298
  - Dong Thap: 298
  - Gia Lai: 298
  - Ha Giang: 298
  - Ha Nam: 298
  - Ha Tinh: 298
  - Hai Duong: 298
  - Hau Giang: 298
  - Hoa Binh: 298
  - Hung Yen: 298
  - Khanh Hoa: 298
  - Kien Giang: 298
  - Kon Tum: 298
  - Lai Chau: 298
  - Lam Dong: 298
  - Lang Son: 298
  - Lao Cai: 298
  - Long An: 297
  - Nam Dinh: 297
  - Nghe An: 297
  - Ninh Binh: 297
  - Ninh Thuan: 297
  - Phu Tho: 297
  - Phu Yen: 297
  - Quang Binh: 297
  - Quang Nam: 297
  - Quang Ngai: 297
  - Quang Ninh: 297
  - Quang Tri: 297
  - Soc Trang: 297
  - Son La: 297
  - Tay Ninh: 297
  - Thai Binh: 297
  - Thai Nguyen: 297
  - Thanh Hoa: 297
  - Thua Thien Hue: 297
  - Tien Giang: 297
  - Tra Vinh: 297
  - Tuyen Quang: 297
  - Vinh Long: 297
  - Vinh Phuc: 296
  - Yen Bai: 295
[Bootstrap] Progress:
  - Hanoi: 300
  - Ho Chi Minh: 300
  - Hai Phong: 300
  - Da Nang: 300
  - Can Tho: 299
  - An Giang: 299
  - Ba Ria - Vung Tau: 299
  - Bac Giang: 299
  - Bac Kan: 299
  - Bac Lieu: 299
  - Bac Ninh: 299
  - Ben Tre: 299
  - Binh Dinh: 299
  - Binh Duong: 299
  - Binh Phuoc: 299
  - Binh Thuan: 299
  - Ca Mau: 299
  - Cao Bang: 299
  - Dak Lak: 299
  - Dak Nong: 299
  - Dien Bien: 299
  - Dong Nai: 299
  - Dong Thap: 299
  - Gia Lai: 299
  - Ha Giang: 299
  - Ha Nam: 299
  - Ha Tinh: 299
  - Hai Duong: 299
  - Hau Giang: 299
  - Hoa Binh: 299
  - Hung Yen: 299
  - Khanh Hoa: 299
  - Kien Giang: 299
  - Kon Tum: 299
  - Lai Chau: 299
  - Lam Dong: 299
  - Lang Son: 299
  - Lao Cai: 299
  - Long An: 298
  - Nam Dinh: 298
  - Nghe An: 298
  - Ninh Binh: 298
  - Ninh Thuan: 298
  - Phu Tho: 298
  - Phu Yen: 298
  - Quang Binh: 298
  - Quang Nam: 298
  - Quang Ngai: 298
  - Quang Ninh: 298
  - Quang Tri: 298
  - Soc Trang: 298
  - Son La: 298
  - Tay Ninh: 298
  - Thai Binh: 298
  - Thai Nguyen: 298
  - Thanh Hoa: 298
  - Thua Thien Hue: 298
  - Tien Giang: 298
  - Tra Vinh: 298
  - Tuyen Quang: 298
  - Vinh Long: 298
  - Vinh Phuc: 298
  - Yen Bai: 297
[Bootstrap] Progress:
  - Hanoi: 301
  - Ho Chi Minh: 301
  - Hai Phong: 301
  - Da Nang: 301
  - Can Tho: 300
  - An Giang: 300
  - Ba Ria - Vung Tau: 300
  - Bac Giang: 300
  - Bac Kan: 300
  - Bac Lieu: 300
  - Bac Ninh: 300
  - Ben Tre: 300
  - Binh Dinh: 300
  - Binh Duong: 300
  - Binh Phuoc: 300
  - Binh Thuan: 300
  - Ca Mau: 300
  - Cao Bang: 300
  - Dak Lak: 300
  - Dak Nong: 300
  - Dien Bien: 300
  - Dong Nai: 300
  - Dong Thap: 300
  - Gia Lai: 300
  - Ha Giang: 300
  - Ha Nam: 300
  - Ha Tinh: 300
  - Hai Duong: 300
  - Hau Giang: 300
  - Hoa Binh: 300
  - Hung Yen: 300
  - Khanh Hoa: 300
  - Kien Giang: 300
  - Kon Tum: 300
  - Lai Chau: 300
  - Lam Dong: 300
  - Lang Son: 300
  - Lao Cai: 300
  - Long An: 299
  - Nam Dinh: 299
  - Nghe An: 299
  - Ninh Binh: 299
  - Ninh Thuan: 299
  - Phu Tho: 299
  - Phu Yen: 299
  - Quang Binh: 299
  - Quang Nam: 299
  - Quang Ngai: 299
  - Quang Ninh: 299
  - Quang Tri: 299
  - Soc Trang: 299
  - Son La: 299
  - Tay Ninh: 299
  - Thai Binh: 299
  - Thai Nguyen: 299
  - Thanh Hoa: 299
  - Thua Thien Hue: 299
  - Tien Giang: 299
  - Tra Vinh: 299
  - Tuyen Quang: 299
  - Vinh Long: 299
  - Vinh Phuc: 299
  - Yen Bai: 298
[Bootstrap] Progress:
  - Hanoi: 302
  - Ho Chi Minh: 302
  - Hai Phong: 302
  - Da Nang: 302
  - Can Tho: 301
  - An Giang: 301
  - Ba Ria - Vung Tau: 301
  - Bac Giang: 301
  - Bac Kan: 301
  - Bac Lieu: 301
  - Bac Ninh: 301
  - Ben Tre: 301
  - Binh Dinh: 301
  - Binh Duong: 301
  - Binh Phuoc: 301
  - Binh Thuan: 301
  - Ca Mau: 301
  - Cao Bang: 301
  - Dak Lak: 301
  - Dak Nong: 301
  - Dien Bien: 301
  - Dong Nai: 301
  - Dong Thap: 301
  - Gia Lai: 301
  - Ha Giang: 301
  - Ha Nam: 301
  - Ha Tinh: 301
  - Hai Duong: 301
  - Hau Giang: 301
  - Hoa Binh: 301
  - Hung Yen: 301
  - Khanh Hoa: 301
  - Kien Giang: 301
  - Kon Tum: 301
  - Lai Chau: 301
  - Lam Dong: 301
  - Lang Son: 301
  - Lao Cai: 301
  - Long An: 300
  - Nam Dinh: 300
  - Nghe An: 300
  - Ninh Binh: 300
  - Ninh Thuan: 300
  - Phu Tho: 300
  - Phu Yen: 300
  - Quang Binh: 300
  - Quang Nam: 300
  - Quang Ngai: 300
  - Quang Ninh: 300
  - Quang Tri: 300
  - Soc Trang: 300
  - Son La: 300
  - Tay Ninh: 300
  - Thai Binh: 300
  - Thai Nguyen: 300
  - Thanh Hoa: 300
  - Thua Thien Hue: 300
  - Tien Giang: 300
  - Tra Vinh: 300
  - Tuyen Quang: 300
  - Vinh Long: 300
  - Vinh Phuc: 300
  - Yen Bai: 299
[Bootstrap] Progress:
  - Hanoi: 303
  - Ho Chi Minh: 303
  - Hai Phong: 303
  - Da Nang: 303
  - Can Tho: 302
  - An Giang: 302
  - Ba Ria - Vung Tau: 302
  - Bac Giang: 302
  - Bac Kan: 302
  - Bac Lieu: 302
  - Bac Ninh: 302
  - Ben Tre: 302
  - Binh Dinh: 302
  - Binh Duong: 302
  - Binh Phuoc: 302
  - Binh Thuan: 302
  - Ca Mau: 302
  - Cao Bang: 302
  - Dak Lak: 302
  - Dak Nong: 302
  - Dien Bien: 302
  - Dong Nai: 302
  - Dong Thap: 302
  - Gia Lai: 302
  - Ha Giang: 302
  - Ha Nam: 302
  - Ha Tinh: 302
  - Hai Duong: 302
  - Hau Giang: 302
  - Hoa Binh: 302
  - Hung Yen: 302
  - Khanh Hoa: 302
  - Kien Giang: 302
  - Kon Tum: 302
  - Lai Chau: 302
  - Lam Dong: 302
  - Lang Son: 302
  - Lao Cai: 302
  - Long An: 301
  - Nam Dinh: 301
  - Nghe An: 301
  - Ninh Binh: 301
  - Ninh Thuan: 301
  - Phu Tho: 301
  - Phu Yen: 301
  - Quang Binh: 301
  - Quang Nam: 301
  - Quang Ngai: 301
  - Quang Ninh: 301
  - Quang Tri: 301
  - Soc Trang: 301
  - Son La: 301
  - Tay Ninh: 301
  - Thai Binh: 301
  - Thai Nguyen: 301
  - Thanh Hoa: 301
  - Thua Thien Hue: 301
  - Tien Giang: 301
  - Tra Vinh: 301
  - Tuyen Quang: 301
  - Vinh Long: 301
  - Vinh Phuc: 301
  - Yen Bai: 300
[Bootstrap] Progress:
  - Hanoi: 304
  - Ho Chi Minh: 304
  - Hai Phong: 304
  - Da Nang: 304
  - Can Tho: 303
  - An Giang: 303
  - Ba Ria - Vung Tau: 303
  - Bac Giang: 303
  - Bac Kan: 303
  - Bac Lieu: 303
  - Bac Ninh: 303
  - Ben Tre: 303
  - Binh Dinh: 303
  - Binh Duong: 303
  - Binh Phuoc: 303
  - Binh Thuan: 303
  - Ca Mau: 303
  - Cao Bang: 303
  - Dak Lak: 303
  - Dak Nong: 303
  - Dien Bien: 303
  - Dong Nai: 303
  - Dong Thap: 303
  - Gia Lai: 303
  - Ha Giang: 303
  - Ha Nam: 303
  - Ha Tinh: 303
  - Hai Duong: 303
  - Hau Giang: 303
  - Hoa Binh: 303
  - Hung Yen: 303
  - Khanh Hoa: 303
  - Kien Giang: 303
  - Kon Tum: 303
  - Lai Chau: 303
  - Lam Dong: 303
  - Lang Son: 303
  - Lao Cai: 303
  - Long An: 302
  - Nam Dinh: 302
  - Nghe An: 302
  - Ninh Binh: 302
  - Ninh Thuan: 302
  - Phu Tho: 302
  - Phu Yen: 302
  - Quang Binh: 302
  - Quang Nam: 302
  - Quang Ngai: 302
  - Quang Ninh: 302
  - Quang Tri: 302
  - Soc Trang: 302
  - Son La: 302
  - Tay Ninh: 302
  - Thai Binh: 302
  - Thai Nguyen: 302
  - Thanh Hoa: 302
  - Thua Thien Hue: 302
  - Tien Giang: 302
  - Tra Vinh: 302
  - Tuyen Quang: 302
  - Vinh Long: 302
  - Vinh Phuc: 302
  - Yen Bai: 301
[Bootstrap] Progress:
  - Hanoi: 305
  - Ho Chi Minh: 305
  - Hai Phong: 305
  - Da Nang: 305
  - Can Tho: 304
  - An Giang: 304
  - Ba Ria - Vung Tau: 304
  - Bac Giang: 304
  - Bac Kan: 304
  - Bac Lieu: 304
  - Bac Ninh: 304
  - Ben Tre: 304
  - Binh Dinh: 304
  - Binh Duong: 304
  - Binh Phuoc: 304
  - Binh Thuan: 304
  - Ca Mau: 304
  - Cao Bang: 304
  - Dak Lak: 304
  - Dak Nong: 304
  - Dien Bien: 304
  - Dong Nai: 304
  - Dong Thap: 304
  - Gia Lai: 304
  - Ha Giang: 304
  - Ha Nam: 304
  - Ha Tinh: 304
  - Hai Duong: 304
  - Hau Giang: 304
  - Hoa Binh: 304
  - Hung Yen: 304
  - Khanh Hoa: 304
  - Kien Giang: 304
  - Kon Tum: 304
  - Lai Chau: 304
  - Lam Dong: 304
  - Lang Son: 304
  - Lao Cai: 304
  - Long An: 303
  - Nam Dinh: 303
  - Nghe An: 303
  - Ninh Binh: 303
  - Ninh Thuan: 303
  - Phu Tho: 303
  - Phu Yen: 303
  - Quang Binh: 303
  - Quang Nam: 303
  - Quang Ngai: 303
  - Quang Ninh: 303
  - Quang Tri: 303
  - Soc Trang: 303
  - Son La: 303
  - Tay Ninh: 303
  - Thai Binh: 303
  - Thai Nguyen: 303
  - Thanh Hoa: 303
  - Thua Thien Hue: 303
  - Tien Giang: 303
  - Tra Vinh: 303
  - Tuyen Quang: 303
  - Vinh Long: 303
  - Vinh Phuc: 303
  - Yen Bai: 302
[Bootstrap] Progress:
  - Hanoi: 306
  - Ho Chi Minh: 306
  - Hai Phong: 306
  - Da Nang: 306
  - Can Tho: 305
  - An Giang: 305
  - Ba Ria - Vung Tau: 305
  - Bac Giang: 305
  - Bac Kan: 305
  - Bac Lieu: 305
  - Bac Ninh: 305
  - Ben Tre: 305
  - Binh Dinh: 305
  - Binh Duong: 305
  - Binh Phuoc: 305
  - Binh Thuan: 305
  - Ca Mau: 305
  - Cao Bang: 305
  - Dak Lak: 305
  - Dak Nong: 305
  - Dien Bien: 305
  - Dong Nai: 305
  - Dong Thap: 305
  - Gia Lai: 305
  - Ha Giang: 305
  - Ha Nam: 305
  - Ha Tinh: 305
  - Hai Duong: 305
  - Hau Giang: 305
  - Hoa Binh: 305
  - Hung Yen: 305
  - Khanh Hoa: 305
  - Kien Giang: 305
  - Kon Tum: 305
  - Lai Chau: 305
  - Lam Dong: 305
  - Lang Son: 305
  - Lao Cai: 305
  - Long An: 304
  - Nam Dinh: 304
  - Nghe An: 304
  - Ninh Binh: 304
  - Ninh Thuan: 304
  - Phu Tho: 304
  - Phu Yen: 304
  - Quang Binh: 304
  - Quang Nam: 304
  - Quang Ngai: 304
  - Quang Ninh: 304
  - Quang Tri: 304
  - Soc Trang: 304
  - Son La: 304
  - Tay Ninh: 304
  - Thai Binh: 304
  - Thai Nguyen: 304
  - Thanh Hoa: 304
  - Thua Thien Hue: 304
  - Tien Giang: 304
  - Tra Vinh: 304
  - Tuyen Quang: 304
  - Vinh Long: 304
  - Vinh Phuc: 304
  - Yen Bai: 303
[Bootstrap] Progress:
  - Hanoi: 307
  - Ho Chi Minh: 307
  - Hai Phong: 307
  - Da Nang: 307
  - Can Tho: 306
  - An Giang: 306
  - Ba Ria - Vung Tau: 306
  - Bac Giang: 306
  - Bac Kan: 306
  - Bac Lieu: 306
  - Bac Ninh: 306
  - Ben Tre: 306
  - Binh Dinh: 306
  - Binh Duong: 306
  - Binh Phuoc: 306
  - Binh Thuan: 306
  - Ca Mau: 306
  - Cao Bang: 306
  - Dak Lak: 306
  - Dak Nong: 306
  - Dien Bien: 306
  - Dong Nai: 306
  - Dong Thap: 306
  - Gia Lai: 306
  - Ha Giang: 306
  - Ha Nam: 306
  - Ha Tinh: 306
  - Hai Duong: 306
  - Hau Giang: 306
  - Hoa Binh: 306
  - Hung Yen: 306
  - Khanh Hoa: 306
  - Kien Giang: 306
  - Kon Tum: 306
  - Lai Chau: 306
  - Lam Dong: 306
  - Lang Son: 306
  - Lao Cai: 306
  - Long An: 305
  - Nam Dinh: 305
  - Nghe An: 305
  - Ninh Binh: 305
  - Ninh Thuan: 305
  - Phu Tho: 305
  - Phu Yen: 305
  - Quang Binh: 305
  - Quang Nam: 305
  - Quang Ngai: 305
  - Quang Ninh: 305
  - Quang Tri: 305
  - Soc Trang: 305
  - Son La: 305
  - Tay Ninh: 305
  - Thai Binh: 305
  - Thai Nguyen: 305
  - Thanh Hoa: 305
  - Thua Thien Hue: 305
  - Tien Giang: 305
  - Tra Vinh: 305
  - Tuyen Quang: 305
  - Vinh Long: 305
  - Vinh Phuc: 305
  - Yen Bai: 304
[Bootstrap] Progress:
  - Hanoi: 308
  - Ho Chi Minh: 308
  - Hai Phong: 308
  - Da Nang: 308
  - Can Tho: 307
  - An Giang: 307
  - Ba Ria - Vung Tau: 307
  - Bac Giang: 307
  - Bac Kan: 307
  - Bac Lieu: 307
  - Bac Ninh: 307
  - Ben Tre: 307
  - Binh Dinh: 307
  - Binh Duong: 307
  - Binh Phuoc: 307
  - Binh Thuan: 307
  - Ca Mau: 307
  - Cao Bang: 307
  - Dak Lak: 307
  - Dak Nong: 307
  - Dien Bien: 307
  - Dong Nai: 307
  - Dong Thap: 307
  - Gia Lai: 307
  - Ha Giang: 307
  - Ha Nam: 307
  - Ha Tinh: 307
  - Hai Duong: 307
  - Hau Giang: 307
  - Hoa Binh: 307
  - Hung Yen: 307
  - Khanh Hoa: 307
  - Kien Giang: 307
  - Kon Tum: 307
  - Lai Chau: 307
  - Lam Dong: 307
  - Lang Son: 307
  - Lao Cai: 307
  - Long An: 306
  - Nam Dinh: 306
  - Nghe An: 306
  - Ninh Binh: 306
  - Ninh Thuan: 306
  - Phu Tho: 306
  - Phu Yen: 306
  - Quang Binh: 306
  - Quang Nam: 306
  - Quang Ngai: 306
  - Quang Ninh: 306
  - Quang Tri: 306
  - Soc Trang: 306
  - Son La: 306
  - Tay Ninh: 306
  - Thai Binh: 306
  - Thai Nguyen: 306
  - Thanh Hoa: 306
  - Thua Thien Hue: 306
  - Tien Giang: 306
  - Tra Vinh: 306
  - Tuyen Quang: 306
  - Vinh Long: 306
  - Vinh Phuc: 306
  - Yen Bai: 305
[Bootstrap] Progress:
  - Hanoi: 309
  - Ho Chi Minh: 309
  - Hai Phong: 309
  - Da Nang: 309
  - Can Tho: 308
  - An Giang: 308
  - Ba Ria - Vung Tau: 308
  - Bac Giang: 308
  - Bac Kan: 308
  - Bac Lieu: 308
  - Bac Ninh: 308
  - Ben Tre: 308
  - Binh Dinh: 308
  - Binh Duong: 308
  - Binh Phuoc: 308
  - Binh Thuan: 308
  - Ca Mau: 308
  - Cao Bang: 308
  - Dak Lak: 308
  - Dak Nong: 308
  - Dien Bien: 308
  - Dong Nai: 308
  - Dong Thap: 308
  - Gia Lai: 308
  - Ha Giang: 308
  - Ha Nam: 308
  - Ha Tinh: 308
  - Hai Duong: 308
  - Hau Giang: 308
  - Hoa Binh: 308
  - Hung Yen: 308
  - Khanh Hoa: 308
  - Kien Giang: 308
  - Kon Tum: 308
  - Lai Chau: 308
  - Lam Dong: 308
  - Lang Son: 308
  - Lao Cai: 308
  - Long An: 307
  - Nam Dinh: 307
  - Nghe An: 307
  - Ninh Binh: 307
  - Ninh Thuan: 307
  - Phu Tho: 307
  - Phu Yen: 307
  - Quang Binh: 307
  - Quang Nam: 307
  - Quang Ngai: 307
  - Quang Ninh: 307
  - Quang Tri: 307
  - Soc Trang: 307
  - Son La: 307
  - Tay Ninh: 307
  - Thai Binh: 307
  - Thai Nguyen: 307
  - Thanh Hoa: 307
  - Thua Thien Hue: 307
  - Tien Giang: 307
  - Tra Vinh: 307
  - Tuyen Quang: 307
  - Vinh Long: 307
  - Vinh Phuc: 307
  - Yen Bai: 306
[Bootstrap] Progress:
  - Hanoi: 312
  - Ho Chi Minh: 312
  - Hai Phong: 312
  - Da Nang: 312
  - Can Tho: 311
  - An Giang: 311
  - Ba Ria - Vung Tau: 311
  - Bac Giang: 311
  - Bac Kan: 311
  - Bac Lieu: 311
  - Bac Ninh: 310
  - Ben Tre: 310
  - Binh Dinh: 310
  - Binh Duong: 310
  - Binh Phuoc: 310
  - Binh Thuan: 310
  - Ca Mau: 310
  - Cao Bang: 310
  - Dak Lak: 310
  - Dak Nong: 310
  - Dien Bien: 310
  - Dong Nai: 310
  - Dong Thap: 310
  - Gia Lai: 310
  - Ha Giang: 310
  - Ha Nam: 309
  - Ha Tinh: 309
  - Hai Duong: 309
  - Hau Giang: 309
  - Hoa Binh: 309
  - Hung Yen: 309
  - Khanh Hoa: 309
  - Kien Giang: 309
  - Kon Tum: 309
  - Lai Chau: 309
  - Lam Dong: 309
  - Lang Son: 309
  - Lao Cai: 309
  - Long An: 308
  - Nam Dinh: 308
  - Nghe An: 308
  - Ninh Binh: 308
  - Ninh Thuan: 308
  - Phu Tho: 308
  - Phu Yen: 308
  - Quang Binh: 308
  - Quang Nam: 308
  - Quang Ngai: 308
  - Quang Ninh: 308
  - Quang Tri: 308
  - Soc Trang: 308
  - Son La: 308
  - Tay Ninh: 308
  - Thai Binh: 308
  - Thai Nguyen: 308
  - Thanh Hoa: 308
  - Thua Thien Hue: 308
  - Tien Giang: 308
  - Tra Vinh: 308
  - Tuyen Quang: 308
  - Vinh Long: 308
  - Vinh Phuc: 308
  - Yen Bai: 307
[Bootstrap] Progress:
  - Hanoi: 313
  - Ho Chi Minh: 313
  - Hai Phong: 313
  - Da Nang: 313
  - Can Tho: 312
  - An Giang: 312
  - Ba Ria - Vung Tau: 312
  - Bac Giang: 312
  - Bac Kan: 312
  - Bac Lieu: 312
  - Bac Ninh: 312
  - Ben Tre: 312
  - Binh Dinh: 312
  - Binh Duong: 312
  - Binh Phuoc: 312
  - Binh Thuan: 312
  - Ca Mau: 312
  - Cao Bang: 312
  - Dak Lak: 312
  - Dak Nong: 312
  - Dien Bien: 312
  - Dong Nai: 312
  - Dong Thap: 312
  - Gia Lai: 312
  - Ha Giang: 312
  - Ha Nam: 312
  - Ha Tinh: 312
  - Hai Duong: 312
  - Hau Giang: 312
  - Hoa Binh: 312
  - Hung Yen: 312
  - Khanh Hoa: 312
  - Kien Giang: 312
  - Kon Tum: 312
  - Lai Chau: 312
  - Lam Dong: 312
  - Lang Son: 312
  - Lao Cai: 312
  - Long An: 311
  - Nam Dinh: 311
  - Nghe An: 311
  - Ninh Binh: 311
  - Ninh Thuan: 311
  - Phu Tho: 311
  - Phu Yen: 311
  - Quang Binh: 311
  - Quang Nam: 311
  - Quang Ngai: 311
  - Quang Ninh: 311
  - Quang Tri: 311
  - Soc Trang: 311
  - Son La: 311
  - Tay Ninh: 311
  - Thai Binh: 311
  - Thai Nguyen: 311
  - Thanh Hoa: 311
  - Thua Thien Hue: 311
  - Tien Giang: 311
  - Tra Vinh: 311
  - Tuyen Quang: 311
  - Vinh Long: 311
  - Vinh Phuc: 311
  - Yen Bai: 310
[Bootstrap] Progress:
  - Hanoi: 314
  - Ho Chi Minh: 314
  - Hai Phong: 314
  - Da Nang: 314
  - Can Tho: 313
  - An Giang: 313
  - Ba Ria - Vung Tau: 313
  - Bac Giang: 313
  - Bac Kan: 313
  - Bac Lieu: 313
  - Bac Ninh: 313
  - Ben Tre: 313
  - Binh Dinh: 313
  - Binh Duong: 313
  - Binh Phuoc: 313
  - Binh Thuan: 313
  - Ca Mau: 313
  - Cao Bang: 313
  - Dak Lak: 313
  - Dak Nong: 313
  - Dien Bien: 313
  - Dong Nai: 313
  - Dong Thap: 313
  - Gia Lai: 313
  - Ha Giang: 313
  - Ha Nam: 313
  - Ha Tinh: 313
  - Hai Duong: 313
  - Hau Giang: 313
  - Hoa Binh: 313
  - Hung Yen: 313
  - Khanh Hoa: 313
  - Kien Giang: 313
  - Kon Tum: 313
  - Lai Chau: 313
  - Lam Dong: 313
  - Lang Son: 313
  - Lao Cai: 313
  - Long An: 312
  - Nam Dinh: 312
  - Nghe An: 312
  - Ninh Binh: 312
  - Ninh Thuan: 312
  - Phu Tho: 312
  - Phu Yen: 312
  - Quang Binh: 312
  - Quang Nam: 312
  - Quang Ngai: 312
  - Quang Ninh: 312
  - Quang Tri: 312
  - Soc Trang: 312
  - Son La: 312
  - Tay Ninh: 312
  - Thai Binh: 312
  - Thai Nguyen: 312
  - Thanh Hoa: 312
  - Thua Thien Hue: 312
  - Tien Giang: 312
  - Tra Vinh: 312
  - Tuyen Quang: 312
  - Vinh Long: 312
  - Vinh Phuc: 312
  - Yen Bai: 311
[Bootstrap] Progress:
  - Hanoi: 315
  - Ho Chi Minh: 315
  - Hai Phong: 315
  - Da Nang: 315
  - Can Tho: 314
  - An Giang: 314
  - Ba Ria - Vung Tau: 314
  - Bac Giang: 314
  - Bac Kan: 314
  - Bac Lieu: 314
  - Bac Ninh: 314
  - Ben Tre: 314
  - Binh Dinh: 314
  - Binh Duong: 314
  - Binh Phuoc: 314
  - Binh Thuan: 314
  - Ca Mau: 314
  - Cao Bang: 314
  - Dak Lak: 314
  - Dak Nong: 314
  - Dien Bien: 314
  - Dong Nai: 314
  - Dong Thap: 314
  - Gia Lai: 314
  - Ha Giang: 314
  - Ha Nam: 314
  - Ha Tinh: 314
  - Hai Duong: 314
  - Hau Giang: 314
  - Hoa Binh: 314
  - Hung Yen: 314
  - Khanh Hoa: 314
  - Kien Giang: 314
  - Kon Tum: 314
  - Lai Chau: 314
  - Lam Dong: 314
  - Lang Son: 314
  - Lao Cai: 314
  - Long An: 313
  - Nam Dinh: 313
  - Nghe An: 313
  - Ninh Binh: 313
  - Ninh Thuan: 313
  - Phu Tho: 313
  - Phu Yen: 313
  - Quang Binh: 313
  - Quang Nam: 313
  - Quang Ngai: 313
  - Quang Ninh: 313
  - Quang Tri: 313
  - Soc Trang: 313
  - Son La: 313
  - Tay Ninh: 313
  - Thai Binh: 313
  - Thai Nguyen: 313
  - Thanh Hoa: 313
  - Thua Thien Hue: 313
  - Tien Giang: 313
  - Tra Vinh: 313
  - Tuyen Quang: 313
  - Vinh Long: 313
  - Vinh Phuc: 313
  - Yen Bai: 312
[Bootstrap] Progress:
  - Hanoi: 316
  - Ho Chi Minh: 316
  - Hai Phong: 316
  - Da Nang: 316
  - Can Tho: 315
  - An Giang: 315
  - Ba Ria - Vung Tau: 315
  - Bac Giang: 315
  - Bac Kan: 315
  - Bac Lieu: 315
  - Bac Ninh: 315
  - Ben Tre: 315
  - Binh Dinh: 315
  - Binh Duong: 315
  - Binh Phuoc: 315
  - Binh Thuan: 315
  - Ca Mau: 315
  - Cao Bang: 315
  - Dak Lak: 315
  - Dak Nong: 315
  - Dien Bien: 315
  - Dong Nai: 315
  - Dong Thap: 315
  - Gia Lai: 315
  - Ha Giang: 315
  - Ha Nam: 315
  - Ha Tinh: 315
  - Hai Duong: 315
  - Hau Giang: 315
  - Hoa Binh: 315
  - Hung Yen: 315
  - Khanh Hoa: 315
  - Kien Giang: 315
  - Kon Tum: 315
  - Lai Chau: 315
  - Lam Dong: 315
  - Lang Son: 315
  - Lao Cai: 315
  - Long An: 314
  - Nam Dinh: 314
  - Nghe An: 314
  - Ninh Binh: 314
  - Ninh Thuan: 314
  - Phu Tho: 314
  - Phu Yen: 314
  - Quang Binh: 314
  - Quang Nam: 314
  - Quang Ngai: 314
  - Quang Ninh: 314
  - Quang Tri: 314
  - Soc Trang: 314
  - Son La: 314
  - Tay Ninh: 314
  - Thai Binh: 314
  - Thai Nguyen: 314
  - Thanh Hoa: 314
  - Thua Thien Hue: 314
  - Tien Giang: 314
  - Tra Vinh: 314
  - Tuyen Quang: 314
  - Vinh Long: 314
  - Vinh Phuc: 314
  - Yen Bai: 313
[Bootstrap] Progress:
  - Hanoi: 317
  - Ho Chi Minh: 317
  - Hai Phong: 317
  - Da Nang: 317
  - Can Tho: 316
  - An Giang: 316
  - Ba Ria - Vung Tau: 316
  - Bac Giang: 316
  - Bac Kan: 316
  - Bac Lieu: 316
  - Bac Ninh: 316
  - Ben Tre: 316
  - Binh Dinh: 316
  - Binh Duong: 316
  - Binh Phuoc: 316
  - Binh Thuan: 316
  - Ca Mau: 316
  - Cao Bang: 316
  - Dak Lak: 316
  - Dak Nong: 316
  - Dien Bien: 316
  - Dong Nai: 316
  - Dong Thap: 316
  - Gia Lai: 316
  - Ha Giang: 316
  - Ha Nam: 316
  - Ha Tinh: 316
  - Hai Duong: 316
  - Hau Giang: 316
  - Hoa Binh: 316
  - Hung Yen: 316
  - Khanh Hoa: 316
  - Kien Giang: 316
  - Kon Tum: 316
  - Lai Chau: 316
  - Lam Dong: 316
  - Lang Son: 316
  - Lao Cai: 316
  - Long An: 315
  - Nam Dinh: 315
  - Nghe An: 315
  - Ninh Binh: 315
  - Ninh Thuan: 315
  - Phu Tho: 315
  - Phu Yen: 315
  - Quang Binh: 315
  - Quang Nam: 315
  - Quang Ngai: 315
  - Quang Ninh: 315
  - Quang Tri: 315
  - Soc Trang: 315
  - Son La: 315
  - Tay Ninh: 315
  - Thai Binh: 315
  - Thai Nguyen: 315
  - Thanh Hoa: 315
  - Thua Thien Hue: 315
  - Tien Giang: 315
  - Tra Vinh: 315
  - Tuyen Quang: 315
  - Vinh Long: 315
  - Vinh Phuc: 315
  - Yen Bai: 314
[Bootstrap] Progress:
  - Hanoi: 318
  - Ho Chi Minh: 318
  - Hai Phong: 318
  - Da Nang: 318
  - Can Tho: 317
  - An Giang: 317
  - Ba Ria - Vung Tau: 317
  - Bac Giang: 317
  - Bac Kan: 317
  - Bac Lieu: 317
  - Bac Ninh: 317
  - Ben Tre: 317
  - Binh Dinh: 317
  - Binh Duong: 317
  - Binh Phuoc: 317
  - Binh Thuan: 317
  - Ca Mau: 317
  - Cao Bang: 317
  - Dak Lak: 317
  - Dak Nong: 317
  - Dien Bien: 317
  - Dong Nai: 317
  - Dong Thap: 317
  - Gia Lai: 317
  - Ha Giang: 317
  - Ha Nam: 317
  - Ha Tinh: 317
  - Hai Duong: 317
  - Hau Giang: 317
  - Hoa Binh: 317
  - Hung Yen: 317
  - Khanh Hoa: 317
  - Kien Giang: 317
  - Kon Tum: 317
  - Lai Chau: 317
  - Lam Dong: 317
  - Lang Son: 317
  - Lao Cai: 317
  - Long An: 316
  - Nam Dinh: 316
  - Nghe An: 316
  - Ninh Binh: 316
  - Ninh Thuan: 316
  - Phu Tho: 316
  - Phu Yen: 316
  - Quang Binh: 316
  - Quang Nam: 316
  - Quang Ngai: 316
  - Quang Ninh: 316
  - Quang Tri: 316
  - Soc Trang: 316
  - Son La: 316
  - Tay Ninh: 316
  - Thai Binh: 316
  - Thai Nguyen: 316
  - Thanh Hoa: 316
  - Thua Thien Hue: 316
  - Tien Giang: 316
  - Tra Vinh: 316
  - Tuyen Quang: 316
  - Vinh Long: 316
  - Vinh Phuc: 316
  - Yen Bai: 315
[Bootstrap] Progress:
  - Hanoi: 319
  - Ho Chi Minh: 319
  - Hai Phong: 319
  - Da Nang: 319
  - Can Tho: 318
  - An Giang: 318
  - Ba Ria - Vung Tau: 318
  - Bac Giang: 318
  - Bac Kan: 318
  - Bac Lieu: 318
  - Bac Ninh: 318
  - Ben Tre: 318
  - Binh Dinh: 318
  - Binh Duong: 318
  - Binh Phuoc: 318
  - Binh Thuan: 318
  - Ca Mau: 318
  - Cao Bang: 318
  - Dak Lak: 318
  - Dak Nong: 318
  - Dien Bien: 318
  - Dong Nai: 318
  - Dong Thap: 318
  - Gia Lai: 318
  - Ha Giang: 318
  - Ha Nam: 318
  - Ha Tinh: 318
  - Hai Duong: 318
  - Hau Giang: 318
  - Hoa Binh: 318
  - Hung Yen: 318
  - Khanh Hoa: 318
  - Kien Giang: 318
  - Kon Tum: 318
  - Lai Chau: 318
  - Lam Dong: 318
  - Lang Son: 318
  - Lao Cai: 318
  - Long An: 317
  - Nam Dinh: 317
  - Nghe An: 317
  - Ninh Binh: 317
  - Ninh Thuan: 317
  - Phu Tho: 317
  - Phu Yen: 317
  - Quang Binh: 317
  - Quang Nam: 317
  - Quang Ngai: 317
  - Quang Ninh: 317
  - Quang Tri: 317
  - Soc Trang: 317
  - Son La: 317
  - Tay Ninh: 317
  - Thai Binh: 317
  - Thai Nguyen: 317
  - Thanh Hoa: 317
  - Thua Thien Hue: 317
  - Tien Giang: 317
  - Tra Vinh: 317
  - Tuyen Quang: 317
  - Vinh Long: 317
  - Vinh Phuc: 317
  - Yen Bai: 316
[Bootstrap] Progress:
  - Hanoi: 320
  - Ho Chi Minh: 320
  - Hai Phong: 320
  - Da Nang: 320
  - Can Tho: 319
  - An Giang: 319
  - Ba Ria - Vung Tau: 319
  - Bac Giang: 319
  - Bac Kan: 319
  - Bac Lieu: 319
  - Bac Ninh: 319
  - Ben Tre: 319
  - Binh Dinh: 319
  - Binh Duong: 319
  - Binh Phuoc: 319
  - Binh Thuan: 319
  - Ca Mau: 319
  - Cao Bang: 319
  - Dak Lak: 319
  - Dak Nong: 319
  - Dien Bien: 319
  - Dong Nai: 319
  - Dong Thap: 319
  - Gia Lai: 319
  - Ha Giang: 319
  - Ha Nam: 319
  - Ha Tinh: 319
  - Hai Duong: 319
  - Hau Giang: 319
  - Hoa Binh: 319
  - Hung Yen: 319
  - Khanh Hoa: 319
  - Kien Giang: 319
  - Kon Tum: 319
  - Lai Chau: 319
  - Lam Dong: 319
  - Lang Son: 319
  - Lao Cai: 319
  - Long An: 318
  - Nam Dinh: 318
  - Nghe An: 318
  - Ninh Binh: 318
  - Ninh Thuan: 318
  - Phu Tho: 318
  - Phu Yen: 318
  - Quang Binh: 318
  - Quang Nam: 318
  - Quang Ngai: 318
  - Quang Ninh: 318
  - Quang Tri: 318
  - Soc Trang: 318
  - Son La: 318
  - Tay Ninh: 318
  - Thai Binh: 318
  - Thai Nguyen: 318
  - Thanh Hoa: 318
  - Thua Thien Hue: 318
  - Tien Giang: 318
  - Tra Vinh: 318
  - Tuyen Quang: 318
  - Vinh Long: 318
  - Vinh Phuc: 318
  - Yen Bai: 317
[Bootstrap] Progress:
  - Hanoi: 321
  - Ho Chi Minh: 321
  - Hai Phong: 321
  - Da Nang: 321
  - Can Tho: 320
  - An Giang: 320
  - Ba Ria - Vung Tau: 320
  - Bac Giang: 320
  - Bac Kan: 320
  - Bac Lieu: 320
  - Bac Ninh: 320
  - Ben Tre: 320
  - Binh Dinh: 320
  - Binh Duong: 320
  - Binh Phuoc: 320
  - Binh Thuan: 320
  - Ca Mau: 320
  - Cao Bang: 320
  - Dak Lak: 320
  - Dak Nong: 320
  - Dien Bien: 320
  - Dong Nai: 320
  - Dong Thap: 320
  - Gia Lai: 320
  - Ha Giang: 320
  - Ha Nam: 320
  - Ha Tinh: 320
  - Hai Duong: 320
  - Hau Giang: 320
  - Hoa Binh: 320
  - Hung Yen: 320
  - Khanh Hoa: 320
  - Kien Giang: 320
  - Kon Tum: 320
  - Lai Chau: 320
  - Lam Dong: 320
  - Lang Son: 320
  - Lao Cai: 320
  - Long An: 319
  - Nam Dinh: 319
  - Nghe An: 319
  - Ninh Binh: 319
  - Ninh Thuan: 319
  - Phu Tho: 319
  - Phu Yen: 319
  - Quang Binh: 319
  - Quang Nam: 319
  - Quang Ngai: 319
  - Quang Ninh: 319
  - Quang Tri: 319
  - Soc Trang: 319
  - Son La: 319
  - Tay Ninh: 319
  - Thai Binh: 319
  - Thai Nguyen: 319
  - Thanh Hoa: 319
  - Thua Thien Hue: 319
  - Tien Giang: 319
  - Tra Vinh: 319
  - Tuyen Quang: 319
  - Vinh Long: 319
  - Vinh Phuc: 319
  - Yen Bai: 318
[Bootstrap] Progress:
  - Hanoi: 322
  - Ho Chi Minh: 322
  - Hai Phong: 322
  - Da Nang: 322
  - Can Tho: 321
  - An Giang: 321
  - Ba Ria - Vung Tau: 321
  - Bac Giang: 321
  - Bac Kan: 321
  - Bac Lieu: 321
  - Bac Ninh: 321
  - Ben Tre: 321
  - Binh Dinh: 321
  - Binh Duong: 321
  - Binh Phuoc: 321
  - Binh Thuan: 321
  - Ca Mau: 321
  - Cao Bang: 321
  - Dak Lak: 321
  - Dak Nong: 321
  - Dien Bien: 321
  - Dong Nai: 321
  - Dong Thap: 321
  - Gia Lai: 321
  - Ha Giang: 321
  - Ha Nam: 321
  - Ha Tinh: 321
  - Hai Duong: 321
  - Hau Giang: 321
  - Hoa Binh: 321
  - Hung Yen: 321
  - Khanh Hoa: 321
  - Kien Giang: 321
  - Kon Tum: 321
  - Lai Chau: 321
  - Lam Dong: 321
  - Lang Son: 321
  - Lao Cai: 321
  - Long An: 320
  - Nam Dinh: 320
  - Nghe An: 320
  - Ninh Binh: 320
  - Ninh Thuan: 320
  - Phu Tho: 320
  - Phu Yen: 320
  - Quang Binh: 320
  - Quang Nam: 320
  - Quang Ngai: 320
  - Quang Ninh: 320
  - Quang Tri: 320
  - Soc Trang: 320
  - Son La: 320
  - Tay Ninh: 320
  - Thai Binh: 320
  - Thai Nguyen: 320
  - Thanh Hoa: 320
  - Thua Thien Hue: 320
  - Tien Giang: 320
  - Tra Vinh: 320
  - Tuyen Quang: 320
  - Vinh Long: 320
  - Vinh Phuc: 320
  - Yen Bai: 319
[Bootstrap] Progress:
  - Hanoi: 323
  - Ho Chi Minh: 323
  - Hai Phong: 323
  - Da Nang: 323
  - Can Tho: 322
  - An Giang: 322
  - Ba Ria - Vung Tau: 322
  - Bac Giang: 322
  - Bac Kan: 322
  - Bac Lieu: 322
  - Bac Ninh: 322
  - Ben Tre: 322
  - Binh Dinh: 322
  - Binh Duong: 322
  - Binh Phuoc: 322
  - Binh Thuan: 322
  - Ca Mau: 322
  - Cao Bang: 322
  - Dak Lak: 322
  - Dak Nong: 322
  - Dien Bien: 322
  - Dong Nai: 322
  - Dong Thap: 322
  - Gia Lai: 322
  - Ha Giang: 322
  - Ha Nam: 322
  - Ha Tinh: 322
  - Hai Duong: 322
  - Hau Giang: 322
  - Hoa Binh: 322
  - Hung Yen: 322
  - Khanh Hoa: 322
  - Kien Giang: 322
  - Kon Tum: 322
  - Lai Chau: 322
  - Lam Dong: 322
  - Lang Son: 322
  - Lao Cai: 322
  - Long An: 321
  - Nam Dinh: 321
  - Nghe An: 321
  - Ninh Binh: 321
  - Ninh Thuan: 321
  - Phu Tho: 321
  - Phu Yen: 321
  - Quang Binh: 321
  - Quang Nam: 321
  - Quang Ngai: 321
  - Quang Ninh: 321
  - Quang Tri: 321
  - Soc Trang: 321
  - Son La: 321
  - Tay Ninh: 321
  - Thai Binh: 321
  - Thai Nguyen: 321
  - Thanh Hoa: 321
  - Thua Thien Hue: 321
  - Tien Giang: 321
  - Tra Vinh: 321
  - Tuyen Quang: 321
  - Vinh Long: 321
  - Vinh Phuc: 321
  - Yen Bai: 320
[Bootstrap] Progress:
  - Hanoi: 326
  - Ho Chi Minh: 326
  - Hai Phong: 326
  - Da Nang: 326
  - Can Tho: 325
  - An Giang: 325
  - Ba Ria - Vung Tau: 325
  - Bac Giang: 325
  - Bac Kan: 325
  - Bac Lieu: 325
  - Bac Ninh: 325
  - Ben Tre: 325
  - Binh Dinh: 325
  - Binh Duong: 325
  - Binh Phuoc: 325
  - Binh Thuan: 325
  - Ca Mau: 325
  - Cao Bang: 325
  - Dak Lak: 325
  - Dak Nong: 325
  - Dien Bien: 325
  - Dong Nai: 325
  - Dong Thap: 324
  - Gia Lai: 324
  - Ha Giang: 324
  - Ha Nam: 324
  - Ha Tinh: 324
  - Hai Duong: 324
  - Hau Giang: 324
  - Hoa Binh: 324
  - Hung Yen: 324
  - Khanh Hoa: 324
  - Kien Giang: 324
  - Kon Tum: 324
  - Lai Chau: 324
  - Lam Dong: 324
  - Lang Son: 324
  - Lao Cai: 324
  - Long An: 323
  - Nam Dinh: 323
  - Nghe An: 323
  - Ninh Binh: 323
  - Ninh Thuan: 323
  - Phu Tho: 323
  - Phu Yen: 323
  - Quang Binh: 323
  - Quang Nam: 323
  - Quang Ngai: 322
  - Quang Ninh: 322
  - Quang Tri: 322
  - Soc Trang: 322
  - Son La: 322
  - Tay Ninh: 322
  - Thai Binh: 322
  - Thai Nguyen: 322
  - Thanh Hoa: 322
  - Thua Thien Hue: 322
  - Tien Giang: 322
  - Tra Vinh: 322
  - Tuyen Quang: 322
  - Vinh Long: 322
  - Vinh Phuc: 322
  - Yen Bai: 321
[Bootstrap] Progress:
  - Hanoi: 327
  - Ho Chi Minh: 327
  - Hai Phong: 327
  - Da Nang: 327
  - Can Tho: 326
  - An Giang: 326
  - Ba Ria - Vung Tau: 326
  - Bac Giang: 326
  - Bac Kan: 326
  - Bac Lieu: 326
  - Bac Ninh: 326
  - Ben Tre: 326
  - Binh Dinh: 326
  - Binh Duong: 326
  - Binh Phuoc: 326
  - Binh Thuan: 326
  - Ca Mau: 326
  - Cao Bang: 326
  - Dak Lak: 326
  - Dak Nong: 326
  - Dien Bien: 326
  - Dong Nai: 326
  - Dong Thap: 326
  - Gia Lai: 326
  - Ha Giang: 326
  - Ha Nam: 326
  - Ha Tinh: 326
  - Hai Duong: 326
  - Hau Giang: 326
  - Hoa Binh: 326
  - Hung Yen: 326
  - Khanh Hoa: 326
  - Kien Giang: 326
  - Kon Tum: 326
  - Lai Chau: 326
  - Lam Dong: 326
  - Lang Son: 326
  - Lao Cai: 326
  - Long An: 325
  - Nam Dinh: 325
  - Nghe An: 325
  - Ninh Binh: 325
  - Ninh Thuan: 325
  - Phu Tho: 325
  - Phu Yen: 325
  - Quang Binh: 325
  - Quang Nam: 325
  - Quang Ngai: 325
  - Quang Ninh: 325
  - Quang Tri: 325
  - Soc Trang: 325
  - Son La: 325
  - Tay Ninh: 325
  - Thai Binh: 325
  - Thai Nguyen: 325
  - Thanh Hoa: 325
  - Thua Thien Hue: 325
  - Tien Giang: 325
  - Tra Vinh: 325
  - Tuyen Quang: 325
  - Vinh Long: 325
  - Vinh Phuc: 325
  - Yen Bai: 324
[Bootstrap] Progress:
  - Hanoi: 328
  - Ho Chi Minh: 328
  - Hai Phong: 328
  - Da Nang: 328
  - Can Tho: 327
  - An Giang: 327
  - Ba Ria - Vung Tau: 327
  - Bac Giang: 327
  - Bac Kan: 327
  - Bac Lieu: 327
  - Bac Ninh: 327
  - Ben Tre: 327
  - Binh Dinh: 327
  - Binh Duong: 327
  - Binh Phuoc: 327
  - Binh Thuan: 327
  - Ca Mau: 327
  - Cao Bang: 327
  - Dak Lak: 327
  - Dak Nong: 327
  - Dien Bien: 327
  - Dong Nai: 327
  - Dong Thap: 327
  - Gia Lai: 327
  - Ha Giang: 327
  - Ha Nam: 327
  - Ha Tinh: 327
  - Hai Duong: 327
  - Hau Giang: 327
  - Hoa Binh: 327
  - Hung Yen: 327
  - Khanh Hoa: 327
  - Kien Giang: 327
  - Kon Tum: 327
  - Lai Chau: 327
  - Lam Dong: 327
  - Lang Son: 327
  - Lao Cai: 327
  - Long An: 326
  - Nam Dinh: 326
  - Nghe An: 326
  - Ninh Binh: 326
  - Ninh Thuan: 326
  - Phu Tho: 326
  - Phu Yen: 326
  - Quang Binh: 326
  - Quang Nam: 326
  - Quang Ngai: 326
  - Quang Ninh: 326
  - Quang Tri: 326
  - Soc Trang: 326
  - Son La: 326
  - Tay Ninh: 326
  - Thai Binh: 326
  - Thai Nguyen: 326
  - Thanh Hoa: 326
  - Thua Thien Hue: 326
  - Tien Giang: 326
  - Tra Vinh: 326
  - Tuyen Quang: 326
  - Vinh Long: 326
  - Vinh Phuc: 326
  - Yen Bai: 325
[Bootstrap] Progress:
  - Hanoi: 329
  - Ho Chi Minh: 329
  - Hai Phong: 329
  - Da Nang: 329
  - Can Tho: 328
  - An Giang: 328
  - Ba Ria - Vung Tau: 328
  - Bac Giang: 328
  - Bac Kan: 328
  - Bac Lieu: 328
  - Bac Ninh: 328
  - Ben Tre: 328
  - Binh Dinh: 328
  - Binh Duong: 328
  - Binh Phuoc: 328
  - Binh Thuan: 328
  - Ca Mau: 328
  - Cao Bang: 328
  - Dak Lak: 328
  - Dak Nong: 328
  - Dien Bien: 328
  - Dong Nai: 328
  - Dong Thap: 328
  - Gia Lai: 328
  - Ha Giang: 328
  - Ha Nam: 328
  - Ha Tinh: 328
  - Hai Duong: 328
  - Hau Giang: 328
  - Hoa Binh: 328
  - Hung Yen: 328
  - Khanh Hoa: 328
  - Kien Giang: 328
  - Kon Tum: 328
  - Lai Chau: 328
  - Lam Dong: 328
  - Lang Son: 328
  - Lao Cai: 328
  - Long An: 327
  - Nam Dinh: 327
  - Nghe An: 327
  - Ninh Binh: 327
  - Ninh Thuan: 327
  - Phu Tho: 327
  - Phu Yen: 327
  - Quang Binh: 327
  - Quang Nam: 327
  - Quang Ngai: 327
  - Quang Ninh: 327
  - Quang Tri: 327
  - Soc Trang: 327
  - Son La: 327
  - Tay Ninh: 327
  - Thai Binh: 327
  - Thai Nguyen: 327
  - Thanh Hoa: 327
  - Thua Thien Hue: 327
  - Tien Giang: 327
  - Tra Vinh: 327
  - Tuyen Quang: 327
  - Vinh Long: 327
  - Vinh Phuc: 327
  - Yen Bai: 326
[Bootstrap] Progress:
  - Hanoi: 330
  - Ho Chi Minh: 330
  - Hai Phong: 330
  - Da Nang: 330
  - Can Tho: 329
  - An Giang: 329
  - Ba Ria - Vung Tau: 329
  - Bac Giang: 329
  - Bac Kan: 329
  - Bac Lieu: 329
  - Bac Ninh: 329
  - Ben Tre: 329
  - Binh Dinh: 329
  - Binh Duong: 329
  - Binh Phuoc: 329
  - Binh Thuan: 329
  - Ca Mau: 329
  - Cao Bang: 329
  - Dak Lak: 329
  - Dak Nong: 329
  - Dien Bien: 329
  - Dong Nai: 329
  - Dong Thap: 329
  - Gia Lai: 329
  - Ha Giang: 329
  - Ha Nam: 329
  - Ha Tinh: 329
  - Hai Duong: 329
  - Hau Giang: 329
  - Hoa Binh: 329
  - Hung Yen: 329
  - Khanh Hoa: 329
  - Kien Giang: 329
  - Kon Tum: 329
  - Lai Chau: 329
  - Lam Dong: 329
  - Lang Son: 329
  - Lao Cai: 329
  - Long An: 328
  - Nam Dinh: 328
  - Nghe An: 328
  - Ninh Binh: 328
  - Ninh Thuan: 328
  - Phu Tho: 328
  - Phu Yen: 328
  - Quang Binh: 328
  - Quang Nam: 328
  - Quang Ngai: 328
  - Quang Ninh: 328
  - Quang Tri: 328
  - Soc Trang: 328
  - Son La: 328
  - Tay Ninh: 328
  - Thai Binh: 328
  - Thai Nguyen: 328
  - Thanh Hoa: 328
  - Thua Thien Hue: 328
  - Tien Giang: 328
  - Tra Vinh: 328
  - Tuyen Quang: 328
  - Vinh Long: 328
  - Vinh Phuc: 328
  - Yen Bai: 327
[Bootstrap] Progress:
  - Hanoi: 331
  - Ho Chi Minh: 331
  - Hai Phong: 331
  - Da Nang: 331
  - Can Tho: 330
  - An Giang: 330
  - Ba Ria - Vung Tau: 330
  - Bac Giang: 330
  - Bac Kan: 330
  - Bac Lieu: 330
  - Bac Ninh: 330
  - Ben Tre: 330
  - Binh Dinh: 330
  - Binh Duong: 330
  - Binh Phuoc: 330
  - Binh Thuan: 330
  - Ca Mau: 330
  - Cao Bang: 330
  - Dak Lak: 330
  - Dak Nong: 330
  - Dien Bien: 330
  - Dong Nai: 330
  - Dong Thap: 330
  - Gia Lai: 330
  - Ha Giang: 330
  - Ha Nam: 330
  - Ha Tinh: 330
  - Hai Duong: 330
  - Hau Giang: 330
  - Hoa Binh: 330
  - Hung Yen: 330
  - Khanh Hoa: 330
  - Kien Giang: 330
  - Kon Tum: 330
  - Lai Chau: 330
  - Lam Dong: 330
  - Lang Son: 330
  - Lao Cai: 330
  - Long An: 329
  - Nam Dinh: 329
  - Nghe An: 329
  - Ninh Binh: 329
  - Ninh Thuan: 329
  - Phu Tho: 329
  - Phu Yen: 329
  - Quang Binh: 329
  - Quang Nam: 329
  - Quang Ngai: 329
  - Quang Ninh: 329
  - Quang Tri: 329
  - Soc Trang: 329
  - Son La: 329
  - Tay Ninh: 329
  - Thai Binh: 329
  - Thai Nguyen: 329
  - Thanh Hoa: 329
  - Thua Thien Hue: 329
  - Tien Giang: 329
  - Tra Vinh: 329
  - Tuyen Quang: 329
  - Vinh Long: 329
  - Vinh Phuc: 329
  - Yen Bai: 328
[Bootstrap] Progress:
  - Hanoi: 332
  - Ho Chi Minh: 332
  - Hai Phong: 332
  - Da Nang: 332
  - Can Tho: 331
  - An Giang: 331
  - Ba Ria - Vung Tau: 331
  - Bac Giang: 331
  - Bac Kan: 331
  - Bac Lieu: 331
  - Bac Ninh: 331
  - Ben Tre: 331
  - Binh Dinh: 331
  - Binh Duong: 331
  - Binh Phuoc: 331
  - Binh Thuan: 331
  - Ca Mau: 331
  - Cao Bang: 331
  - Dak Lak: 331
  - Dak Nong: 331
  - Dien Bien: 331
  - Dong Nai: 331
  - Dong Thap: 331
  - Gia Lai: 331
  - Ha Giang: 331
  - Ha Nam: 331
  - Ha Tinh: 331
  - Hai Duong: 331
  - Hau Giang: 331
  - Hoa Binh: 331
  - Hung Yen: 331
  - Khanh Hoa: 331
  - Kien Giang: 331
  - Kon Tum: 331
  - Lai Chau: 331
  - Lam Dong: 331
  - Lang Son: 331
  - Lao Cai: 331
  - Long An: 330
  - Nam Dinh: 330
  - Nghe An: 330
  - Ninh Binh: 330
  - Ninh Thuan: 330
  - Phu Tho: 330
  - Phu Yen: 330
  - Quang Binh: 330
  - Quang Nam: 330
  - Quang Ngai: 330
  - Quang Ninh: 330
  - Quang Tri: 330
  - Soc Trang: 330
  - Son La: 330
  - Tay Ninh: 330
  - Thai Binh: 330
  - Thai Nguyen: 330
  - Thanh Hoa: 330
  - Thua Thien Hue: 330
  - Tien Giang: 330
  - Tra Vinh: 330
  - Tuyen Quang: 330
  - Vinh Long: 330
  - Vinh Phuc: 330
  - Yen Bai: 329
[Bootstrap] Progress:
  - Hanoi: 333
  - Ho Chi Minh: 333
  - Hai Phong: 333
  - Da Nang: 333
  - Can Tho: 332
  - An Giang: 332
  - Ba Ria - Vung Tau: 332
  - Bac Giang: 332
  - Bac Kan: 332
  - Bac Lieu: 332
  - Bac Ninh: 332
  - Ben Tre: 332
  - Binh Dinh: 332
  - Binh Duong: 332
  - Binh Phuoc: 332
  - Binh Thuan: 332
  - Ca Mau: 332
  - Cao Bang: 332
  - Dak Lak: 332
  - Dak Nong: 332
  - Dien Bien: 332
  - Dong Nai: 332
  - Dong Thap: 332
  - Gia Lai: 332
  - Ha Giang: 332
  - Ha Nam: 332
  - Ha Tinh: 332
  - Hai Duong: 332
  - Hau Giang: 332
  - Hoa Binh: 332
  - Hung Yen: 332
  - Khanh Hoa: 332
  - Kien Giang: 332
  - Kon Tum: 332
  - Lai Chau: 332
  - Lam Dong: 332
  - Lang Son: 332
  - Lao Cai: 332
  - Long An: 331
  - Nam Dinh: 331
  - Nghe An: 331
  - Ninh Binh: 331
  - Ninh Thuan: 331
  - Phu Tho: 331
  - Phu Yen: 331
  - Quang Binh: 331
  - Quang Nam: 331
  - Quang Ngai: 331
  - Quang Ninh: 331
  - Quang Tri: 331
  - Soc Trang: 331
  - Son La: 331
  - Tay Ninh: 331
  - Thai Binh: 331
  - Thai Nguyen: 331
  - Thanh Hoa: 331
  - Thua Thien Hue: 331
  - Tien Giang: 331
  - Tra Vinh: 331
  - Tuyen Quang: 331
  - Vinh Long: 331
  - Vinh Phuc: 331
  - Yen Bai: 330
[Bootstrap] Progress:
  - Hanoi: 334
  - Ho Chi Minh: 334
  - Hai Phong: 334
  - Da Nang: 334
  - Can Tho: 333
  - An Giang: 333
  - Ba Ria - Vung Tau: 333
  - Bac Giang: 333
  - Bac Kan: 333
  - Bac Lieu: 333
  - Bac Ninh: 333
  - Ben Tre: 333
  - Binh Dinh: 333
  - Binh Duong: 333
  - Binh Phuoc: 333
  - Binh Thuan: 333
  - Ca Mau: 333
  - Cao Bang: 333
  - Dak Lak: 333
  - Dak Nong: 333
  - Dien Bien: 333
  - Dong Nai: 333
  - Dong Thap: 333
  - Gia Lai: 333
  - Ha Giang: 333
  - Ha Nam: 333
  - Ha Tinh: 333
  - Hai Duong: 333
  - Hau Giang: 333
  - Hoa Binh: 333
  - Hung Yen: 333
  - Khanh Hoa: 333
  - Kien Giang: 333
  - Kon Tum: 333
  - Lai Chau: 333
  - Lam Dong: 333
  - Lang Son: 333
  - Lao Cai: 333
  - Long An: 332
  - Nam Dinh: 332
  - Nghe An: 332
  - Ninh Binh: 332
  - Ninh Thuan: 332
  - Phu Tho: 332
  - Phu Yen: 332
  - Quang Binh: 332
  - Quang Nam: 332
  - Quang Ngai: 332
  - Quang Ninh: 332
  - Quang Tri: 332
  - Soc Trang: 332
  - Son La: 332
  - Tay Ninh: 332
  - Thai Binh: 332
  - Thai Nguyen: 332
  - Thanh Hoa: 332
  - Thua Thien Hue: 332
  - Tien Giang: 332
  - Tra Vinh: 332
  - Tuyen Quang: 332
  - Vinh Long: 332
  - Vinh Phuc: 332
  - Yen Bai: 331
[Bootstrap] Progress:
  - Hanoi: 335
  - Ho Chi Minh: 335
  - Hai Phong: 335
  - Da Nang: 335
  - Can Tho: 334
  - An Giang: 334
  - Ba Ria - Vung Tau: 334
  - Bac Giang: 334
  - Bac Kan: 334
  - Bac Lieu: 334
  - Bac Ninh: 334
  - Ben Tre: 334
  - Binh Dinh: 334
  - Binh Duong: 334
  - Binh Phuoc: 334
  - Binh Thuan: 334
  - Ca Mau: 334
  - Cao Bang: 334
  - Dak Lak: 334
  - Dak Nong: 334
  - Dien Bien: 334
  - Dong Nai: 334
  - Dong Thap: 334
  - Gia Lai: 334
  - Ha Giang: 334
  - Ha Nam: 334
  - Ha Tinh: 334
  - Hai Duong: 334
  - Hau Giang: 334
  - Hoa Binh: 334
  - Hung Yen: 334
  - Khanh Hoa: 334
  - Kien Giang: 334
  - Kon Tum: 334
  - Lai Chau: 334
  - Lam Dong: 334
  - Lang Son: 334
  - Lao Cai: 334
  - Long An: 333
  - Nam Dinh: 333
  - Nghe An: 333
  - Ninh Binh: 333
  - Ninh Thuan: 333
  - Phu Tho: 333
  - Phu Yen: 333
  - Quang Binh: 333
  - Quang Nam: 333
  - Quang Ngai: 333
  - Quang Ninh: 333
  - Quang Tri: 333
  - Soc Trang: 333
  - Son La: 333
  - Tay Ninh: 333
  - Thai Binh: 333
  - Thai Nguyen: 333
  - Thanh Hoa: 333
  - Thua Thien Hue: 333
  - Tien Giang: 333
  - Tra Vinh: 333
  - Tuyen Quang: 333
  - Vinh Long: 333
  - Vinh Phuc: 333
  - Yen Bai: 332
[Bootstrap] Progress:
  - Hanoi: 336
  - Ho Chi Minh: 336
  - Hai Phong: 336
  - Da Nang: 336
  - Can Tho: 335
  - An Giang: 335
  - Ba Ria - Vung Tau: 335
  - Bac Giang: 335
  - Bac Kan: 335
  - Bac Lieu: 335
  - Bac Ninh: 335
  - Ben Tre: 335
  - Binh Dinh: 335
  - Binh Duong: 335
  - Binh Phuoc: 335
  - Binh Thuan: 335
  - Ca Mau: 335
  - Cao Bang: 335
  - Dak Lak: 335
  - Dak Nong: 335
  - Dien Bien: 335
  - Dong Nai: 335
  - Dong Thap: 335
  - Gia Lai: 335
  - Ha Giang: 335
  - Ha Nam: 335
  - Ha Tinh: 335
  - Hai Duong: 335
  - Hau Giang: 335
  - Hoa Binh: 335
  - Hung Yen: 335
  - Khanh Hoa: 335
  - Kien Giang: 335
  - Kon Tum: 335
  - Lai Chau: 335
  - Lam Dong: 335
  - Lang Son: 335
  - Lao Cai: 335
  - Long An: 334
  - Nam Dinh: 334
  - Nghe An: 334
  - Ninh Binh: 334
  - Ninh Thuan: 334
  - Phu Tho: 334
  - Phu Yen: 334
  - Quang Binh: 334
  - Quang Nam: 334
  - Quang Ngai: 334
  - Quang Ninh: 334
  - Quang Tri: 334
  - Soc Trang: 334
  - Son La: 334
  - Tay Ninh: 334
  - Thai Binh: 334
  - Thai Nguyen: 334
  - Thanh Hoa: 334
  - Thua Thien Hue: 334
  - Tien Giang: 334
  - Tra Vinh: 334
  - Tuyen Quang: 334
  - Vinh Long: 334
  - Vinh Phuc: 334
  - Yen Bai: 333
[Bootstrap] Progress:
  - Hanoi: 337
  - Ho Chi Minh: 337
  - Hai Phong: 337
  - Da Nang: 337
  - Can Tho: 336
  - An Giang: 336
  - Ba Ria - Vung Tau: 336
  - Bac Giang: 336
  - Bac Kan: 336
  - Bac Lieu: 336
  - Bac Ninh: 336
  - Ben Tre: 336
  - Binh Dinh: 336
  - Binh Duong: 336
  - Binh Phuoc: 336
  - Binh Thuan: 336
  - Ca Mau: 336
  - Cao Bang: 336
  - Dak Lak: 336
  - Dak Nong: 336
  - Dien Bien: 336
  - Dong Nai: 336
  - Dong Thap: 336
  - Gia Lai: 336
  - Ha Giang: 336
  - Ha Nam: 336
  - Ha Tinh: 336
  - Hai Duong: 336
  - Hau Giang: 336
  - Hoa Binh: 336
  - Hung Yen: 336
  - Khanh Hoa: 336
  - Kien Giang: 336
  - Kon Tum: 336
  - Lai Chau: 336
  - Lam Dong: 336
  - Lang Son: 336
  - Lao Cai: 336
  - Long An: 335
  - Nam Dinh: 335
  - Nghe An: 335
  - Ninh Binh: 335
  - Ninh Thuan: 335
  - Phu Tho: 335
  - Phu Yen: 335
  - Quang Binh: 335
  - Quang Nam: 335
  - Quang Ngai: 335
  - Quang Ninh: 335
  - Quang Tri: 335
  - Soc Trang: 335
  - Son La: 335
  - Tay Ninh: 335
  - Thai Binh: 335
  - Thai Nguyen: 335
  - Thanh Hoa: 335
  - Thua Thien Hue: 335
  - Tien Giang: 335
  - Tra Vinh: 335
  - Tuyen Quang: 335
  - Vinh Long: 335
  - Vinh Phuc: 335
  - Yen Bai: 334
[Bootstrap] Progress:
  - Hanoi: 340
  - Ho Chi Minh: 340
  - Hai Phong: 340
  - Da Nang: 340
  - Can Tho: 339
  - An Giang: 339
  - Ba Ria - Vung Tau: 339
  - Bac Giang: 339
  - Bac Kan: 339
  - Bac Lieu: 339
  - Bac Ninh: 339
  - Ben Tre: 339
  - Binh Dinh: 339
  - Binh Duong: 339
  - Binh Phuoc: 339
  - Binh Thuan: 339
  - Ca Mau: 339
  - Cao Bang: 339
  - Dak Lak: 339
  - Dak Nong: 339
  - Dien Bien: 339
  - Dong Nai: 339
  - Dong Thap: 339
  - Gia Lai: 339
  - Ha Giang: 339
  - Ha Nam: 339
  - Ha Tinh: 339
  - Hai Duong: 339
  - Hau Giang: 339
  - Hoa Binh: 339
  - Hung Yen: 339
  - Khanh Hoa: 339
  - Kien Giang: 339
  - Kon Tum: 339
  - Lai Chau: 339
  - Lam Dong: 339
  - Lang Son: 339
  - Lao Cai: 339
  - Long An: 338
  - Nam Dinh: 337
  - Nghe An: 337
  - Ninh Binh: 337
  - Ninh Thuan: 337
  - Phu Tho: 337
  - Phu Yen: 337
  - Quang Binh: 337
  - Quang Nam: 337
  - Quang Ngai: 337
  - Quang Ninh: 337
  - Quang Tri: 337
  - Soc Trang: 337
  - Son La: 337
  - Tay Ninh: 337
  - Thai Binh: 337
  - Thai Nguyen: 337
  - Thanh Hoa: 337
  - Thua Thien Hue: 337
  - Tien Giang: 337
  - Tra Vinh: 337
  - Tuyen Quang: 337
  - Vinh Long: 336
  - Vinh Phuc: 336
  - Yen Bai: 335
[Bootstrap] Progress:
  - Hanoi: 341
  - Ho Chi Minh: 341
  - Hai Phong: 341
  - Da Nang: 341
  - Can Tho: 340
  - An Giang: 340
  - Ba Ria - Vung Tau: 340
  - Bac Giang: 340
  - Bac Kan: 340
  - Bac Lieu: 340
  - Bac Ninh: 340
  - Ben Tre: 340
  - Binh Dinh: 340
  - Binh Duong: 340
  - Binh Phuoc: 340
  - Binh Thuan: 340
  - Ca Mau: 340
  - Cao Bang: 340
  - Dak Lak: 340
  - Dak Nong: 340
  - Dien Bien: 340
  - Dong Nai: 340
  - Dong Thap: 340
  - Gia Lai: 340
  - Ha Giang: 340
  - Ha Nam: 340
  - Ha Tinh: 340
  - Hai Duong: 340
  - Hau Giang: 340
  - Hoa Binh: 340
  - Hung Yen: 340
  - Khanh Hoa: 340
  - Kien Giang: 340
  - Kon Tum: 340
  - Lai Chau: 340
  - Lam Dong: 340
  - Lang Son: 340
  - Lao Cai: 340
  - Long An: 339
  - Nam Dinh: 339
  - Nghe An: 339
  - Ninh Binh: 339
  - Ninh Thuan: 339
  - Phu Tho: 339
  - Phu Yen: 339
  - Quang Binh: 339
  - Quang Nam: 339
  - Quang Ngai: 339
  - Quang Ninh: 339
  - Quang Tri: 339
  - Soc Trang: 339
  - Son La: 339
  - Tay Ninh: 339
  - Thai Binh: 339
  - Thai Nguyen: 339
  - Thanh Hoa: 339
  - Thua Thien Hue: 339
  - Tien Giang: 339
  - Tra Vinh: 339
  - Tuyen Quang: 339
  - Vinh Long: 339
  - Vinh Phuc: 339
  - Yen Bai: 338
[Bootstrap] Progress:
  - Hanoi: 342
  - Ho Chi Minh: 342
  - Hai Phong: 342
  - Da Nang: 342
  - Can Tho: 341
  - An Giang: 341
  - Ba Ria - Vung Tau: 341
  - Bac Giang: 341
  - Bac Kan: 341
  - Bac Lieu: 341
  - Bac Ninh: 341
  - Ben Tre: 341
  - Binh Dinh: 341
  - Binh Duong: 341
  - Binh Phuoc: 341
  - Binh Thuan: 341
  - Ca Mau: 341
  - Cao Bang: 341
  - Dak Lak: 341
  - Dak Nong: 341
  - Dien Bien: 341
  - Dong Nai: 341
  - Dong Thap: 341
  - Gia Lai: 341
  - Ha Giang: 341
  - Ha Nam: 341
  - Ha Tinh: 341
  - Hai Duong: 341
  - Hau Giang: 341
  - Hoa Binh: 341
  - Hung Yen: 341
  - Khanh Hoa: 341
  - Kien Giang: 341
  - Kon Tum: 341
  - Lai Chau: 341
  - Lam Dong: 341
  - Lang Son: 341
  - Lao Cai: 341
  - Long An: 340
  - Nam Dinh: 340
  - Nghe An: 340
  - Ninh Binh: 340
  - Ninh Thuan: 340
  - Phu Tho: 340
  - Phu Yen: 340
  - Quang Binh: 340
  - Quang Nam: 340
  - Quang Ngai: 340
  - Quang Ninh: 340
  - Quang Tri: 340
  - Soc Trang: 340
  - Son La: 340
  - Tay Ninh: 340
  - Thai Binh: 340
  - Thai Nguyen: 340
  - Thanh Hoa: 340
  - Thua Thien Hue: 340
  - Tien Giang: 340
  - Tra Vinh: 340
  - Tuyen Quang: 340
  - Vinh Long: 340
  - Vinh Phuc: 340
  - Yen Bai: 339
[Bootstrap] Progress:
  - Hanoi: 343
  - Ho Chi Minh: 343
  - Hai Phong: 343
  - Da Nang: 343
  - Can Tho: 342
  - An Giang: 342
  - Ba Ria - Vung Tau: 342
  - Bac Giang: 342
  - Bac Kan: 342
  - Bac Lieu: 342
  - Bac Ninh: 342
  - Ben Tre: 342
  - Binh Dinh: 342
  - Binh Duong: 342
  - Binh Phuoc: 342
  - Binh Thuan: 342
  - Ca Mau: 342
  - Cao Bang: 342
  - Dak Lak: 342
  - Dak Nong: 342
  - Dien Bien: 342
  - Dong Nai: 342
  - Dong Thap: 342
  - Gia Lai: 342
  - Ha Giang: 342
  - Ha Nam: 342
  - Ha Tinh: 342
  - Hai Duong: 342
  - Hau Giang: 342
  - Hoa Binh: 342
  - Hung Yen: 342
  - Khanh Hoa: 342
  - Kien Giang: 342
  - Kon Tum: 342
  - Lai Chau: 342
  - Lam Dong: 342
  - Lang Son: 342
  - Lao Cai: 342
  - Long An: 341
  - Nam Dinh: 341
  - Nghe An: 341
  - Ninh Binh: 341
  - Ninh Thuan: 341
  - Phu Tho: 341
  - Phu Yen: 341
  - Quang Binh: 341
  - Quang Nam: 341
  - Quang Ngai: 341
  - Quang Ninh: 341
  - Quang Tri: 341
  - Soc Trang: 341
  - Son La: 341
  - Tay Ninh: 341
  - Thai Binh: 341
  - Thai Nguyen: 341
  - Thanh Hoa: 341
  - Thua Thien Hue: 341
  - Tien Giang: 341
  - Tra Vinh: 341
  - Tuyen Quang: 341
  - Vinh Long: 341
  - Vinh Phuc: 341
  - Yen Bai: 340
[Bootstrap] Progress:
  - Hanoi: 344
  - Ho Chi Minh: 344
  - Hai Phong: 344
  - Da Nang: 344
  - Can Tho: 343
  - An Giang: 343
  - Ba Ria - Vung Tau: 343
  - Bac Giang: 343
  - Bac Kan: 343
  - Bac Lieu: 343
  - Bac Ninh: 343
  - Ben Tre: 343
  - Binh Dinh: 343
  - Binh Duong: 343
  - Binh Phuoc: 343
  - Binh Thuan: 343
  - Ca Mau: 343
  - Cao Bang: 343
  - Dak Lak: 343
  - Dak Nong: 343
  - Dien Bien: 343
  - Dong Nai: 343
  - Dong Thap: 343
  - Gia Lai: 343
  - Ha Giang: 343
  - Ha Nam: 343
  - Ha Tinh: 343
  - Hai Duong: 343
  - Hau Giang: 343
  - Hoa Binh: 343
  - Hung Yen: 343
  - Khanh Hoa: 343
  - Kien Giang: 343
  - Kon Tum: 343
  - Lai Chau: 343
  - Lam Dong: 343
  - Lang Son: 343
  - Lao Cai: 343
  - Long An: 342
  - Nam Dinh: 342
  - Nghe An: 342
  - Ninh Binh: 342
  - Ninh Thuan: 342
  - Phu Tho: 342
  - Phu Yen: 342
  - Quang Binh: 342
  - Quang Nam: 342
  - Quang Ngai: 342
  - Quang Ninh: 342
  - Quang Tri: 342
  - Soc Trang: 342
  - Son La: 342
  - Tay Ninh: 342
  - Thai Binh: 342
  - Thai Nguyen: 342
  - Thanh Hoa: 342
  - Thua Thien Hue: 342
  - Tien Giang: 342
  - Tra Vinh: 342
  - Tuyen Quang: 342
  - Vinh Long: 342
  - Vinh Phuc: 342
  - Yen Bai: 341
[Bootstrap] Progress:
  - Hanoi: 345
  - Ho Chi Minh: 345
  - Hai Phong: 345
  - Da Nang: 345
  - Can Tho: 344
  - An Giang: 344
  - Ba Ria - Vung Tau: 344
  - Bac Giang: 344
  - Bac Kan: 344
  - Bac Lieu: 344
  - Bac Ninh: 344
  - Ben Tre: 344
  - Binh Dinh: 344
  - Binh Duong: 344
  - Binh Phuoc: 344
  - Binh Thuan: 344
  - Ca Mau: 344
  - Cao Bang: 344
  - Dak Lak: 344
  - Dak Nong: 344
  - Dien Bien: 344
  - Dong Nai: 344
  - Dong Thap: 344
  - Gia Lai: 344
  - Ha Giang: 344
  - Ha Nam: 344
  - Ha Tinh: 344
  - Hai Duong: 344
  - Hau Giang: 344
  - Hoa Binh: 344
  - Hung Yen: 344
  - Khanh Hoa: 344
  - Kien Giang: 344
  - Kon Tum: 344
  - Lai Chau: 344
  - Lam Dong: 344
  - Lang Son: 344
  - Lao Cai: 344
  - Long An: 343
  - Nam Dinh: 343
  - Nghe An: 343
  - Ninh Binh: 343
  - Ninh Thuan: 343
  - Phu Tho: 343
  - Phu Yen: 343
  - Quang Binh: 343
  - Quang Nam: 343
  - Quang Ngai: 343
  - Quang Ninh: 343
  - Quang Tri: 343
  - Soc Trang: 343
  - Son La: 343
  - Tay Ninh: 343
  - Thai Binh: 343
  - Thai Nguyen: 343
  - Thanh Hoa: 343
  - Thua Thien Hue: 343
  - Tien Giang: 343
  - Tra Vinh: 343
  - Tuyen Quang: 343
  - Vinh Long: 343
  - Vinh Phuc: 343
  - Yen Bai: 342
[Bootstrap] Progress:
  - Hanoi: 346
  - Ho Chi Minh: 346
  - Hai Phong: 346
  - Da Nang: 346
  - Can Tho: 345
  - An Giang: 345
  - Ba Ria - Vung Tau: 345
  - Bac Giang: 345
  - Bac Kan: 345
  - Bac Lieu: 345
  - Bac Ninh: 345
  - Ben Tre: 345
  - Binh Dinh: 345
  - Binh Duong: 345
  - Binh Phuoc: 345
  - Binh Thuan: 345
  - Ca Mau: 345
  - Cao Bang: 345
  - Dak Lak: 345
  - Dak Nong: 345
  - Dien Bien: 345
  - Dong Nai: 345
  - Dong Thap: 345
  - Gia Lai: 345
  - Ha Giang: 345
  - Ha Nam: 345
  - Ha Tinh: 345
  - Hai Duong: 345
  - Hau Giang: 345
  - Hoa Binh: 345
  - Hung Yen: 345
  - Khanh Hoa: 345
  - Kien Giang: 345
  - Kon Tum: 345
  - Lai Chau: 345
  - Lam Dong: 345
  - Lang Son: 345
  - Lao Cai: 345
  - Long An: 344
  - Nam Dinh: 344
  - Nghe An: 344
  - Ninh Binh: 344
  - Ninh Thuan: 344
  - Phu Tho: 344
  - Phu Yen: 344
  - Quang Binh: 344
  - Quang Nam: 344
  - Quang Ngai: 344
  - Quang Ninh: 344
  - Quang Tri: 344
  - Soc Trang: 344
  - Son La: 344
  - Tay Ninh: 344
  - Thai Binh: 344
  - Thai Nguyen: 344
  - Thanh Hoa: 344
  - Thua Thien Hue: 344
  - Tien Giang: 344
  - Tra Vinh: 344
  - Tuyen Quang: 344
  - Vinh Long: 344
  - Vinh Phuc: 344
  - Yen Bai: 343
[Bootstrap] Progress:
  - Hanoi: 347
  - Ho Chi Minh: 347
  - Hai Phong: 347
  - Da Nang: 347
  - Can Tho: 346
  - An Giang: 346
  - Ba Ria - Vung Tau: 346
  - Bac Giang: 346
  - Bac Kan: 346
  - Bac Lieu: 346
  - Bac Ninh: 346
  - Ben Tre: 346
  - Binh Dinh: 346
  - Binh Duong: 346
  - Binh Phuoc: 346
  - Binh Thuan: 346
  - Ca Mau: 346
  - Cao Bang: 346
  - Dak Lak: 346
  - Dak Nong: 346
  - Dien Bien: 346
  - Dong Nai: 346
  - Dong Thap: 346
  - Gia Lai: 346
  - Ha Giang: 346
  - Ha Nam: 346
  - Ha Tinh: 346
  - Hai Duong: 346
  - Hau Giang: 346
  - Hoa Binh: 346
  - Hung Yen: 346
  - Khanh Hoa: 346
  - Kien Giang: 346
  - Kon Tum: 346
  - Lai Chau: 346
  - Lam Dong: 346
  - Lang Son: 346
  - Lao Cai: 346
  - Long An: 345
  - Nam Dinh: 345
  - Nghe An: 345
  - Ninh Binh: 345
  - Ninh Thuan: 345
  - Phu Tho: 345
  - Phu Yen: 345
  - Quang Binh: 345
  - Quang Nam: 345
  - Quang Ngai: 345
  - Quang Ninh: 345
  - Quang Tri: 345
  - Soc Trang: 345
  - Son La: 345
  - Tay Ninh: 345
  - Thai Binh: 345
  - Thai Nguyen: 345
  - Thanh Hoa: 345
  - Thua Thien Hue: 345
  - Tien Giang: 345
  - Tra Vinh: 345
  - Tuyen Quang: 345
  - Vinh Long: 345
  - Vinh Phuc: 345
  - Yen Bai: 344
[Bootstrap] Progress:
  - Hanoi: 348
  - Ho Chi Minh: 348
  - Hai Phong: 348
  - Da Nang: 348
  - Can Tho: 347
  - An Giang: 347
  - Ba Ria - Vung Tau: 347
  - Bac Giang: 347
  - Bac Kan: 347
  - Bac Lieu: 347
  - Bac Ninh: 347
  - Ben Tre: 347
  - Binh Dinh: 347
  - Binh Duong: 347
  - Binh Phuoc: 347
  - Binh Thuan: 347
  - Ca Mau: 347
  - Cao Bang: 347
  - Dak Lak: 347
  - Dak Nong: 347
  - Dien Bien: 347
  - Dong Nai: 347
  - Dong Thap: 347
  - Gia Lai: 347
  - Ha Giang: 347
  - Ha Nam: 347
  - Ha Tinh: 347
  - Hai Duong: 347
  - Hau Giang: 347
  - Hoa Binh: 347
  - Hung Yen: 347
  - Khanh Hoa: 347
  - Kien Giang: 347
  - Kon Tum: 347
  - Lai Chau: 347
  - Lam Dong: 347
  - Lang Son: 347
  - Lao Cai: 347
  - Long An: 346
  - Nam Dinh: 346
  - Nghe An: 346
  - Ninh Binh: 346
  - Ninh Thuan: 346
  - Phu Tho: 346
  - Phu Yen: 346
  - Quang Binh: 346
  - Quang Nam: 346
  - Quang Ngai: 346
  - Quang Ninh: 346
  - Quang Tri: 346
  - Soc Trang: 346
  - Son La: 346
  - Tay Ninh: 346
  - Thai Binh: 346
  - Thai Nguyen: 346
  - Thanh Hoa: 346
  - Thua Thien Hue: 346
  - Tien Giang: 346
  - Tra Vinh: 346
  - Tuyen Quang: 346
  - Vinh Long: 346
  - Vinh Phuc: 346
  - Yen Bai: 345
[Bootstrap] Progress:
  - Hanoi: 349
  - Ho Chi Minh: 349
  - Hai Phong: 349
  - Da Nang: 349
  - Can Tho: 348
  - An Giang: 348
  - Ba Ria - Vung Tau: 348
  - Bac Giang: 348
  - Bac Kan: 348
  - Bac Lieu: 348
  - Bac Ninh: 348
  - Ben Tre: 348
  - Binh Dinh: 348
  - Binh Duong: 348
  - Binh Phuoc: 348
  - Binh Thuan: 348
  - Ca Mau: 348
  - Cao Bang: 348
  - Dak Lak: 348
  - Dak Nong: 348
  - Dien Bien: 348
  - Dong Nai: 348
  - Dong Thap: 348
  - Gia Lai: 348
  - Ha Giang: 348
  - Ha Nam: 348
  - Ha Tinh: 348
  - Hai Duong: 348
  - Hau Giang: 348
  - Hoa Binh: 348
  - Hung Yen: 348
  - Khanh Hoa: 348
  - Kien Giang: 348
  - Kon Tum: 348
  - Lai Chau: 348
  - Lam Dong: 348
  - Lang Son: 348
  - Lao Cai: 348
  - Long An: 347
  - Nam Dinh: 347
  - Nghe An: 347
  - Ninh Binh: 347
  - Ninh Thuan: 347
  - Phu Tho: 347
  - Phu Yen: 347
  - Quang Binh: 347
  - Quang Nam: 347
  - Quang Ngai: 347
  - Quang Ninh: 347
  - Quang Tri: 347
  - Soc Trang: 347
  - Son La: 347
  - Tay Ninh: 347
  - Thai Binh: 347
  - Thai Nguyen: 347
  - Thanh Hoa: 347
  - Thua Thien Hue: 347
  - Tien Giang: 347
  - Tra Vinh: 347
  - Tuyen Quang: 347
  - Vinh Long: 347
  - Vinh Phuc: 347
  - Yen Bai: 346
[Bootstrap] Progress:
  - Hanoi: 350
  - Ho Chi Minh: 350
  - Hai Phong: 350
  - Da Nang: 350
  - Can Tho: 349
  - An Giang: 349
  - Ba Ria - Vung Tau: 349
  - Bac Giang: 349
  - Bac Kan: 349
  - Bac Lieu: 349
  - Bac Ninh: 349
  - Ben Tre: 349
  - Binh Dinh: 349
  - Binh Duong: 349
  - Binh Phuoc: 349
  - Binh Thuan: 349
  - Ca Mau: 349
  - Cao Bang: 349
  - Dak Lak: 349
  - Dak Nong: 349
  - Dien Bien: 349
  - Dong Nai: 349
  - Dong Thap: 349
  - Gia Lai: 349
  - Ha Giang: 349
  - Ha Nam: 349
  - Ha Tinh: 349
  - Hai Duong: 349
  - Hau Giang: 349
  - Hoa Binh: 349
  - Hung Yen: 349
  - Khanh Hoa: 349
  - Kien Giang: 349
  - Kon Tum: 349
  - Lai Chau: 349
  - Lam Dong: 349
  - Lang Son: 349
  - Lao Cai: 349
  - Long An: 348
  - Nam Dinh: 348
  - Nghe An: 348
  - Ninh Binh: 348
  - Ninh Thuan: 348
  - Phu Tho: 348
  - Phu Yen: 348
  - Quang Binh: 348
  - Quang Nam: 348
  - Quang Ngai: 348
  - Quang Ninh: 348
  - Quang Tri: 348
  - Soc Trang: 348
  - Son La: 348
  - Tay Ninh: 348
  - Thai Binh: 348
  - Thai Nguyen: 348
  - Thanh Hoa: 348
  - Thua Thien Hue: 348
  - Tien Giang: 348
  - Tra Vinh: 348
  - Tuyen Quang: 348
  - Vinh Long: 348
  - Vinh Phuc: 348
  - Yen Bai: 347
[Bootstrap] Progress:
  - Hanoi: 351
  - Ho Chi Minh: 351
  - Hai Phong: 351
  - Da Nang: 351
  - Can Tho: 350
  - An Giang: 350
  - Ba Ria - Vung Tau: 350
  - Bac Giang: 350
  - Bac Kan: 350
  - Bac Lieu: 350
  - Bac Ninh: 350
  - Ben Tre: 350
  - Binh Dinh: 350
  - Binh Duong: 350
  - Binh Phuoc: 350
  - Binh Thuan: 350
  - Ca Mau: 350
  - Cao Bang: 350
  - Dak Lak: 350
  - Dak Nong: 350
  - Dien Bien: 350
  - Dong Nai: 350
  - Dong Thap: 350
  - Gia Lai: 350
  - Ha Giang: 350
  - Ha Nam: 350
  - Ha Tinh: 350
  - Hai Duong: 350
  - Hau Giang: 350
  - Hoa Binh: 350
  - Hung Yen: 350
  - Khanh Hoa: 350
  - Kien Giang: 350
  - Kon Tum: 350
  - Lai Chau: 350
  - Lam Dong: 350
  - Lang Son: 350
  - Lao Cai: 350
  - Long An: 349
  - Nam Dinh: 349
  - Nghe An: 349
  - Ninh Binh: 349
  - Ninh Thuan: 349
  - Phu Tho: 349
  - Phu Yen: 349
  - Quang Binh: 349
  - Quang Nam: 349
  - Quang Ngai: 349
  - Quang Ninh: 349
  - Quang Tri: 349
  - Soc Trang: 349
  - Son La: 349
  - Tay Ninh: 349
  - Thai Binh: 349
  - Thai Nguyen: 349
  - Thanh Hoa: 349
  - Thua Thien Hue: 349
  - Tien Giang: 349
  - Tra Vinh: 349
  - Tuyen Quang: 349
  - Vinh Long: 349
  - Vinh Phuc: 349
  - Yen Bai: 348
[Bootstrap] Progress:
  - Hanoi: 354
  - Ho Chi Minh: 354
  - Hai Phong: 354
  - Da Nang: 354
  - Can Tho: 353
  - An Giang: 353
  - Ba Ria - Vung Tau: 353
  - Bac Giang: 353
  - Bac Kan: 353
  - Bac Lieu: 353
  - Bac Ninh: 353
  - Ben Tre: 353
  - Binh Dinh: 352
  - Binh Duong: 352
  - Binh Phuoc: 352
  - Binh Thuan: 352
  - Ca Mau: 352
  - Cao Bang: 352
  - Dak Lak: 352
  - Dak Nong: 352
  - Dien Bien: 352
  - Dong Nai: 352
  - Dong Thap: 352
  - Gia Lai: 352
  - Ha Giang: 352
  - Ha Nam: 352
  - Ha Tinh: 352
  - Hai Duong: 352
  - Hau Giang: 352
  - Hoa Binh: 352
  - Hung Yen: 352
  - Khanh Hoa: 352
  - Kien Giang: 351
  - Kon Tum: 351
  - Lai Chau: 351
  - Lam Dong: 351
  - Lang Son: 351
  - Lao Cai: 351
  - Long An: 350
  - Nam Dinh: 350
  - Nghe An: 350
  - Ninh Binh: 350
  - Ninh Thuan: 350
  - Phu Tho: 350
  - Phu Yen: 350
  - Quang Binh: 350
  - Quang Nam: 350
  - Quang Ngai: 350
  - Quang Ninh: 350
  - Quang Tri: 350
  - Soc Trang: 350
  - Son La: 350
  - Tay Ninh: 350
  - Thai Binh: 350
  - Thai Nguyen: 350
  - Thanh Hoa: 350
  - Thua Thien Hue: 350
  - Tien Giang: 350
  - Tra Vinh: 350
  - Tuyen Quang: 350
  - Vinh Long: 350
  - Vinh Phuc: 350
  - Yen Bai: 349
[Bootstrap] Progress:
  - Hanoi: 355
  - Ho Chi Minh: 355
  - Hai Phong: 355
  - Da Nang: 355
  - Can Tho: 354
  - An Giang: 354
  - Ba Ria - Vung Tau: 354
  - Bac Giang: 354
  - Bac Kan: 354
  - Bac Lieu: 354
  - Bac Ninh: 354
  - Ben Tre: 354
  - Binh Dinh: 354
  - Binh Duong: 354
  - Binh Phuoc: 354
  - Binh Thuan: 354
  - Ca Mau: 354
  - Cao Bang: 354
  - Dak Lak: 354
  - Dak Nong: 354
  - Dien Bien: 354
  - Dong Nai: 354
  - Dong Thap: 354
  - Gia Lai: 354
  - Ha Giang: 354
  - Ha Nam: 354
  - Ha Tinh: 354
  - Hai Duong: 354
  - Hau Giang: 354
  - Hoa Binh: 354
  - Hung Yen: 354
  - Khanh Hoa: 354
  - Kien Giang: 354
  - Kon Tum: 354
  - Lai Chau: 354
  - Lam Dong: 354
  - Lang Son: 354
  - Lao Cai: 354
  - Long An: 353
  - Nam Dinh: 353
  - Nghe An: 353
  - Ninh Binh: 353
  - Ninh Thuan: 353
  - Phu Tho: 353
  - Phu Yen: 353
  - Quang Binh: 353
  - Quang Nam: 353
  - Quang Ngai: 353
  - Quang Ninh: 353
  - Quang Tri: 353
  - Soc Trang: 353
  - Son La: 353
  - Tay Ninh: 353
  - Thai Binh: 353
  - Thai Nguyen: 353
  - Thanh Hoa: 353
  - Thua Thien Hue: 353
  - Tien Giang: 353
  - Tra Vinh: 353
  - Tuyen Quang: 353
  - Vinh Long: 353
  - Vinh Phuc: 353
  - Yen Bai: 352
[Bootstrap] Progress:
  - Hanoi: 356
  - Ho Chi Minh: 356
  - Hai Phong: 356
  - Da Nang: 356
  - Can Tho: 355
  - An Giang: 355
  - Ba Ria - Vung Tau: 355
  - Bac Giang: 355
  - Bac Kan: 355
  - Bac Lieu: 355
  - Bac Ninh: 355
  - Ben Tre: 355
  - Binh Dinh: 355
  - Binh Duong: 355
  - Binh Phuoc: 355
  - Binh Thuan: 355
  - Ca Mau: 355
  - Cao Bang: 355
  - Dak Lak: 355
  - Dak Nong: 355
  - Dien Bien: 355
  - Dong Nai: 355
  - Dong Thap: 355
  - Gia Lai: 355
  - Ha Giang: 355
  - Ha Nam: 355
  - Ha Tinh: 355
  - Hai Duong: 355
  - Hau Giang: 355
  - Hoa Binh: 355
  - Hung Yen: 355
  - Khanh Hoa: 355
  - Kien Giang: 355
  - Kon Tum: 355
  - Lai Chau: 355
  - Lam Dong: 355
  - Lang Son: 355
  - Lao Cai: 355
  - Long An: 354
  - Nam Dinh: 354
  - Nghe An: 354
  - Ninh Binh: 354
  - Ninh Thuan: 354
  - Phu Tho: 354
  - Phu Yen: 354
  - Quang Binh: 354
  - Quang Nam: 354
  - Quang Ngai: 354
  - Quang Ninh: 354
  - Quang Tri: 354
  - Soc Trang: 354
  - Son La: 354
  - Tay Ninh: 354
  - Thai Binh: 354
  - Thai Nguyen: 354
  - Thanh Hoa: 354
  - Thua Thien Hue: 354
  - Tien Giang: 354
  - Tra Vinh: 354
  - Tuyen Quang: 354
  - Vinh Long: 354
  - Vinh Phuc: 354
  - Yen Bai: 353
[Bootstrap] Progress:
  - Hanoi: 357
  - Ho Chi Minh: 357
  - Hai Phong: 357
  - Da Nang: 357
  - Can Tho: 356
  - An Giang: 356
  - Ba Ria - Vung Tau: 356
  - Bac Giang: 356
  - Bac Kan: 356
  - Bac Lieu: 356
  - Bac Ninh: 356
  - Ben Tre: 356
  - Binh Dinh: 356
  - Binh Duong: 356
  - Binh Phuoc: 356
  - Binh Thuan: 356
  - Ca Mau: 356
  - Cao Bang: 356
  - Dak Lak: 356
  - Dak Nong: 356
  - Dien Bien: 356
  - Dong Nai: 356
  - Dong Thap: 356
  - Gia Lai: 356
  - Ha Giang: 356
  - Ha Nam: 356
  - Ha Tinh: 356
  - Hai Duong: 356
  - Hau Giang: 356
  - Hoa Binh: 356
  - Hung Yen: 356
  - Khanh Hoa: 356
  - Kien Giang: 356
  - Kon Tum: 356
  - Lai Chau: 356
  - Lam Dong: 356
  - Lang Son: 356
  - Lao Cai: 356
  - Long An: 355
  - Nam Dinh: 355
  - Nghe An: 355
  - Ninh Binh: 355
  - Ninh Thuan: 355
  - Phu Tho: 355
  - Phu Yen: 355
  - Quang Binh: 355
  - Quang Nam: 355
  - Quang Ngai: 355
  - Quang Ninh: 355
  - Quang Tri: 355
  - Soc Trang: 355
  - Son La: 355
  - Tay Ninh: 355
  - Thai Binh: 355
  - Thai Nguyen: 355
  - Thanh Hoa: 355
  - Thua Thien Hue: 355
  - Tien Giang: 355
  - Tra Vinh: 355
  - Tuyen Quang: 355
  - Vinh Long: 355
  - Vinh Phuc: 355
  - Yen Bai: 354
[Bootstrap] Progress:
  - Hanoi: 358
  - Ho Chi Minh: 358
  - Hai Phong: 358
  - Da Nang: 358
  - Can Tho: 357
  - An Giang: 357
  - Ba Ria - Vung Tau: 357
  - Bac Giang: 357
  - Bac Kan: 357
  - Bac Lieu: 357
  - Bac Ninh: 357
  - Ben Tre: 357
  - Binh Dinh: 357
  - Binh Duong: 357
  - Binh Phuoc: 357
  - Binh Thuan: 357
  - Ca Mau: 357
  - Cao Bang: 357
  - Dak Lak: 357
  - Dak Nong: 357
  - Dien Bien: 357
  - Dong Nai: 357
  - Dong Thap: 357
  - Gia Lai: 357
  - Ha Giang: 357
  - Ha Nam: 357
  - Ha Tinh: 357
  - Hai Duong: 357
  - Hau Giang: 357
  - Hoa Binh: 357
  - Hung Yen: 357
  - Khanh Hoa: 357
  - Kien Giang: 357
  - Kon Tum: 357
  - Lai Chau: 357
  - Lam Dong: 357
  - Lang Son: 357
  - Lao Cai: 357
  - Long An: 356
  - Nam Dinh: 356
  - Nghe An: 356
  - Ninh Binh: 356
  - Ninh Thuan: 356
  - Phu Tho: 356
  - Phu Yen: 356
  - Quang Binh: 356
  - Quang Nam: 356
  - Quang Ngai: 356
  - Quang Ninh: 356
  - Quang Tri: 356
  - Soc Trang: 356
  - Son La: 356
  - Tay Ninh: 356
  - Thai Binh: 356
  - Thai Nguyen: 356
  - Thanh Hoa: 356
  - Thua Thien Hue: 356
  - Tien Giang: 356
  - Tra Vinh: 356
  - Tuyen Quang: 356
  - Vinh Long: 356
  - Vinh Phuc: 356
  - Yen Bai: 355
[Bootstrap] Progress:
  - Hanoi: 359
  - Ho Chi Minh: 359
  - Hai Phong: 359
  - Da Nang: 359
  - Can Tho: 358
  - An Giang: 358
  - Ba Ria - Vung Tau: 358
  - Bac Giang: 358
  - Bac Kan: 358
  - Bac Lieu: 358
  - Bac Ninh: 358
  - Ben Tre: 358
  - Binh Dinh: 358
  - Binh Duong: 358
  - Binh Phuoc: 358
  - Binh Thuan: 358
  - Ca Mau: 358
  - Cao Bang: 358
  - Dak Lak: 358
  - Dak Nong: 358
  - Dien Bien: 358
  - Dong Nai: 358
  - Dong Thap: 358
  - Gia Lai: 358
  - Ha Giang: 358
  - Ha Nam: 358
  - Ha Tinh: 358
  - Hai Duong: 358
  - Hau Giang: 358
  - Hoa Binh: 358
  - Hung Yen: 358
  - Khanh Hoa: 358
  - Kien Giang: 358
  - Kon Tum: 358
  - Lai Chau: 358
  - Lam Dong: 358
  - Lang Son: 358
  - Lao Cai: 358
  - Long An: 357
  - Nam Dinh: 357
  - Nghe An: 357
  - Ninh Binh: 357
  - Ninh Thuan: 357
  - Phu Tho: 357
  - Phu Yen: 357
  - Quang Binh: 357
  - Quang Nam: 357
  - Quang Ngai: 357
  - Quang Ninh: 357
  - Quang Tri: 357
  - Soc Trang: 357
  - Son La: 357
  - Tay Ninh: 357
  - Thai Binh: 357
  - Thai Nguyen: 357
  - Thanh Hoa: 357
  - Thua Thien Hue: 357
  - Tien Giang: 357
  - Tra Vinh: 357
  - Tuyen Quang: 357
  - Vinh Long: 357
  - Vinh Phuc: 357
  - Yen Bai: 356
[Bootstrap] Progress:
  - Hanoi: 360
  - Ho Chi Minh: 360
  - Hai Phong: 360
  - Da Nang: 360
  - Can Tho: 359
  - An Giang: 359
  - Ba Ria - Vung Tau: 359
  - Bac Giang: 359
  - Bac Kan: 359
  - Bac Lieu: 359
  - Bac Ninh: 359
  - Ben Tre: 359
  - Binh Dinh: 359
  - Binh Duong: 359
  - Binh Phuoc: 359
  - Binh Thuan: 359
  - Ca Mau: 359
  - Cao Bang: 359
  - Dak Lak: 359
  - Dak Nong: 359
  - Dien Bien: 359
  - Dong Nai: 359
  - Dong Thap: 359
  - Gia Lai: 359
  - Ha Giang: 359
  - Ha Nam: 359
  - Ha Tinh: 359
  - Hai Duong: 359
  - Hau Giang: 359
  - Hoa Binh: 359
  - Hung Yen: 359
  - Khanh Hoa: 359
  - Kien Giang: 359
  - Kon Tum: 359
  - Lai Chau: 359
  - Lam Dong: 359
  - Lang Son: 359
  - Lao Cai: 359
  - Long An: 358
  - Nam Dinh: 358
  - Nghe An: 358
  - Ninh Binh: 358
  - Ninh Thuan: 358
  - Phu Tho: 358
  - Phu Yen: 358
  - Quang Binh: 358
  - Quang Nam: 358
  - Quang Ngai: 358
  - Quang Ninh: 358
  - Quang Tri: 358
  - Soc Trang: 358
  - Son La: 358
  - Tay Ninh: 358
  - Thai Binh: 358
  - Thai Nguyen: 358
  - Thanh Hoa: 358
  - Thua Thien Hue: 358
  - Tien Giang: 358
  - Tra Vinh: 358
  - Tuyen Quang: 358
  - Vinh Long: 358
  - Vinh Phuc: 358
  - Yen Bai: 357
[Bootstrap] Progress:
  - Hanoi: 361
  - Ho Chi Minh: 361
  - Hai Phong: 361
  - Da Nang: 361
  - Can Tho: 360
  - An Giang: 360
  - Ba Ria - Vung Tau: 360
  - Bac Giang: 360
  - Bac Kan: 360
  - Bac Lieu: 360
  - Bac Ninh: 360
  - Ben Tre: 360
  - Binh Dinh: 360
  - Binh Duong: 360
  - Binh Phuoc: 360
  - Binh Thuan: 360
  - Ca Mau: 360
  - Cao Bang: 360
  - Dak Lak: 360
  - Dak Nong: 360
  - Dien Bien: 360
  - Dong Nai: 360
  - Dong Thap: 360
  - Gia Lai: 360
  - Ha Giang: 360
  - Ha Nam: 360
  - Ha Tinh: 360
  - Hai Duong: 360
  - Hau Giang: 360
  - Hoa Binh: 360
  - Hung Yen: 360
  - Khanh Hoa: 360
  - Kien Giang: 360
  - Kon Tum: 360
  - Lai Chau: 360
  - Lam Dong: 360
  - Lang Son: 360
  - Lao Cai: 360
  - Long An: 359
  - Nam Dinh: 359
  - Nghe An: 359
  - Ninh Binh: 359
  - Ninh Thuan: 359
  - Phu Tho: 359
  - Phu Yen: 359
  - Quang Binh: 359
  - Quang Nam: 359
  - Quang Ngai: 359
  - Quang Ninh: 359
  - Quang Tri: 359
  - Soc Trang: 359
  - Son La: 359
  - Tay Ninh: 359
  - Thai Binh: 359
  - Thai Nguyen: 359
  - Thanh Hoa: 359
  - Thua Thien Hue: 359
  - Tien Giang: 359
  - Tra Vinh: 359
  - Tuyen Quang: 359
  - Vinh Long: 359
  - Vinh Phuc: 359
  - Yen Bai: 358
[Bootstrap] Progress:
  - Hanoi: 362
  - Ho Chi Minh: 362
  - Hai Phong: 362
  - Da Nang: 362
  - Can Tho: 361
  - An Giang: 361
  - Ba Ria - Vung Tau: 361
  - Bac Giang: 361
  - Bac Kan: 361
  - Bac Lieu: 361
  - Bac Ninh: 361
  - Ben Tre: 361
  - Binh Dinh: 361
  - Binh Duong: 361
  - Binh Phuoc: 361
  - Binh Thuan: 361
  - Ca Mau: 361
  - Cao Bang: 361
  - Dak Lak: 361
  - Dak Nong: 361
  - Dien Bien: 361
  - Dong Nai: 361
  - Dong Thap: 361
  - Gia Lai: 361
  - Ha Giang: 361
  - Ha Nam: 361
  - Ha Tinh: 361
  - Hai Duong: 361
  - Hau Giang: 361
  - Hoa Binh: 361
  - Hung Yen: 361
  - Khanh Hoa: 361
  - Kien Giang: 361
  - Kon Tum: 361
  - Lai Chau: 361
  - Lam Dong: 361
  - Lang Son: 361
  - Lao Cai: 361
  - Long An: 360
  - Nam Dinh: 360
  - Nghe An: 360
  - Ninh Binh: 360
  - Ninh Thuan: 360
  - Phu Tho: 360
  - Phu Yen: 360
  - Quang Binh: 360
  - Quang Nam: 360
  - Quang Ngai: 360
  - Quang Ninh: 360
  - Quang Tri: 360
  - Soc Trang: 360
  - Son La: 360
  - Tay Ninh: 360
  - Thai Binh: 360
  - Thai Nguyen: 360
  - Thanh Hoa: 360
  - Thua Thien Hue: 360
  - Tien Giang: 360
  - Tra Vinh: 360
  - Tuyen Quang: 360
  - Vinh Long: 360
  - Vinh Phuc: 360
  - Yen Bai: 359
[Bootstrap] Progress:
  - Hanoi: 363
  - Ho Chi Minh: 363
  - Hai Phong: 363
  - Da Nang: 363
  - Can Tho: 362
  - An Giang: 362
  - Ba Ria - Vung Tau: 362
  - Bac Giang: 362
  - Bac Kan: 362
  - Bac Lieu: 362
  - Bac Ninh: 362
  - Ben Tre: 362
  - Binh Dinh: 362
  - Binh Duong: 362
  - Binh Phuoc: 362
  - Binh Thuan: 362
  - Ca Mau: 362
  - Cao Bang: 362
  - Dak Lak: 362
  - Dak Nong: 362
  - Dien Bien: 362
  - Dong Nai: 362
  - Dong Thap: 362
  - Gia Lai: 362
  - Ha Giang: 362
  - Ha Nam: 362
  - Ha Tinh: 362
  - Hai Duong: 362
  - Hau Giang: 362
  - Hoa Binh: 362
  - Hung Yen: 362
  - Khanh Hoa: 362
  - Kien Giang: 362
  - Kon Tum: 362
  - Lai Chau: 362
  - Lam Dong: 362
  - Lang Son: 362
  - Lao Cai: 362
  - Long An: 361
  - Nam Dinh: 361
  - Nghe An: 361
  - Ninh Binh: 361
  - Ninh Thuan: 361
  - Phu Tho: 361
  - Phu Yen: 361
  - Quang Binh: 361
  - Quang Nam: 361
  - Quang Ngai: 361
  - Quang Ninh: 361
  - Quang Tri: 361
  - Soc Trang: 361
  - Son La: 361
  - Tay Ninh: 361
  - Thai Binh: 361
  - Thai Nguyen: 361
  - Thanh Hoa: 361
  - Thua Thien Hue: 361
  - Tien Giang: 361
  - Tra Vinh: 361
  - Tuyen Quang: 361
  - Vinh Long: 361
  - Vinh Phuc: 361
  - Yen Bai: 360
[Bootstrap] Progress:
  - Hanoi: 364
  - Ho Chi Minh: 364
  - Hai Phong: 364
  - Da Nang: 364
  - Can Tho: 363
  - An Giang: 363
  - Ba Ria - Vung Tau: 363
  - Bac Giang: 363
  - Bac Kan: 363
  - Bac Lieu: 363
  - Bac Ninh: 363
  - Ben Tre: 363
  - Binh Dinh: 363
  - Binh Duong: 363
  - Binh Phuoc: 363
  - Binh Thuan: 363
  - Ca Mau: 363
  - Cao Bang: 363
  - Dak Lak: 363
  - Dak Nong: 363
  - Dien Bien: 363
  - Dong Nai: 363
  - Dong Thap: 363
  - Gia Lai: 363
  - Ha Giang: 363
  - Ha Nam: 363
  - Ha Tinh: 363
  - Hai Duong: 363
  - Hau Giang: 363
  - Hoa Binh: 363
  - Hung Yen: 363
  - Khanh Hoa: 363
  - Kien Giang: 363
  - Kon Tum: 363
  - Lai Chau: 363
  - Lam Dong: 363
  - Lang Son: 363
  - Lao Cai: 363
  - Long An: 362
  - Nam Dinh: 362
  - Nghe An: 362
  - Ninh Binh: 362
  - Ninh Thuan: 362
  - Phu Tho: 362
  - Phu Yen: 362
  - Quang Binh: 362
  - Quang Nam: 362
  - Quang Ngai: 362
  - Quang Ninh: 362
  - Quang Tri: 362
  - Soc Trang: 362
  - Son La: 362
  - Tay Ninh: 362
  - Thai Binh: 362
  - Thai Nguyen: 362
  - Thanh Hoa: 362
  - Thua Thien Hue: 362
  - Tien Giang: 362
  - Tra Vinh: 362
  - Tuyen Quang: 362
  - Vinh Long: 362
  - Vinh Phuc: 362
  - Yen Bai: 361
[Bootstrap] Progress:
  - Hanoi: 365
  - Ho Chi Minh: 365
  - Hai Phong: 365
  - Da Nang: 365
  - Can Tho: 364
  - An Giang: 364
  - Ba Ria - Vung Tau: 364
  - Bac Giang: 364
  - Bac Kan: 364
  - Bac Lieu: 364
  - Bac Ninh: 364
  - Ben Tre: 364
  - Binh Dinh: 364
  - Binh Duong: 364
  - Binh Phuoc: 364
  - Binh Thuan: 364
  - Ca Mau: 364
  - Cao Bang: 364
  - Dak Lak: 364
  - Dak Nong: 364
  - Dien Bien: 364
  - Dong Nai: 364
  - Dong Thap: 364
  - Gia Lai: 364
  - Ha Giang: 364
  - Ha Nam: 364
  - Ha Tinh: 364
  - Hai Duong: 364
  - Hau Giang: 364
  - Hoa Binh: 364
  - Hung Yen: 364
  - Khanh Hoa: 364
  - Kien Giang: 364
  - Kon Tum: 364
  - Lai Chau: 364
  - Lam Dong: 364
  - Lang Son: 364
  - Lao Cai: 364
  - Long An: 363
  - Nam Dinh: 363
  - Nghe An: 363
  - Ninh Binh: 363
  - Ninh Thuan: 363
  - Phu Tho: 363
  - Phu Yen: 363
  - Quang Binh: 363
  - Quang Nam: 363
  - Quang Ngai: 363
  - Quang Ninh: 363
  - Quang Tri: 363
  - Soc Trang: 363
  - Son La: 363
  - Tay Ninh: 363
  - Thai Binh: 363
  - Thai Nguyen: 363
  - Thanh Hoa: 363
  - Thua Thien Hue: 363
  - Tien Giang: 363
  - Tra Vinh: 363
  - Tuyen Quang: 363
  - Vinh Long: 363
  - Vinh Phuc: 363
  - Yen Bai: 362
[Bootstrap] Progress:
  - Hanoi: 368
  - Ho Chi Minh: 368
  - Hai Phong: 368
  - Da Nang: 368
  - Can Tho: 367
  - An Giang: 367
  - Ba Ria - Vung Tau: 367
  - Bac Giang: 367
  - Bac Kan: 367
  - Bac Lieu: 367
  - Bac Ninh: 367
  - Ben Tre: 367
  - Binh Dinh: 367
  - Binh Duong: 367
  - Binh Phuoc: 367
  - Binh Thuan: 367
  - Ca Mau: 367
  - Cao Bang: 367
  - Dak Lak: 367
  - Dak Nong: 367
  - Dien Bien: 367
  - Dong Nai: 367
  - Dong Thap: 367
  - Gia Lai: 367
  - Ha Giang: 367
  - Ha Nam: 367
  - Ha Tinh: 367
  - Hai Duong: 367
  - Hau Giang: 367
  - Hoa Binh: 367
  - Hung Yen: 367
  - Khanh Hoa: 367
  - Kien Giang: 367
  - Kon Tum: 367
  - Lai Chau: 367
  - Lam Dong: 367
  - Lang Son: 367
  - Lao Cai: 367
  - Long An: 366
  - Nam Dinh: 366
  - Nghe An: 366
  - Ninh Binh: 366
  - Ninh Thuan: 366
  - Phu Tho: 366
  - Phu Yen: 366
  - Quang Binh: 366
  - Quang Nam: 366
  - Quang Ngai: 366
  - Quang Ninh: 366
  - Quang Tri: 366
  - Soc Trang: 366
  - Son La: 366
  - Tay Ninh: 366
  - Thai Binh: 366
  - Thai Nguyen: 366
  - Thanh Hoa: 366
  - Thua Thien Hue: 366
  - Tien Giang: 366
  - Tra Vinh: 366
  - Tuyen Quang: 366
  - Vinh Long: 366
  - Vinh Phuc: 366
  - Yen Bai: 365
[Bootstrap] Progress:
  - Hanoi: 369
  - Ho Chi Minh: 369
  - Hai Phong: 369
  - Da Nang: 369
  - Can Tho: 368
  - An Giang: 368
  - Ba Ria - Vung Tau: 368
  - Bac Giang: 368
  - Bac Kan: 368
  - Bac Lieu: 368
  - Bac Ninh: 368
  - Ben Tre: 368
  - Binh Dinh: 368
  - Binh Duong: 368
  - Binh Phuoc: 368
  - Binh Thuan: 368
  - Ca Mau: 368
  - Cao Bang: 368
  - Dak Lak: 368
  - Dak Nong: 368
  - Dien Bien: 368
  - Dong Nai: 368
  - Dong Thap: 368
  - Gia Lai: 368
  - Ha Giang: 368
  - Ha Nam: 368
  - Ha Tinh: 368
  - Hai Duong: 368
  - Hau Giang: 368
  - Hoa Binh: 368
  - Hung Yen: 368
  - Khanh Hoa: 368
  - Kien Giang: 368
  - Kon Tum: 368
  - Lai Chau: 368
  - Lam Dong: 368
  - Lang Son: 368
  - Lao Cai: 368
  - Long An: 367
  - Nam Dinh: 367
  - Nghe An: 367
  - Ninh Binh: 367
  - Ninh Thuan: 367
  - Phu Tho: 367
  - Phu Yen: 367
  - Quang Binh: 367
  - Quang Nam: 367
  - Quang Ngai: 367
  - Quang Ninh: 367
  - Quang Tri: 367
  - Soc Trang: 367
  - Son La: 367
  - Tay Ninh: 367
  - Thai Binh: 367
  - Thai Nguyen: 367
  - Thanh Hoa: 367
  - Thua Thien Hue: 367
  - Tien Giang: 367
  - Tra Vinh: 367
  - Tuyen Quang: 367
  - Vinh Long: 367
  - Vinh Phuc: 367
  - Yen Bai: 366
[Bootstrap] Progress:
  - Hanoi: 370
  - Ho Chi Minh: 370
  - Hai Phong: 370
  - Da Nang: 370
  - Can Tho: 369
  - An Giang: 369
  - Ba Ria - Vung Tau: 369
  - Bac Giang: 369
  - Bac Kan: 369
  - Bac Lieu: 369
  - Bac Ninh: 369
  - Ben Tre: 369
  - Binh Dinh: 369
  - Binh Duong: 369
  - Binh Phuoc: 369
  - Binh Thuan: 369
  - Ca Mau: 369
  - Cao Bang: 369
  - Dak Lak: 369
  - Dak Nong: 369
  - Dien Bien: 369
  - Dong Nai: 369
  - Dong Thap: 369
  - Gia Lai: 369
  - Ha Giang: 369
  - Ha Nam: 369
  - Ha Tinh: 369
  - Hai Duong: 369
  - Hau Giang: 369
  - Hoa Binh: 369
  - Hung Yen: 369
  - Khanh Hoa: 369
  - Kien Giang: 369
  - Kon Tum: 369
  - Lai Chau: 369
  - Lam Dong: 369
  - Lang Son: 369
  - Lao Cai: 369
  - Long An: 368
  - Nam Dinh: 368
  - Nghe An: 368
  - Ninh Binh: 368
  - Ninh Thuan: 368
  - Phu Tho: 368
  - Phu Yen: 368
  - Quang Binh: 368
  - Quang Nam: 368
  - Quang Ngai: 368
  - Quang Ninh: 368
  - Quang Tri: 368
  - Soc Trang: 368
  - Son La: 368
  - Tay Ninh: 368
  - Thai Binh: 368
  - Thai Nguyen: 368
  - Thanh Hoa: 368
  - Thua Thien Hue: 368
  - Tien Giang: 368
  - Tra Vinh: 368
  - Tuyen Quang: 368
  - Vinh Long: 368
  - Vinh Phuc: 368
  - Yen Bai: 367
[Bootstrap] Progress:
  - Hanoi: 371
  - Ho Chi Minh: 371
  - Hai Phong: 371
  - Da Nang: 371
  - Can Tho: 370
  - An Giang: 370
  - Ba Ria - Vung Tau: 370
  - Bac Giang: 370
  - Bac Kan: 370
  - Bac Lieu: 370
  - Bac Ninh: 370
  - Ben Tre: 370
  - Binh Dinh: 370
  - Binh Duong: 370
  - Binh Phuoc: 370
  - Binh Thuan: 370
  - Ca Mau: 370
  - Cao Bang: 370
  - Dak Lak: 370
  - Dak Nong: 370
  - Dien Bien: 370
  - Dong Nai: 370
  - Dong Thap: 370
  - Gia Lai: 370
  - Ha Giang: 370
  - Ha Nam: 370
  - Ha Tinh: 370
  - Hai Duong: 370
  - Hau Giang: 370
  - Hoa Binh: 370
  - Hung Yen: 370
  - Khanh Hoa: 370
  - Kien Giang: 370
  - Kon Tum: 370
  - Lai Chau: 370
  - Lam Dong: 370
  - Lang Son: 370
  - Lao Cai: 370
  - Long An: 369
  - Nam Dinh: 369
  - Nghe An: 369
  - Ninh Binh: 369
  - Ninh Thuan: 369
  - Phu Tho: 369
  - Phu Yen: 369
  - Quang Binh: 369
  - Quang Nam: 369
  - Quang Ngai: 369
  - Quang Ninh: 369
  - Quang Tri: 369
  - Soc Trang: 369
  - Son La: 369
  - Tay Ninh: 369
  - Thai Binh: 369
  - Thai Nguyen: 369
  - Thanh Hoa: 369
  - Thua Thien Hue: 369
  - Tien Giang: 369
  - Tra Vinh: 369
  - Tuyen Quang: 369
  - Vinh Long: 369
  - Vinh Phuc: 369
  - Yen Bai: 368
[Bootstrap] Progress:
  - Hanoi: 372
  - Ho Chi Minh: 372
  - Hai Phong: 372
  - Da Nang: 372
  - Can Tho: 371
  - An Giang: 371
  - Ba Ria - Vung Tau: 371
  - Bac Giang: 371
  - Bac Kan: 371
  - Bac Lieu: 371
  - Bac Ninh: 371
  - Ben Tre: 371
  - Binh Dinh: 371
  - Binh Duong: 371
  - Binh Phuoc: 371
  - Binh Thuan: 371
  - Ca Mau: 371
  - Cao Bang: 371
  - Dak Lak: 371
  - Dak Nong: 371
  - Dien Bien: 371
  - Dong Nai: 371
  - Dong Thap: 371
  - Gia Lai: 371
  - Ha Giang: 371
  - Ha Nam: 371
  - Ha Tinh: 371
  - Hai Duong: 371
  - Hau Giang: 371
  - Hoa Binh: 371
  - Hung Yen: 371
  - Khanh Hoa: 371
  - Kien Giang: 371
  - Kon Tum: 371
  - Lai Chau: 371
  - Lam Dong: 371
  - Lang Son: 371
  - Lao Cai: 371
  - Long An: 370
  - Nam Dinh: 370
  - Nghe An: 370
  - Ninh Binh: 370
  - Ninh Thuan: 370
  - Phu Tho: 370
  - Phu Yen: 370
  - Quang Binh: 370
  - Quang Nam: 370
  - Quang Ngai: 370
  - Quang Ninh: 370
  - Quang Tri: 370
  - Soc Trang: 370
  - Son La: 370
  - Tay Ninh: 370
  - Thai Binh: 370
  - Thai Nguyen: 370
  - Thanh Hoa: 370
  - Thua Thien Hue: 370
  - Tien Giang: 370
  - Tra Vinh: 370
  - Tuyen Quang: 370
  - Vinh Long: 370
  - Vinh Phuc: 370
  - Yen Bai: 369
[Bootstrap] Progress:
  - Hanoi: 373
  - Ho Chi Minh: 373
  - Hai Phong: 373
  - Da Nang: 373
  - Can Tho: 372
  - An Giang: 372
  - Ba Ria - Vung Tau: 372
  - Bac Giang: 372
  - Bac Kan: 372
  - Bac Lieu: 372
  - Bac Ninh: 372
  - Ben Tre: 372
  - Binh Dinh: 372
  - Binh Duong: 372
  - Binh Phuoc: 372
  - Binh Thuan: 372
  - Ca Mau: 372
  - Cao Bang: 372
  - Dak Lak: 372
  - Dak Nong: 372
  - Dien Bien: 372
  - Dong Nai: 372
  - Dong Thap: 372
  - Gia Lai: 372
  - Ha Giang: 372
  - Ha Nam: 372
  - Ha Tinh: 372
  - Hai Duong: 372
  - Hau Giang: 372
  - Hoa Binh: 372
  - Hung Yen: 372
  - Khanh Hoa: 372
  - Kien Giang: 372
  - Kon Tum: 372
  - Lai Chau: 372
  - Lam Dong: 372
  - Lang Son: 372
  - Lao Cai: 372
  - Long An: 371
  - Nam Dinh: 371
  - Nghe An: 371
  - Ninh Binh: 371
  - Ninh Thuan: 371
  - Phu Tho: 371
  - Phu Yen: 371
  - Quang Binh: 371
  - Quang Nam: 371
  - Quang Ngai: 371
  - Quang Ninh: 371
  - Quang Tri: 371
  - Soc Trang: 371
  - Son La: 371
  - Tay Ninh: 371
  - Thai Binh: 371
  - Thai Nguyen: 371
  - Thanh Hoa: 371
  - Thua Thien Hue: 371
  - Tien Giang: 371
  - Tra Vinh: 371
  - Tuyen Quang: 371
  - Vinh Long: 371
  - Vinh Phuc: 371
  - Yen Bai: 370
[Bootstrap] Progress:
  - Hanoi: 374
  - Ho Chi Minh: 374
  - Hai Phong: 374
  - Da Nang: 374
  - Can Tho: 373
  - An Giang: 373
  - Ba Ria - Vung Tau: 373
  - Bac Giang: 373
  - Bac Kan: 373
  - Bac Lieu: 373
  - Bac Ninh: 373
  - Ben Tre: 373
  - Binh Dinh: 373
  - Binh Duong: 373
  - Binh Phuoc: 373
  - Binh Thuan: 373
  - Ca Mau: 373
  - Cao Bang: 373
  - Dak Lak: 373
  - Dak Nong: 373
  - Dien Bien: 373
  - Dong Nai: 373
  - Dong Thap: 373
  - Gia Lai: 373
  - Ha Giang: 373
  - Ha Nam: 373
  - Ha Tinh: 373
  - Hai Duong: 373
  - Hau Giang: 373
  - Hoa Binh: 373
  - Hung Yen: 373
  - Khanh Hoa: 373
  - Kien Giang: 373
  - Kon Tum: 373
  - Lai Chau: 373
  - Lam Dong: 373
  - Lang Son: 373
  - Lao Cai: 373
  - Long An: 372
  - Nam Dinh: 372
  - Nghe An: 372
  - Ninh Binh: 372
  - Ninh Thuan: 372
  - Phu Tho: 372
  - Phu Yen: 372
  - Quang Binh: 372
  - Quang Nam: 372
  - Quang Ngai: 372
  - Quang Ninh: 372
  - Quang Tri: 372
  - Soc Trang: 372
  - Son La: 372
  - Tay Ninh: 372
  - Thai Binh: 372
  - Thai Nguyen: 372
  - Thanh Hoa: 372
  - Thua Thien Hue: 372
  - Tien Giang: 372
  - Tra Vinh: 372
  - Tuyen Quang: 372
  - Vinh Long: 372
  - Vinh Phuc: 372
  - Yen Bai: 371
[Bootstrap] Progress:
  - Hanoi: 375
  - Ho Chi Minh: 375
  - Hai Phong: 375
  - Da Nang: 375
  - Can Tho: 374
  - An Giang: 374
  - Ba Ria - Vung Tau: 374
  - Bac Giang: 374
  - Bac Kan: 374
  - Bac Lieu: 374
  - Bac Ninh: 374
  - Ben Tre: 374
  - Binh Dinh: 374
  - Binh Duong: 374
  - Binh Phuoc: 374
  - Binh Thuan: 374
  - Ca Mau: 374
  - Cao Bang: 374
  - Dak Lak: 374
  - Dak Nong: 374
  - Dien Bien: 374
  - Dong Nai: 374
  - Dong Thap: 374
  - Gia Lai: 374
  - Ha Giang: 374
  - Ha Nam: 374
  - Ha Tinh: 374
  - Hai Duong: 374
  - Hau Giang: 374
  - Hoa Binh: 374
  - Hung Yen: 374
  - Khanh Hoa: 374
  - Kien Giang: 374
  - Kon Tum: 374
  - Lai Chau: 374
  - Lam Dong: 374
  - Lang Son: 374
  - Lao Cai: 374
  - Long An: 373
  - Nam Dinh: 373
  - Nghe An: 373
  - Ninh Binh: 373
  - Ninh Thuan: 373
  - Phu Tho: 373
  - Phu Yen: 373
  - Quang Binh: 373
  - Quang Nam: 373
  - Quang Ngai: 373
  - Quang Ninh: 373
  - Quang Tri: 373
  - Soc Trang: 373
  - Son La: 373
  - Tay Ninh: 373
  - Thai Binh: 373
  - Thai Nguyen: 373
  - Thanh Hoa: 373
  - Thua Thien Hue: 373
  - Tien Giang: 373
  - Tra Vinh: 373
  - Tuyen Quang: 373
  - Vinh Long: 373
  - Vinh Phuc: 373
  - Yen Bai: 372
[Bootstrap] Progress:
  - Hanoi: 376
  - Ho Chi Minh: 376
  - Hai Phong: 376
  - Da Nang: 376
  - Can Tho: 375
  - An Giang: 375
  - Ba Ria - Vung Tau: 375
  - Bac Giang: 375
  - Bac Kan: 375
  - Bac Lieu: 375
  - Bac Ninh: 375
  - Ben Tre: 375
  - Binh Dinh: 375
  - Binh Duong: 375
  - Binh Phuoc: 375
  - Binh Thuan: 375
  - Ca Mau: 375
  - Cao Bang: 375
  - Dak Lak: 375
  - Dak Nong: 375
  - Dien Bien: 375
  - Dong Nai: 375
  - Dong Thap: 375
  - Gia Lai: 375
  - Ha Giang: 375
  - Ha Nam: 375
  - Ha Tinh: 375
  - Hai Duong: 375
  - Hau Giang: 375
  - Hoa Binh: 375
  - Hung Yen: 375
  - Khanh Hoa: 375
  - Kien Giang: 375
  - Kon Tum: 375
  - Lai Chau: 375
  - Lam Dong: 375
  - Lang Son: 375
  - Lao Cai: 375
  - Long An: 374
  - Nam Dinh: 374
  - Nghe An: 374
  - Ninh Binh: 374
  - Ninh Thuan: 374
  - Phu Tho: 374
  - Phu Yen: 374
  - Quang Binh: 374
  - Quang Nam: 374
  - Quang Ngai: 374
  - Quang Ninh: 374
  - Quang Tri: 374
  - Soc Trang: 374
  - Son La: 374
  - Tay Ninh: 374
  - Thai Binh: 374
  - Thai Nguyen: 374
  - Thanh Hoa: 374
  - Thua Thien Hue: 374
  - Tien Giang: 374
  - Tra Vinh: 374
  - Tuyen Quang: 374
  - Vinh Long: 374
  - Vinh Phuc: 374
  - Yen Bai: 373
[Bootstrap] Progress:
  - Hanoi: 377
  - Ho Chi Minh: 377
  - Hai Phong: 377
  - Da Nang: 377
  - Can Tho: 376
  - An Giang: 376
  - Ba Ria - Vung Tau: 376
  - Bac Giang: 376
  - Bac Kan: 376
  - Bac Lieu: 376
  - Bac Ninh: 376
  - Ben Tre: 376
  - Binh Dinh: 376
  - Binh Duong: 376
  - Binh Phuoc: 376
  - Binh Thuan: 376
  - Ca Mau: 376
  - Cao Bang: 376
  - Dak Lak: 376
  - Dak Nong: 376
  - Dien Bien: 376
  - Dong Nai: 376
  - Dong Thap: 376
  - Gia Lai: 376
  - Ha Giang: 376
  - Ha Nam: 376
  - Ha Tinh: 376
  - Hai Duong: 376
  - Hau Giang: 376
  - Hoa Binh: 376
  - Hung Yen: 376
  - Khanh Hoa: 376
  - Kien Giang: 376
  - Kon Tum: 376
  - Lai Chau: 376
  - Lam Dong: 376
  - Lang Son: 376
  - Lao Cai: 376
  - Long An: 375
  - Nam Dinh: 375
  - Nghe An: 375
  - Ninh Binh: 375
  - Ninh Thuan: 375
  - Phu Tho: 375
  - Phu Yen: 375
  - Quang Binh: 375
  - Quang Nam: 375
  - Quang Ngai: 375
  - Quang Ninh: 375
  - Quang Tri: 375
  - Soc Trang: 375
  - Son La: 375
  - Tay Ninh: 375
  - Thai Binh: 375
  - Thai Nguyen: 375
  - Thanh Hoa: 375
  - Thua Thien Hue: 375
  - Tien Giang: 375
  - Tra Vinh: 375
  - Tuyen Quang: 375
  - Vinh Long: 375
  - Vinh Phuc: 375
  - Yen Bai: 374
[Bootstrap] Progress:
  - Hanoi: 378
  - Ho Chi Minh: 378
  - Hai Phong: 378
  - Da Nang: 378
  - Can Tho: 377
  - An Giang: 377
  - Ba Ria - Vung Tau: 377
  - Bac Giang: 377
  - Bac Kan: 377
  - Bac Lieu: 377
  - Bac Ninh: 377
  - Ben Tre: 377
  - Binh Dinh: 377
  - Binh Duong: 377
  - Binh Phuoc: 377
  - Binh Thuan: 377
  - Ca Mau: 377
  - Cao Bang: 377
  - Dak Lak: 377
  - Dak Nong: 377
  - Dien Bien: 377
  - Dong Nai: 377
  - Dong Thap: 377
  - Gia Lai: 377
  - Ha Giang: 377
  - Ha Nam: 377
  - Ha Tinh: 377
  - Hai Duong: 377
  - Hau Giang: 377
  - Hoa Binh: 377
  - Hung Yen: 377
  - Khanh Hoa: 377
  - Kien Giang: 377
  - Kon Tum: 377
  - Lai Chau: 377
  - Lam Dong: 377
  - Lang Son: 377
  - Lao Cai: 377
  - Long An: 376
  - Nam Dinh: 376
  - Nghe An: 376
  - Ninh Binh: 376
  - Ninh Thuan: 376
  - Phu Tho: 376
  - Phu Yen: 376
  - Quang Binh: 376
  - Quang Nam: 376
  - Quang Ngai: 376
  - Quang Ninh: 376
  - Quang Tri: 376
  - Soc Trang: 376
  - Son La: 376
  - Tay Ninh: 376
  - Thai Binh: 376
  - Thai Nguyen: 376
  - Thanh Hoa: 376
  - Thua Thien Hue: 376
  - Tien Giang: 376
  - Tra Vinh: 376
  - Tuyen Quang: 376
  - Vinh Long: 376
  - Vinh Phuc: 376
  - Yen Bai: 375
[Bootstrap] Progress:
  - Hanoi: 379
  - Ho Chi Minh: 379
  - Hai Phong: 379
  - Da Nang: 379
  - Can Tho: 378
  - An Giang: 378
  - Ba Ria - Vung Tau: 378
  - Bac Giang: 378
  - Bac Kan: 378
  - Bac Lieu: 378
  - Bac Ninh: 378
  - Ben Tre: 378
  - Binh Dinh: 378
  - Binh Duong: 378
  - Binh Phuoc: 378
  - Binh Thuan: 378
  - Ca Mau: 378
  - Cao Bang: 378
  - Dak Lak: 378
  - Dak Nong: 378
  - Dien Bien: 378
  - Dong Nai: 378
  - Dong Thap: 378
  - Gia Lai: 378
  - Ha Giang: 378
  - Ha Nam: 378
  - Ha Tinh: 378
  - Hai Duong: 378
  - Hau Giang: 378
  - Hoa Binh: 378
  - Hung Yen: 378
  - Khanh Hoa: 378
  - Kien Giang: 378
  - Kon Tum: 378
  - Lai Chau: 378
  - Lam Dong: 378
  - Lang Son: 378
  - Lao Cai: 378
  - Long An: 377
  - Nam Dinh: 377
  - Nghe An: 377
  - Ninh Binh: 377
  - Ninh Thuan: 377
  - Phu Tho: 377
  - Phu Yen: 377
  - Quang Binh: 377
  - Quang Nam: 377
  - Quang Ngai: 377
  - Quang Ninh: 377
  - Quang Tri: 377
  - Soc Trang: 377
  - Son La: 377
  - Tay Ninh: 377
  - Thai Binh: 377
  - Thai Nguyen: 377
  - Thanh Hoa: 377
  - Thua Thien Hue: 377
  - Tien Giang: 377
  - Tra Vinh: 377
  - Tuyen Quang: 377
  - Vinh Long: 377
  - Vinh Phuc: 377
  - Yen Bai: 376
[Bootstrap] Progress:
  - Hanoi: 382
  - Ho Chi Minh: 382
  - Hai Phong: 382
  - Da Nang: 382
  - Can Tho: 381
  - An Giang: 381
  - Ba Ria - Vung Tau: 381
  - Bac Giang: 381
  - Bac Kan: 381
  - Bac Lieu: 381
  - Bac Ninh: 381
  - Ben Tre: 381
  - Binh Dinh: 381
  - Binh Duong: 381
  - Binh Phuoc: 381
  - Binh Thuan: 381
  - Ca Mau: 381
  - Cao Bang: 381
  - Dak Lak: 381
  - Dak Nong: 381
  - Dien Bien: 381
  - Dong Nai: 381
  - Dong Thap: 381
  - Gia Lai: 381
  - Ha Giang: 381
  - Ha Nam: 381
  - Ha Tinh: 381
  - Hai Duong: 381
  - Hau Giang: 381
  - Hoa Binh: 381
  - Hung Yen: 381
  - Khanh Hoa: 381
  - Kien Giang: 381
  - Kon Tum: 381
  - Lai Chau: 381
  - Lam Dong: 381
  - Lang Son: 381
  - Lao Cai: 381
  - Long An: 380
  - Nam Dinh: 380
  - Nghe An: 380
  - Ninh Binh: 380
  - Ninh Thuan: 380
  - Phu Tho: 380
  - Phu Yen: 380
  - Quang Binh: 380
  - Quang Nam: 380
  - Quang Ngai: 380
  - Quang Ninh: 380
  - Quang Tri: 380
  - Soc Trang: 380
  - Son La: 380
  - Tay Ninh: 380
  - Thai Binh: 380
  - Thai Nguyen: 380
  - Thanh Hoa: 380
  - Thua Thien Hue: 380
  - Tien Giang: 380
  - Tra Vinh: 380
  - Tuyen Quang: 379
  - Vinh Long: 379
  - Vinh Phuc: 379
  - Yen Bai: 378
[Bootstrap] Progress:
  - Hanoi: 383
  - Ho Chi Minh: 383
  - Hai Phong: 383
  - Da Nang: 383
  - Can Tho: 382
  - An Giang: 382
  - Ba Ria - Vung Tau: 382
  - Bac Giang: 382
  - Bac Kan: 382
  - Bac Lieu: 382
  - Bac Ninh: 382
  - Ben Tre: 382
  - Binh Dinh: 382
  - Binh Duong: 382
  - Binh Phuoc: 382
  - Binh Thuan: 382
  - Ca Mau: 382
  - Cao Bang: 382
  - Dak Lak: 382
  - Dak Nong: 382
  - Dien Bien: 382
  - Dong Nai: 382
  - Dong Thap: 382
  - Gia Lai: 382
  - Ha Giang: 382
  - Ha Nam: 382
  - Ha Tinh: 382
  - Hai Duong: 382
  - Hau Giang: 382
  - Hoa Binh: 382
  - Hung Yen: 382
  - Khanh Hoa: 382
  - Kien Giang: 382
  - Kon Tum: 382
  - Lai Chau: 382
  - Lam Dong: 382
  - Lang Son: 382
  - Lao Cai: 382
  - Long An: 381
  - Nam Dinh: 381
  - Nghe An: 381
  - Ninh Binh: 381
  - Ninh Thuan: 381
  - Phu Tho: 381
  - Phu Yen: 381
  - Quang Binh: 381
  - Quang Nam: 381
  - Quang Ngai: 381
  - Quang Ninh: 381
  - Quang Tri: 381
  - Soc Trang: 381
  - Son La: 381
  - Tay Ninh: 381
  - Thai Binh: 381
  - Thai Nguyen: 381
  - Thanh Hoa: 381
  - Thua Thien Hue: 381
  - Tien Giang: 381
  - Tra Vinh: 381
  - Tuyen Quang: 381
  - Vinh Long: 381
  - Vinh Phuc: 381
  - Yen Bai: 380
[Bootstrap] Progress:
  - Hanoi: 384
  - Ho Chi Minh: 384
  - Hai Phong: 384
  - Da Nang: 384
  - Can Tho: 383
  - An Giang: 383
  - Ba Ria - Vung Tau: 383
  - Bac Giang: 383
  - Bac Kan: 383
  - Bac Lieu: 383
  - Bac Ninh: 383
  - Ben Tre: 383
  - Binh Dinh: 383
  - Binh Duong: 383
  - Binh Phuoc: 383
  - Binh Thuan: 383
  - Ca Mau: 383
  - Cao Bang: 383
  - Dak Lak: 383
  - Dak Nong: 383
  - Dien Bien: 383
  - Dong Nai: 383
  - Dong Thap: 383
  - Gia Lai: 383
  - Ha Giang: 383
  - Ha Nam: 383
  - Ha Tinh: 383
  - Hai Duong: 383
  - Hau Giang: 383
  - Hoa Binh: 383
  - Hung Yen: 383
  - Khanh Hoa: 383
  - Kien Giang: 383
  - Kon Tum: 383
  - Lai Chau: 383
  - Lam Dong: 383
  - Lang Son: 383
  - Lao Cai: 383
  - Long An: 382
  - Nam Dinh: 382
  - Nghe An: 382
  - Ninh Binh: 382
  - Ninh Thuan: 382
  - Phu Tho: 382
  - Phu Yen: 382
  - Quang Binh: 382
  - Quang Nam: 382
  - Quang Ngai: 382
  - Quang Ninh: 382
  - Quang Tri: 382
  - Soc Trang: 382
  - Son La: 382
  - Tay Ninh: 382
  - Thai Binh: 382
  - Thai Nguyen: 382
  - Thanh Hoa: 382
  - Thua Thien Hue: 382
  - Tien Giang: 382
  - Tra Vinh: 382
  - Tuyen Quang: 382
  - Vinh Long: 382
  - Vinh Phuc: 382
  - Yen Bai: 381
[Bootstrap] Progress:
  - Hanoi: 385
  - Ho Chi Minh: 385
  - Hai Phong: 385
  - Da Nang: 385
  - Can Tho: 384
  - An Giang: 384
  - Ba Ria - Vung Tau: 384
  - Bac Giang: 384
  - Bac Kan: 384
  - Bac Lieu: 384
  - Bac Ninh: 384
  - Ben Tre: 384
  - Binh Dinh: 384
  - Binh Duong: 384
  - Binh Phuoc: 384
  - Binh Thuan: 384
  - Ca Mau: 384
  - Cao Bang: 384
  - Dak Lak: 384
  - Dak Nong: 384
  - Dien Bien: 384
  - Dong Nai: 384
  - Dong Thap: 384
  - Gia Lai: 384
  - Ha Giang: 384
  - Ha Nam: 384
  - Ha Tinh: 384
  - Hai Duong: 384
  - Hau Giang: 384
  - Hoa Binh: 384
  - Hung Yen: 384
  - Khanh Hoa: 384
  - Kien Giang: 384
  - Kon Tum: 384
  - Lai Chau: 384
  - Lam Dong: 384
  - Lang Son: 384
  - Lao Cai: 384
  - Long An: 383
  - Nam Dinh: 383
  - Nghe An: 383
  - Ninh Binh: 383
  - Ninh Thuan: 383
  - Phu Tho: 383
  - Phu Yen: 383
  - Quang Binh: 383
  - Quang Nam: 383
  - Quang Ngai: 383
  - Quang Ninh: 383
  - Quang Tri: 383
  - Soc Trang: 383
  - Son La: 383
  - Tay Ninh: 383
  - Thai Binh: 383
  - Thai Nguyen: 383
  - Thanh Hoa: 383
  - Thua Thien Hue: 383
  - Tien Giang: 383
  - Tra Vinh: 383
  - Tuyen Quang: 383
  - Vinh Long: 383
  - Vinh Phuc: 383
  - Yen Bai: 382
[Bootstrap] Progress:
  - Hanoi: 386
  - Ho Chi Minh: 386
  - Hai Phong: 386
  - Da Nang: 386
  - Can Tho: 385
  - An Giang: 385
  - Ba Ria - Vung Tau: 385
  - Bac Giang: 385
  - Bac Kan: 385
  - Bac Lieu: 385
  - Bac Ninh: 385
  - Ben Tre: 385
  - Binh Dinh: 385
  - Binh Duong: 385
  - Binh Phuoc: 385
  - Binh Thuan: 385
  - Ca Mau: 385
  - Cao Bang: 385
  - Dak Lak: 385
  - Dak Nong: 385
  - Dien Bien: 385
  - Dong Nai: 385
  - Dong Thap: 385
  - Gia Lai: 385
  - Ha Giang: 385
  - Ha Nam: 385
  - Ha Tinh: 385
  - Hai Duong: 385
  - Hau Giang: 385
  - Hoa Binh: 385
  - Hung Yen: 385
  - Khanh Hoa: 385
  - Kien Giang: 385
  - Kon Tum: 385
  - Lai Chau: 385
  - Lam Dong: 385
  - Lang Son: 385
  - Lao Cai: 385
  - Long An: 384
  - Nam Dinh: 384
  - Nghe An: 384
  - Ninh Binh: 384
  - Ninh Thuan: 384
  - Phu Tho: 384
  - Phu Yen: 384
  - Quang Binh: 384
  - Quang Nam: 384
  - Quang Ngai: 384
  - Quang Ninh: 384
  - Quang Tri: 384
  - Soc Trang: 384
  - Son La: 384
  - Tay Ninh: 384
  - Thai Binh: 384
  - Thai Nguyen: 384
  - Thanh Hoa: 384
  - Thua Thien Hue: 384
  - Tien Giang: 384
  - Tra Vinh: 384
  - Tuyen Quang: 384
  - Vinh Long: 384
  - Vinh Phuc: 384
  - Yen Bai: 383
[Bootstrap] Progress:
  - Hanoi: 387
  - Ho Chi Minh: 387
  - Hai Phong: 387
  - Da Nang: 387
  - Can Tho: 386
  - An Giang: 386
  - Ba Ria - Vung Tau: 386
  - Bac Giang: 386
  - Bac Kan: 386
  - Bac Lieu: 386
  - Bac Ninh: 386
  - Ben Tre: 386
  - Binh Dinh: 386
  - Binh Duong: 386
  - Binh Phuoc: 386
  - Binh Thuan: 386
  - Ca Mau: 386
  - Cao Bang: 386
  - Dak Lak: 386
  - Dak Nong: 386
  - Dien Bien: 386
  - Dong Nai: 386
  - Dong Thap: 386
  - Gia Lai: 386
  - Ha Giang: 386
  - Ha Nam: 386
  - Ha Tinh: 386
  - Hai Duong: 386
  - Hau Giang: 386
  - Hoa Binh: 386
  - Hung Yen: 386
  - Khanh Hoa: 386
  - Kien Giang: 386
  - Kon Tum: 386
  - Lai Chau: 386
  - Lam Dong: 386
  - Lang Son: 386
  - Lao Cai: 386
  - Long An: 385
  - Nam Dinh: 385
  - Nghe An: 385
  - Ninh Binh: 385
  - Ninh Thuan: 385
  - Phu Tho: 385
  - Phu Yen: 385
  - Quang Binh: 385
  - Quang Nam: 385
  - Quang Ngai: 385
  - Quang Ninh: 385
  - Quang Tri: 385
  - Soc Trang: 385
  - Son La: 385
  - Tay Ninh: 385
  - Thai Binh: 385
  - Thai Nguyen: 385
  - Thanh Hoa: 385
  - Thua Thien Hue: 385
  - Tien Giang: 385
  - Tra Vinh: 385
  - Tuyen Quang: 385
  - Vinh Long: 385
  - Vinh Phuc: 385
  - Yen Bai: 384
[Bootstrap] Progress:
  - Hanoi: 388
  - Ho Chi Minh: 388
  - Hai Phong: 388
  - Da Nang: 388
  - Can Tho: 387
  - An Giang: 387
  - Ba Ria - Vung Tau: 387
  - Bac Giang: 387
  - Bac Kan: 387
  - Bac Lieu: 387
  - Bac Ninh: 387
  - Ben Tre: 387
  - Binh Dinh: 387
  - Binh Duong: 387
  - Binh Phuoc: 387
  - Binh Thuan: 387
  - Ca Mau: 387
  - Cao Bang: 387
  - Dak Lak: 387
  - Dak Nong: 387
  - Dien Bien: 387
  - Dong Nai: 387
  - Dong Thap: 387
  - Gia Lai: 387
  - Ha Giang: 387
  - Ha Nam: 387
  - Ha Tinh: 387
  - Hai Duong: 387
  - Hau Giang: 387
  - Hoa Binh: 387
  - Hung Yen: 387
  - Khanh Hoa: 387
  - Kien Giang: 387
  - Kon Tum: 387
  - Lai Chau: 387
  - Lam Dong: 387
  - Lang Son: 387
  - Lao Cai: 387
  - Long An: 386
  - Nam Dinh: 386
  - Nghe An: 386
  - Ninh Binh: 386
  - Ninh Thuan: 386
  - Phu Tho: 386
  - Phu Yen: 386
  - Quang Binh: 386
  - Quang Nam: 386
  - Quang Ngai: 386
  - Quang Ninh: 386
  - Quang Tri: 386
  - Soc Trang: 386
  - Son La: 386
  - Tay Ninh: 386
  - Thai Binh: 386
  - Thai Nguyen: 386
  - Thanh Hoa: 386
  - Thua Thien Hue: 386
  - Tien Giang: 386
  - Tra Vinh: 386
  - Tuyen Quang: 386
  - Vinh Long: 386
  - Vinh Phuc: 386
  - Yen Bai: 385
[Bootstrap] Progress:
  - Hanoi: 389
  - Ho Chi Minh: 389
  - Hai Phong: 389
  - Da Nang: 389
  - Can Tho: 388
  - An Giang: 388
  - Ba Ria - Vung Tau: 388
  - Bac Giang: 388
  - Bac Kan: 388
  - Bac Lieu: 388
  - Bac Ninh: 388
  - Ben Tre: 388
  - Binh Dinh: 388
  - Binh Duong: 388
  - Binh Phuoc: 388
  - Binh Thuan: 388
  - Ca Mau: 388
  - Cao Bang: 388
  - Dak Lak: 388
  - Dak Nong: 388
  - Dien Bien: 388
  - Dong Nai: 388
  - Dong Thap: 388
  - Gia Lai: 388
  - Ha Giang: 388
  - Ha Nam: 388
  - Ha Tinh: 388
  - Hai Duong: 388
  - Hau Giang: 388
  - Hoa Binh: 388
  - Hung Yen: 388
  - Khanh Hoa: 388
  - Kien Giang: 388
  - Kon Tum: 388
  - Lai Chau: 388
  - Lam Dong: 388
  - Lang Son: 388
  - Lao Cai: 388
  - Long An: 387
  - Nam Dinh: 387
  - Nghe An: 387
  - Ninh Binh: 387
  - Ninh Thuan: 387
  - Phu Tho: 387
  - Phu Yen: 387
  - Quang Binh: 387
  - Quang Nam: 387
  - Quang Ngai: 387
  - Quang Ninh: 387
  - Quang Tri: 387
  - Soc Trang: 387
  - Son La: 387
  - Tay Ninh: 387
  - Thai Binh: 387
  - Thai Nguyen: 387
  - Thanh Hoa: 387
  - Thua Thien Hue: 387
  - Tien Giang: 387
  - Tra Vinh: 387
  - Tuyen Quang: 387
  - Vinh Long: 387
  - Vinh Phuc: 387
  - Yen Bai: 386
[Bootstrap] Progress:
  - Hanoi: 390
  - Ho Chi Minh: 390
  - Hai Phong: 390
  - Da Nang: 390
  - Can Tho: 389
  - An Giang: 389
  - Ba Ria - Vung Tau: 389
  - Bac Giang: 389
  - Bac Kan: 389
  - Bac Lieu: 389
  - Bac Ninh: 389
  - Ben Tre: 389
  - Binh Dinh: 389
  - Binh Duong: 389
  - Binh Phuoc: 389
  - Binh Thuan: 389
  - Ca Mau: 389
  - Cao Bang: 389
  - Dak Lak: 389
  - Dak Nong: 389
  - Dien Bien: 389
  - Dong Nai: 389
  - Dong Thap: 389
  - Gia Lai: 389
  - Ha Giang: 389
  - Ha Nam: 389
  - Ha Tinh: 389
  - Hai Duong: 389
  - Hau Giang: 389
  - Hoa Binh: 389
  - Hung Yen: 389
  - Khanh Hoa: 389
  - Kien Giang: 389
  - Kon Tum: 389
  - Lai Chau: 389
  - Lam Dong: 389
  - Lang Son: 389
  - Lao Cai: 389
  - Long An: 388
  - Nam Dinh: 388
  - Nghe An: 388
  - Ninh Binh: 388
  - Ninh Thuan: 388
  - Phu Tho: 388
  - Phu Yen: 388
  - Quang Binh: 388
  - Quang Nam: 388
  - Quang Ngai: 388
  - Quang Ninh: 388
  - Quang Tri: 388
  - Soc Trang: 388
  - Son La: 388
  - Tay Ninh: 388
  - Thai Binh: 388
  - Thai Nguyen: 388
  - Thanh Hoa: 388
  - Thua Thien Hue: 388
  - Tien Giang: 388
  - Tra Vinh: 388
  - Tuyen Quang: 388
  - Vinh Long: 388
  - Vinh Phuc: 388
  - Yen Bai: 387
[Bootstrap] Progress:
  - Hanoi: 391
  - Ho Chi Minh: 391
  - Hai Phong: 391
  - Da Nang: 391
  - Can Tho: 390
  - An Giang: 390
  - Ba Ria - Vung Tau: 390
  - Bac Giang: 390
  - Bac Kan: 390
  - Bac Lieu: 390
  - Bac Ninh: 390
  - Ben Tre: 390
  - Binh Dinh: 390
  - Binh Duong: 390
  - Binh Phuoc: 390
  - Binh Thuan: 390
  - Ca Mau: 390
  - Cao Bang: 390
  - Dak Lak: 390
  - Dak Nong: 390
  - Dien Bien: 390
  - Dong Nai: 390
  - Dong Thap: 390
  - Gia Lai: 390
  - Ha Giang: 390
  - Ha Nam: 390
  - Ha Tinh: 390
  - Hai Duong: 390
  - Hau Giang: 390
  - Hoa Binh: 390
  - Hung Yen: 390
  - Khanh Hoa: 390
  - Kien Giang: 390
  - Kon Tum: 390
  - Lai Chau: 390
  - Lam Dong: 390
  - Lang Son: 390
  - Lao Cai: 390
  - Long An: 389
  - Nam Dinh: 389
  - Nghe An: 389
  - Ninh Binh: 389
  - Ninh Thuan: 389
  - Phu Tho: 389
  - Phu Yen: 389
  - Quang Binh: 389
  - Quang Nam: 389
  - Quang Ngai: 389
  - Quang Ninh: 389
  - Quang Tri: 389
  - Soc Trang: 389
  - Son La: 389
  - Tay Ninh: 389
  - Thai Binh: 389
  - Thai Nguyen: 389
  - Thanh Hoa: 389
  - Thua Thien Hue: 389
  - Tien Giang: 389
  - Tra Vinh: 389
  - Tuyen Quang: 389
  - Vinh Long: 389
  - Vinh Phuc: 389
  - Yen Bai: 388
[Bootstrap] Progress:
  - Hanoi: 392
  - Ho Chi Minh: 392
  - Hai Phong: 392
  - Da Nang: 392
  - Can Tho: 391
  - An Giang: 391
  - Ba Ria - Vung Tau: 391
  - Bac Giang: 391
  - Bac Kan: 391
  - Bac Lieu: 391
  - Bac Ninh: 391
  - Ben Tre: 391
  - Binh Dinh: 391
  - Binh Duong: 391
  - Binh Phuoc: 391
  - Binh Thuan: 391
  - Ca Mau: 391
  - Cao Bang: 391
  - Dak Lak: 391
  - Dak Nong: 391
  - Dien Bien: 391
  - Dong Nai: 391
  - Dong Thap: 391
  - Gia Lai: 391
  - Ha Giang: 391
  - Ha Nam: 391
  - Ha Tinh: 391
  - Hai Duong: 391
  - Hau Giang: 391
  - Hoa Binh: 391
  - Hung Yen: 391
  - Khanh Hoa: 391
  - Kien Giang: 391
  - Kon Tum: 391
  - Lai Chau: 391
  - Lam Dong: 391
  - Lang Son: 391
  - Lao Cai: 391
  - Long An: 390
  - Nam Dinh: 390
  - Nghe An: 390
  - Ninh Binh: 390
  - Ninh Thuan: 390
  - Phu Tho: 390
  - Phu Yen: 390
  - Quang Binh: 390
  - Quang Nam: 390
  - Quang Ngai: 390
  - Quang Ninh: 390
  - Quang Tri: 390
  - Soc Trang: 390
  - Son La: 390
  - Tay Ninh: 390
  - Thai Binh: 390
  - Thai Nguyen: 390
  - Thanh Hoa: 390
  - Thua Thien Hue: 390
  - Tien Giang: 390
  - Tra Vinh: 390
  - Tuyen Quang: 390
  - Vinh Long: 390
  - Vinh Phuc: 390
  - Yen Bai: 389
[Bootstrap] Progress:
  - Hanoi: 394
  - Ho Chi Minh: 393
  - Hai Phong: 393
  - Da Nang: 393
  - Can Tho: 392
  - An Giang: 392
  - Ba Ria - Vung Tau: 392
  - Bac Giang: 392
  - Bac Kan: 392
  - Bac Lieu: 392
  - Bac Ninh: 392
  - Ben Tre: 392
  - Binh Dinh: 392
  - Binh Duong: 392
  - Binh Phuoc: 392
  - Binh Thuan: 392
  - Ca Mau: 392
  - Cao Bang: 392
  - Dak Lak: 392
  - Dak Nong: 392
  - Dien Bien: 392
  - Dong Nai: 392
  - Dong Thap: 392
  - Gia Lai: 392
  - Ha Giang: 392
  - Ha Nam: 392
  - Ha Tinh: 392
  - Hai Duong: 392
  - Hau Giang: 392
  - Hoa Binh: 392
  - Hung Yen: 392
  - Khanh Hoa: 392
  - Kien Giang: 392
  - Kon Tum: 392
  - Lai Chau: 392
  - Lam Dong: 392
  - Lang Son: 392
  - Lao Cai: 392
  - Long An: 391
  - Nam Dinh: 391
  - Nghe An: 391
  - Ninh Binh: 391
  - Ninh Thuan: 391
  - Phu Tho: 391
  - Phu Yen: 391
  - Quang Binh: 391
  - Quang Nam: 391
  - Quang Ngai: 391
  - Quang Ninh: 391
  - Quang Tri: 391
  - Soc Trang: 391
  - Son La: 391
  - Tay Ninh: 391
  - Thai Binh: 391
  - Thai Nguyen: 391
  - Thanh Hoa: 391
  - Thua Thien Hue: 391
  - Tien Giang: 391
  - Tra Vinh: 391
  - Tuyen Quang: 391
  - Vinh Long: 391
  - Vinh Phuc: 391
  - Yen Bai: 390
[Bootstrap] Progress:
  - Hanoi: 396
  - Ho Chi Minh: 396
  - Hai Phong: 396
  - Da Nang: 396
  - Can Tho: 395
  - An Giang: 395
  - Ba Ria - Vung Tau: 395
  - Bac Giang: 395
  - Bac Kan: 395
  - Bac Lieu: 395
  - Bac Ninh: 395
  - Ben Tre: 395
  - Binh Dinh: 395
  - Binh Duong: 395
  - Binh Phuoc: 395
  - Binh Thuan: 395
  - Ca Mau: 395
  - Cao Bang: 395
  - Dak Lak: 395
  - Dak Nong: 395
  - Dien Bien: 395
  - Dong Nai: 395
  - Dong Thap: 395
  - Gia Lai: 395
  - Ha Giang: 395
  - Ha Nam: 395
  - Ha Tinh: 395
  - Hai Duong: 395
  - Hau Giang: 395
  - Hoa Binh: 395
  - Hung Yen: 395
  - Khanh Hoa: 395
  - Kien Giang: 395
  - Kon Tum: 395
  - Lai Chau: 395
  - Lam Dong: 395
  - Lang Son: 395
  - Lao Cai: 395
  - Long An: 394
  - Nam Dinh: 394
  - Nghe An: 394
  - Ninh Binh: 394
  - Ninh Thuan: 394
  - Phu Tho: 394
  - Phu Yen: 394
  - Quang Binh: 394
  - Quang Nam: 394
  - Quang Ngai: 394
  - Quang Ninh: 394
  - Quang Tri: 394
  - Soc Trang: 394
  - Son La: 394
  - Tay Ninh: 394
  - Thai Binh: 394
  - Thai Nguyen: 394
  - Thanh Hoa: 394
  - Thua Thien Hue: 394
  - Tien Giang: 394
  - Tra Vinh: 394
  - Tuyen Quang: 394
  - Vinh Long: 394
  - Vinh Phuc: 394
  - Yen Bai: 393
[Bootstrap] Progress:
  - Hanoi: 397
  - Ho Chi Minh: 397
  - Hai Phong: 397
  - Da Nang: 397
  - Can Tho: 396
  - An Giang: 396
  - Ba Ria - Vung Tau: 396
  - Bac Giang: 396
  - Bac Kan: 396
  - Bac Lieu: 396
  - Bac Ninh: 396
  - Ben Tre: 396
  - Binh Dinh: 396
  - Binh Duong: 396
  - Binh Phuoc: 396
  - Binh Thuan: 396
  - Ca Mau: 396
  - Cao Bang: 396
  - Dak Lak: 396
  - Dak Nong: 396
  - Dien Bien: 396
  - Dong Nai: 396
  - Dong Thap: 396
  - Gia Lai: 396
  - Ha Giang: 396
  - Ha Nam: 396
  - Ha Tinh: 396
  - Hai Duong: 396
  - Hau Giang: 396
  - Hoa Binh: 396
  - Hung Yen: 396
  - Khanh Hoa: 396
  - Kien Giang: 396
  - Kon Tum: 396
  - Lai Chau: 396
  - Lam Dong: 396
  - Lang Son: 396
  - Lao Cai: 396
  - Long An: 395
  - Nam Dinh: 395
  - Nghe An: 395
  - Ninh Binh: 395
  - Ninh Thuan: 395
  - Phu Tho: 395
  - Phu Yen: 395
  - Quang Binh: 395
  - Quang Nam: 395
  - Quang Ngai: 395
  - Quang Ninh: 395
  - Quang Tri: 395
  - Soc Trang: 395
  - Son La: 395
  - Tay Ninh: 395
  - Thai Binh: 395
  - Thai Nguyen: 395
  - Thanh Hoa: 395
  - Thua Thien Hue: 395
  - Tien Giang: 395
  - Tra Vinh: 395
  - Tuyen Quang: 395
  - Vinh Long: 395
  - Vinh Phuc: 395
  - Yen Bai: 394
[Bootstrap] Progress:
  - Hanoi: 398
  - Ho Chi Minh: 398
  - Hai Phong: 398
  - Da Nang: 398
  - Can Tho: 397
  - An Giang: 397
  - Ba Ria - Vung Tau: 397
  - Bac Giang: 397
  - Bac Kan: 397
  - Bac Lieu: 397
  - Bac Ninh: 397
  - Ben Tre: 397
  - Binh Dinh: 397
  - Binh Duong: 397
  - Binh Phuoc: 397
  - Binh Thuan: 397
  - Ca Mau: 397
  - Cao Bang: 397
  - Dak Lak: 397
  - Dak Nong: 397
  - Dien Bien: 397
  - Dong Nai: 397
  - Dong Thap: 397
  - Gia Lai: 397
  - Ha Giang: 397
  - Ha Nam: 397
  - Ha Tinh: 397
  - Hai Duong: 397
  - Hau Giang: 397
  - Hoa Binh: 397
  - Hung Yen: 397
  - Khanh Hoa: 397
  - Kien Giang: 397
  - Kon Tum: 397
  - Lai Chau: 397
  - Lam Dong: 397
  - Lang Son: 397
  - Lao Cai: 397
  - Long An: 396
  - Nam Dinh: 396
  - Nghe An: 396
  - Ninh Binh: 396
  - Ninh Thuan: 396
  - Phu Tho: 396
  - Phu Yen: 396
  - Quang Binh: 396
  - Quang Nam: 396
  - Quang Ngai: 396
  - Quang Ninh: 396
  - Quang Tri: 396
  - Soc Trang: 396
  - Son La: 396
  - Tay Ninh: 396
  - Thai Binh: 396
  - Thai Nguyen: 396
  - Thanh Hoa: 396
  - Thua Thien Hue: 396
  - Tien Giang: 396
  - Tra Vinh: 396
  - Tuyen Quang: 396
  - Vinh Long: 396
  - Vinh Phuc: 396
  - Yen Bai: 395
[Bootstrap] Progress:
  - Hanoi: 399
  - Ho Chi Minh: 399
  - Hai Phong: 399
  - Da Nang: 399
  - Can Tho: 398
  - An Giang: 398
  - Ba Ria - Vung Tau: 398
  - Bac Giang: 398
  - Bac Kan: 398
  - Bac Lieu: 398
  - Bac Ninh: 398
  - Ben Tre: 398
  - Binh Dinh: 398
  - Binh Duong: 398
  - Binh Phuoc: 398
  - Binh Thuan: 398
  - Ca Mau: 398
  - Cao Bang: 398
  - Dak Lak: 398
  - Dak Nong: 398
  - Dien Bien: 398
  - Dong Nai: 398
  - Dong Thap: 398
  - Gia Lai: 398
  - Ha Giang: 398
  - Ha Nam: 398
  - Ha Tinh: 398
  - Hai Duong: 398
  - Hau Giang: 398
  - Hoa Binh: 398
  - Hung Yen: 398
  - Khanh Hoa: 398
  - Kien Giang: 398
  - Kon Tum: 398
  - Lai Chau: 398
  - Lam Dong: 398
  - Lang Son: 398
  - Lao Cai: 398
  - Long An: 397
  - Nam Dinh: 397
  - Nghe An: 397
  - Ninh Binh: 397
  - Ninh Thuan: 397
  - Phu Tho: 397
  - Phu Yen: 397
  - Quang Binh: 397
  - Quang Nam: 397
  - Quang Ngai: 397
  - Quang Ninh: 397
  - Quang Tri: 397
  - Soc Trang: 397
  - Son La: 397
  - Tay Ninh: 397
  - Thai Binh: 397
  - Thai Nguyen: 397
  - Thanh Hoa: 397
  - Thua Thien Hue: 397
  - Tien Giang: 397
  - Tra Vinh: 397
  - Tuyen Quang: 397
  - Vinh Long: 397
  - Vinh Phuc: 397
  - Yen Bai: 396
[Bootstrap] Progress:
  - Hanoi: 400
  - Ho Chi Minh: 400
  - Hai Phong: 400
  - Da Nang: 400
  - Can Tho: 399
  - An Giang: 399
  - Ba Ria - Vung Tau: 399
  - Bac Giang: 399
  - Bac Kan: 399
  - Bac Lieu: 399
  - Bac Ninh: 399
  - Ben Tre: 399
  - Binh Dinh: 399
  - Binh Duong: 399
  - Binh Phuoc: 399
  - Binh Thuan: 399
  - Ca Mau: 399
  - Cao Bang: 399
  - Dak Lak: 399
  - Dak Nong: 399
  - Dien Bien: 399
  - Dong Nai: 399
  - Dong Thap: 399
  - Gia Lai: 399
  - Ha Giang: 399
  - Ha Nam: 399
  - Ha Tinh: 399
  - Hai Duong: 399
  - Hau Giang: 399
  - Hoa Binh: 399
  - Hung Yen: 399
  - Khanh Hoa: 399
  - Kien Giang: 399
  - Kon Tum: 399
  - Lai Chau: 399
  - Lam Dong: 399
  - Lang Son: 399
  - Lao Cai: 399
  - Long An: 398
  - Nam Dinh: 398
  - Nghe An: 398
  - Ninh Binh: 398
  - Ninh Thuan: 398
  - Phu Tho: 398
  - Phu Yen: 398
  - Quang Binh: 398
  - Quang Nam: 398
  - Quang Ngai: 398
  - Quang Ninh: 398
  - Quang Tri: 398
  - Soc Trang: 398
  - Son La: 398
  - Tay Ninh: 398
  - Thai Binh: 398
  - Thai Nguyen: 398
  - Thanh Hoa: 398
  - Thua Thien Hue: 398
  - Tien Giang: 398
  - Tra Vinh: 398
  - Tuyen Quang: 398
  - Vinh Long: 398
  - Vinh Phuc: 398
  - Yen Bai: 397
[Bootstrap] Progress:
  - Hanoi: 401
  - Ho Chi Minh: 401
  - Hai Phong: 401
  - Da Nang: 401
  - Can Tho: 400
  - An Giang: 400
  - Ba Ria - Vung Tau: 400
  - Bac Giang: 400
  - Bac Kan: 400
  - Bac Lieu: 400
  - Bac Ninh: 400
  - Ben Tre: 400
  - Binh Dinh: 400
  - Binh Duong: 400
  - Binh Phuoc: 400
  - Binh Thuan: 400
  - Ca Mau: 400
  - Cao Bang: 400
  - Dak Lak: 400
  - Dak Nong: 400
  - Dien Bien: 400
  - Dong Nai: 400
  - Dong Thap: 400
  - Gia Lai: 400
  - Ha Giang: 400
  - Ha Nam: 400
  - Ha Tinh: 400
  - Hai Duong: 400
  - Hau Giang: 400
  - Hoa Binh: 400
  - Hung Yen: 400
  - Khanh Hoa: 400
  - Kien Giang: 400
  - Kon Tum: 400
  - Lai Chau: 400
  - Lam Dong: 400
  - Lang Son: 400
  - Lao Cai: 400
  - Long An: 399
  - Nam Dinh: 399
  - Nghe An: 399
  - Ninh Binh: 399
  - Ninh Thuan: 399
  - Phu Tho: 399
  - Phu Yen: 399
  - Quang Binh: 399
  - Quang Nam: 399
  - Quang Ngai: 399
  - Quang Ninh: 399
  - Quang Tri: 399
  - Soc Trang: 399
  - Son La: 399
  - Tay Ninh: 399
  - Thai Binh: 399
  - Thai Nguyen: 399
  - Thanh Hoa: 399
  - Thua Thien Hue: 399
  - Tien Giang: 399
  - Tra Vinh: 399
  - Tuyen Quang: 399
  - Vinh Long: 399
  - Vinh Phuc: 399
  - Yen Bai: 398
[Bootstrap] Progress:
  - Hanoi: 402
  - Ho Chi Minh: 402
  - Hai Phong: 402
  - Da Nang: 402
  - Can Tho: 401
  - An Giang: 401
  - Ba Ria - Vung Tau: 401
  - Bac Giang: 401
  - Bac Kan: 401
  - Bac Lieu: 401
  - Bac Ninh: 401
  - Ben Tre: 401
  - Binh Dinh: 401
  - Binh Duong: 401
  - Binh Phuoc: 401
  - Binh Thuan: 401
  - Ca Mau: 401
  - Cao Bang: 401
  - Dak Lak: 401
  - Dak Nong: 401
  - Dien Bien: 401
  - Dong Nai: 401
  - Dong Thap: 401
  - Gia Lai: 401
  - Ha Giang: 401
  - Ha Nam: 401
  - Ha Tinh: 401
  - Hai Duong: 401
  - Hau Giang: 401
  - Hoa Binh: 401
  - Hung Yen: 401
  - Khanh Hoa: 401
  - Kien Giang: 401
  - Kon Tum: 401
  - Lai Chau: 401
  - Lam Dong: 401
  - Lang Son: 401
  - Lao Cai: 401
  - Long An: 400
  - Nam Dinh: 400
  - Nghe An: 400
  - Ninh Binh: 400
  - Ninh Thuan: 400
  - Phu Tho: 400
  - Phu Yen: 400
  - Quang Binh: 400
  - Quang Nam: 400
  - Quang Ngai: 400
  - Quang Ninh: 400
  - Quang Tri: 400
  - Soc Trang: 400
  - Son La: 400
  - Tay Ninh: 400
  - Thai Binh: 400
  - Thai Nguyen: 400
  - Thanh Hoa: 400
  - Thua Thien Hue: 400
  - Tien Giang: 400
  - Tra Vinh: 400
  - Tuyen Quang: 400
  - Vinh Long: 400
  - Vinh Phuc: 400
  - Yen Bai: 399
[Bootstrap] Progress:
  - Hanoi: 403
  - Ho Chi Minh: 403
  - Hai Phong: 403
  - Da Nang: 403
  - Can Tho: 402
  - An Giang: 402
  - Ba Ria - Vung Tau: 402
  - Bac Giang: 402
  - Bac Kan: 402
  - Bac Lieu: 402
  - Bac Ninh: 402
  - Ben Tre: 402
  - Binh Dinh: 402
  - Binh Duong: 402
  - Binh Phuoc: 402
  - Binh Thuan: 402
  - Ca Mau: 402
  - Cao Bang: 402
  - Dak Lak: 402
  - Dak Nong: 402
  - Dien Bien: 402
  - Dong Nai: 402
  - Dong Thap: 402
  - Gia Lai: 402
  - Ha Giang: 402
  - Ha Nam: 402
  - Ha Tinh: 402
  - Hai Duong: 402
  - Hau Giang: 402
  - Hoa Binh: 402
  - Hung Yen: 402
  - Khanh Hoa: 402
  - Kien Giang: 402
  - Kon Tum: 402
  - Lai Chau: 402
  - Lam Dong: 402
  - Lang Son: 402
  - Lao Cai: 402
  - Long An: 401
  - Nam Dinh: 401
  - Nghe An: 401
  - Ninh Binh: 401
  - Ninh Thuan: 401
  - Phu Tho: 401
  - Phu Yen: 401
  - Quang Binh: 401
  - Quang Nam: 401
  - Quang Ngai: 401
  - Quang Ninh: 401
  - Quang Tri: 401
  - Soc Trang: 401
  - Son La: 401
  - Tay Ninh: 401
  - Thai Binh: 401
  - Thai Nguyen: 401
  - Thanh Hoa: 401
  - Thua Thien Hue: 401
  - Tien Giang: 401
  - Tra Vinh: 401
  - Tuyen Quang: 401
  - Vinh Long: 401
  - Vinh Phuc: 401
  - Yen Bai: 400
[Bootstrap] Progress:
  - Hanoi: 404
  - Ho Chi Minh: 404
  - Hai Phong: 404
  - Da Nang: 404
  - Can Tho: 403
  - An Giang: 403
  - Ba Ria - Vung Tau: 403
  - Bac Giang: 403
  - Bac Kan: 403
  - Bac Lieu: 403
  - Bac Ninh: 403
  - Ben Tre: 403
  - Binh Dinh: 403
  - Binh Duong: 403
  - Binh Phuoc: 403
  - Binh Thuan: 403
  - Ca Mau: 403
  - Cao Bang: 403
  - Dak Lak: 403
  - Dak Nong: 403
  - Dien Bien: 403
  - Dong Nai: 403
  - Dong Thap: 403
  - Gia Lai: 403
  - Ha Giang: 403
  - Ha Nam: 403
  - Ha Tinh: 403
  - Hai Duong: 403
  - Hau Giang: 403
  - Hoa Binh: 403
  - Hung Yen: 403
  - Khanh Hoa: 403
  - Kien Giang: 403
  - Kon Tum: 403
  - Lai Chau: 403
  - Lam Dong: 403
  - Lang Son: 403
  - Lao Cai: 403
  - Long An: 402
  - Nam Dinh: 402
  - Nghe An: 402
  - Ninh Binh: 402
  - Ninh Thuan: 402
  - Phu Tho: 402
  - Phu Yen: 402
  - Quang Binh: 402
  - Quang Nam: 402
  - Quang Ngai: 402
  - Quang Ninh: 402
  - Quang Tri: 402
  - Soc Trang: 402
  - Son La: 402
  - Tay Ninh: 402
  - Thai Binh: 402
  - Thai Nguyen: 402
  - Thanh Hoa: 402
  - Thua Thien Hue: 402
  - Tien Giang: 402
  - Tra Vinh: 402
  - Tuyen Quang: 402
  - Vinh Long: 402
  - Vinh Phuc: 402
  - Yen Bai: 401
[Bootstrap] Progress:
  - Hanoi: 405
  - Ho Chi Minh: 405
  - Hai Phong: 405
  - Da Nang: 405
  - Can Tho: 404
  - An Giang: 404
  - Ba Ria - Vung Tau: 404
  - Bac Giang: 404
  - Bac Kan: 404
  - Bac Lieu: 404
  - Bac Ninh: 404
  - Ben Tre: 404
  - Binh Dinh: 404
  - Binh Duong: 404
  - Binh Phuoc: 404
  - Binh Thuan: 404
  - Ca Mau: 404
  - Cao Bang: 404
  - Dak Lak: 404
  - Dak Nong: 404
  - Dien Bien: 404
  - Dong Nai: 404
  - Dong Thap: 404
  - Gia Lai: 404
  - Ha Giang: 404
  - Ha Nam: 404
  - Ha Tinh: 404
  - Hai Duong: 404
  - Hau Giang: 404
  - Hoa Binh: 404
  - Hung Yen: 404
  - Khanh Hoa: 404
  - Kien Giang: 404
  - Kon Tum: 404
  - Lai Chau: 404
  - Lam Dong: 404
  - Lang Son: 404
  - Lao Cai: 404
  - Long An: 403
  - Nam Dinh: 403
  - Nghe An: 403
  - Ninh Binh: 403
  - Ninh Thuan: 403
  - Phu Tho: 403
  - Phu Yen: 403
  - Quang Binh: 403
  - Quang Nam: 403
  - Quang Ngai: 403
  - Quang Ninh: 403
  - Quang Tri: 403
  - Soc Trang: 403
  - Son La: 403
  - Tay Ninh: 403
  - Thai Binh: 403
  - Thai Nguyen: 403
  - Thanh Hoa: 403
  - Thua Thien Hue: 403
  - Tien Giang: 403
  - Tra Vinh: 403
  - Tuyen Quang: 403
  - Vinh Long: 403
  - Vinh Phuc: 403
  - Yen Bai: 402
[Bootstrap] Progress:
  - Hanoi: 406
  - Ho Chi Minh: 406
  - Hai Phong: 406
  - Da Nang: 406
  - Can Tho: 405
  - An Giang: 405
  - Ba Ria - Vung Tau: 405
  - Bac Giang: 405
  - Bac Kan: 405
  - Bac Lieu: 405
  - Bac Ninh: 405
  - Ben Tre: 405
  - Binh Dinh: 405
  - Binh Duong: 405
  - Binh Phuoc: 405
  - Binh Thuan: 405
  - Ca Mau: 405
  - Cao Bang: 405
  - Dak Lak: 405
  - Dak Nong: 405
  - Dien Bien: 405
  - Dong Nai: 405
  - Dong Thap: 405
  - Gia Lai: 405
  - Ha Giang: 405
  - Ha Nam: 405
  - Ha Tinh: 405
  - Hai Duong: 405
  - Hau Giang: 405
  - Hoa Binh: 405
  - Hung Yen: 405
  - Khanh Hoa: 405
  - Kien Giang: 405
  - Kon Tum: 405
  - Lai Chau: 405
  - Lam Dong: 405
  - Lang Son: 405
  - Lao Cai: 405
  - Long An: 404
  - Nam Dinh: 404
  - Nghe An: 404
  - Ninh Binh: 404
  - Ninh Thuan: 404
  - Phu Tho: 404
  - Phu Yen: 404
  - Quang Binh: 404
  - Quang Nam: 404
  - Quang Ngai: 404
  - Quang Ninh: 404
  - Quang Tri: 404
  - Soc Trang: 404
  - Son La: 404
  - Tay Ninh: 404
  - Thai Binh: 404
  - Thai Nguyen: 404
  - Thanh Hoa: 404
  - Thua Thien Hue: 404
  - Tien Giang: 404
  - Tra Vinh: 404
  - Tuyen Quang: 404
  - Vinh Long: 404
  - Vinh Phuc: 404
  - Yen Bai: 403
[Bootstrap] Progress:
  - Hanoi: 408
  - Ho Chi Minh: 408
  - Hai Phong: 408
  - Da Nang: 408
  - Can Tho: 407
  - An Giang: 407
  - Ba Ria - Vung Tau: 407
  - Bac Giang: 407
  - Bac Kan: 407
  - Bac Lieu: 407
  - Bac Ninh: 406
  - Ben Tre: 406
  - Binh Dinh: 406
  - Binh Duong: 406
  - Binh Phuoc: 406
  - Binh Thuan: 406
  - Ca Mau: 406
  - Cao Bang: 406
  - Dak Lak: 406
  - Dak Nong: 406
  - Dien Bien: 406
  - Dong Nai: 406
  - Dong Thap: 406
  - Gia Lai: 406
  - Ha Giang: 406
  - Ha Nam: 406
  - Ha Tinh: 406
  - Hai Duong: 406
  - Hau Giang: 406
  - Hoa Binh: 406
  - Hung Yen: 406
  - Khanh Hoa: 406
  - Kien Giang: 406
  - Kon Tum: 406
  - Lai Chau: 406
  - Lam Dong: 406
  - Lang Son: 406
  - Lao Cai: 406
  - Long An: 405
  - Nam Dinh: 405
  - Nghe An: 405
  - Ninh Binh: 405
  - Ninh Thuan: 405
  - Phu Tho: 405
  - Phu Yen: 405
  - Quang Binh: 405
  - Quang Nam: 405
  - Quang Ngai: 405
  - Quang Ninh: 405
  - Quang Tri: 405
  - Soc Trang: 405
  - Son La: 405
  - Tay Ninh: 405
  - Thai Binh: 405
  - Thai Nguyen: 405
  - Thanh Hoa: 405
  - Thua Thien Hue: 405
  - Tien Giang: 405
  - Tra Vinh: 405
  - Tuyen Quang: 405
  - Vinh Long: 405
  - Vinh Phuc: 405
  - Yen Bai: 404
[Bootstrap] Progress:
  - Hanoi: 410
  - Ho Chi Minh: 410
  - Hai Phong: 410
  - Da Nang: 410
  - Can Tho: 409
  - An Giang: 409
  - Ba Ria - Vung Tau: 409
  - Bac Giang: 409
  - Bac Kan: 409
  - Bac Lieu: 409
  - Bac Ninh: 409
  - Ben Tre: 409
  - Binh Dinh: 409
  - Binh Duong: 409
  - Binh Phuoc: 409
  - Binh Thuan: 409
  - Ca Mau: 409
  - Cao Bang: 409
  - Dak Lak: 409
  - Dak Nong: 409
  - Dien Bien: 409
  - Dong Nai: 409
  - Dong Thap: 409
  - Gia Lai: 409
  - Ha Giang: 409
  - Ha Nam: 409
  - Ha Tinh: 409
  - Hai Duong: 409
  - Hau Giang: 409
  - Hoa Binh: 409
  - Hung Yen: 409
  - Khanh Hoa: 409
  - Kien Giang: 409
  - Kon Tum: 409
  - Lai Chau: 409
  - Lam Dong: 409
  - Lang Son: 409
  - Lao Cai: 409
  - Long An: 408
  - Nam Dinh: 408
  - Nghe An: 408
  - Ninh Binh: 408
  - Ninh Thuan: 408
  - Phu Tho: 408
  - Phu Yen: 408
  - Quang Binh: 408
  - Quang Nam: 408
  - Quang Ngai: 408
  - Quang Ninh: 408
  - Quang Tri: 408
  - Soc Trang: 408
  - Son La: 408
  - Tay Ninh: 408
  - Thai Binh: 408
  - Thai Nguyen: 408
  - Thanh Hoa: 408
  - Thua Thien Hue: 408
  - Tien Giang: 408
  - Tra Vinh: 408
  - Tuyen Quang: 408
  - Vinh Long: 408
  - Vinh Phuc: 408
  - Yen Bai: 407
[Bootstrap] Progress:
  - Hanoi: 411
  - Ho Chi Minh: 411
  - Hai Phong: 411
  - Da Nang: 411
  - Can Tho: 410
  - An Giang: 410
  - Ba Ria - Vung Tau: 410
  - Bac Giang: 410
  - Bac Kan: 410
  - Bac Lieu: 410
  - Bac Ninh: 410
  - Ben Tre: 410
  - Binh Dinh: 410
  - Binh Duong: 410
  - Binh Phuoc: 410
  - Binh Thuan: 410
  - Ca Mau: 410
  - Cao Bang: 410
  - Dak Lak: 410
  - Dak Nong: 410
  - Dien Bien: 410
  - Dong Nai: 410
  - Dong Thap: 410
  - Gia Lai: 410
  - Ha Giang: 410
  - Ha Nam: 410
  - Ha Tinh: 410
  - Hai Duong: 410
  - Hau Giang: 410
  - Hoa Binh: 410
  - Hung Yen: 410
  - Khanh Hoa: 410
  - Kien Giang: 410
  - Kon Tum: 410
  - Lai Chau: 410
  - Lam Dong: 410
  - Lang Son: 410
  - Lao Cai: 410
  - Long An: 409
  - Nam Dinh: 409
  - Nghe An: 409
  - Ninh Binh: 409
  - Ninh Thuan: 409
  - Phu Tho: 409
  - Phu Yen: 409
  - Quang Binh: 409
  - Quang Nam: 409
  - Quang Ngai: 409
  - Quang Ninh: 409
  - Quang Tri: 409
  - Soc Trang: 409
  - Son La: 409
  - Tay Ninh: 409
  - Thai Binh: 409
  - Thai Nguyen: 409
  - Thanh Hoa: 409
  - Thua Thien Hue: 409
  - Tien Giang: 409
  - Tra Vinh: 409
  - Tuyen Quang: 409
  - Vinh Long: 409
  - Vinh Phuc: 409
  - Yen Bai: 408
[Bootstrap] Progress:
  - Hanoi: 412
  - Ho Chi Minh: 412
  - Hai Phong: 412
  - Da Nang: 412
  - Can Tho: 411
  - An Giang: 411
  - Ba Ria - Vung Tau: 411
  - Bac Giang: 411
  - Bac Kan: 411
  - Bac Lieu: 411
  - Bac Ninh: 411
  - Ben Tre: 411
  - Binh Dinh: 411
  - Binh Duong: 411
  - Binh Phuoc: 411
  - Binh Thuan: 411
  - Ca Mau: 411
  - Cao Bang: 411
  - Dak Lak: 411
  - Dak Nong: 411
  - Dien Bien: 411
  - Dong Nai: 411
  - Dong Thap: 411
  - Gia Lai: 411
  - Ha Giang: 411
  - Ha Nam: 411
  - Ha Tinh: 411
  - Hai Duong: 411
  - Hau Giang: 411
  - Hoa Binh: 411
  - Hung Yen: 411
  - Khanh Hoa: 411
  - Kien Giang: 411
  - Kon Tum: 411
  - Lai Chau: 411
  - Lam Dong: 411
  - Lang Son: 411
  - Lao Cai: 411
  - Long An: 410
  - Nam Dinh: 410
  - Nghe An: 410
  - Ninh Binh: 410
  - Ninh Thuan: 410
  - Phu Tho: 410
  - Phu Yen: 410
  - Quang Binh: 410
  - Quang Nam: 410
  - Quang Ngai: 410
  - Quang Ninh: 410
  - Quang Tri: 410
  - Soc Trang: 410
  - Son La: 410
  - Tay Ninh: 410
  - Thai Binh: 410
  - Thai Nguyen: 410
  - Thanh Hoa: 410
  - Thua Thien Hue: 410
  - Tien Giang: 410
  - Tra Vinh: 410
  - Tuyen Quang: 410
  - Vinh Long: 410
  - Vinh Phuc: 410
  - Yen Bai: 409
[Bootstrap] Progress:
  - Hanoi: 413
  - Ho Chi Minh: 413
  - Hai Phong: 413
  - Da Nang: 413
  - Can Tho: 412
  - An Giang: 412
  - Ba Ria - Vung Tau: 412
  - Bac Giang: 412
  - Bac Kan: 412
  - Bac Lieu: 412
  - Bac Ninh: 412
  - Ben Tre: 412
  - Binh Dinh: 412
  - Binh Duong: 412
  - Binh Phuoc: 412
  - Binh Thuan: 412
  - Ca Mau: 412
  - Cao Bang: 412
  - Dak Lak: 412
  - Dak Nong: 412
  - Dien Bien: 412
  - Dong Nai: 412
  - Dong Thap: 412
  - Gia Lai: 412
  - Ha Giang: 412
  - Ha Nam: 412
  - Ha Tinh: 412
  - Hai Duong: 412
  - Hau Giang: 412
  - Hoa Binh: 412
  - Hung Yen: 412
  - Khanh Hoa: 412
  - Kien Giang: 412
  - Kon Tum: 412
  - Lai Chau: 412
  - Lam Dong: 412
  - Lang Son: 412
  - Lao Cai: 412
  - Long An: 411
  - Nam Dinh: 411
  - Nghe An: 411
  - Ninh Binh: 411
  - Ninh Thuan: 411
  - Phu Tho: 411
  - Phu Yen: 411
  - Quang Binh: 411
  - Quang Nam: 411
  - Quang Ngai: 411
  - Quang Ninh: 411
  - Quang Tri: 411
  - Soc Trang: 411
  - Son La: 411
  - Tay Ninh: 411
  - Thai Binh: 411
  - Thai Nguyen: 411
  - Thanh Hoa: 411
  - Thua Thien Hue: 411
  - Tien Giang: 411
  - Tra Vinh: 411
  - Tuyen Quang: 411
  - Vinh Long: 411
  - Vinh Phuc: 411
  - Yen Bai: 410
[Bootstrap] Progress:
  - Hanoi: 414
  - Ho Chi Minh: 414
  - Hai Phong: 414
  - Da Nang: 414
  - Can Tho: 413
  - An Giang: 413
  - Ba Ria - Vung Tau: 413
  - Bac Giang: 413
  - Bac Kan: 413
  - Bac Lieu: 413
  - Bac Ninh: 413
  - Ben Tre: 413
  - Binh Dinh: 413
  - Binh Duong: 413
  - Binh Phuoc: 413
  - Binh Thuan: 413
  - Ca Mau: 413
  - Cao Bang: 413
  - Dak Lak: 413
  - Dak Nong: 413
  - Dien Bien: 413
  - Dong Nai: 413
  - Dong Thap: 413
  - Gia Lai: 413
  - Ha Giang: 413
  - Ha Nam: 413
  - Ha Tinh: 413
  - Hai Duong: 413
  - Hau Giang: 413
  - Hoa Binh: 413
  - Hung Yen: 413
  - Khanh Hoa: 413
  - Kien Giang: 413
  - Kon Tum: 413
  - Lai Chau: 413
  - Lam Dong: 413
  - Lang Son: 413
  - Lao Cai: 413
  - Long An: 412
  - Nam Dinh: 412
  - Nghe An: 412
  - Ninh Binh: 412
  - Ninh Thuan: 412
  - Phu Tho: 412
  - Phu Yen: 412
  - Quang Binh: 412
  - Quang Nam: 412
  - Quang Ngai: 412
  - Quang Ninh: 412
  - Quang Tri: 412
  - Soc Trang: 412
  - Son La: 412
  - Tay Ninh: 412
  - Thai Binh: 412
  - Thai Nguyen: 412
  - Thanh Hoa: 412
  - Thua Thien Hue: 412
  - Tien Giang: 412
  - Tra Vinh: 412
  - Tuyen Quang: 412
  - Vinh Long: 412
  - Vinh Phuc: 412
  - Yen Bai: 411
[Bootstrap] Progress:
  - Hanoi: 415
  - Ho Chi Minh: 415
  - Hai Phong: 415
  - Da Nang: 415
  - Can Tho: 414
  - An Giang: 414
  - Ba Ria - Vung Tau: 414
  - Bac Giang: 414
  - Bac Kan: 414
  - Bac Lieu: 414
  - Bac Ninh: 414
  - Ben Tre: 414
  - Binh Dinh: 414
  - Binh Duong: 414
  - Binh Phuoc: 414
  - Binh Thuan: 414
  - Ca Mau: 414
  - Cao Bang: 414
  - Dak Lak: 414
  - Dak Nong: 414
  - Dien Bien: 414
  - Dong Nai: 414
  - Dong Thap: 414
  - Gia Lai: 414
  - Ha Giang: 414
  - Ha Nam: 414
  - Ha Tinh: 414
  - Hai Duong: 414
  - Hau Giang: 414
  - Hoa Binh: 414
  - Hung Yen: 414
  - Khanh Hoa: 414
  - Kien Giang: 414
  - Kon Tum: 414
  - Lai Chau: 414
  - Lam Dong: 414
  - Lang Son: 414
  - Lao Cai: 414
  - Long An: 413
  - Nam Dinh: 413
  - Nghe An: 413
  - Ninh Binh: 413
  - Ninh Thuan: 413
  - Phu Tho: 413
  - Phu Yen: 413
  - Quang Binh: 413
  - Quang Nam: 413
  - Quang Ngai: 413
  - Quang Ninh: 413
  - Quang Tri: 413
  - Soc Trang: 413
  - Son La: 413
  - Tay Ninh: 413
  - Thai Binh: 413
  - Thai Nguyen: 413
  - Thanh Hoa: 413
  - Thua Thien Hue: 413
  - Tien Giang: 413
  - Tra Vinh: 413
  - Tuyen Quang: 413
  - Vinh Long: 413
  - Vinh Phuc: 413
  - Yen Bai: 412
[Bootstrap] Progress:
  - Hanoi: 416
  - Ho Chi Minh: 416
  - Hai Phong: 416
  - Da Nang: 416
  - Can Tho: 415
  - An Giang: 415
  - Ba Ria - Vung Tau: 415
  - Bac Giang: 415
  - Bac Kan: 415
  - Bac Lieu: 415
  - Bac Ninh: 415
  - Ben Tre: 415
  - Binh Dinh: 415
  - Binh Duong: 415
  - Binh Phuoc: 415
  - Binh Thuan: 415
  - Ca Mau: 415
  - Cao Bang: 415
  - Dak Lak: 415
  - Dak Nong: 415
  - Dien Bien: 415
  - Dong Nai: 415
  - Dong Thap: 415
  - Gia Lai: 415
  - Ha Giang: 415
  - Ha Nam: 415
  - Ha Tinh: 415
  - Hai Duong: 415
  - Hau Giang: 415
  - Hoa Binh: 415
  - Hung Yen: 415
  - Khanh Hoa: 415
  - Kien Giang: 415
  - Kon Tum: 415
  - Lai Chau: 415
  - Lam Dong: 415
  - Lang Son: 415
  - Lao Cai: 415
  - Long An: 414
  - Nam Dinh: 414
  - Nghe An: 414
  - Ninh Binh: 414
  - Ninh Thuan: 414
  - Phu Tho: 414
  - Phu Yen: 414
  - Quang Binh: 414
  - Quang Nam: 414
  - Quang Ngai: 414
  - Quang Ninh: 414
  - Quang Tri: 414
  - Soc Trang: 414
  - Son La: 414
  - Tay Ninh: 414
  - Thai Binh: 414
  - Thai Nguyen: 414
  - Thanh Hoa: 414
  - Thua Thien Hue: 414
  - Tien Giang: 414
  - Tra Vinh: 414
  - Tuyen Quang: 414
  - Vinh Long: 414
  - Vinh Phuc: 414
  - Yen Bai: 413
[Bootstrap] Progress:
  - Hanoi: 417
  - Ho Chi Minh: 417
  - Hai Phong: 417
  - Da Nang: 417
  - Can Tho: 416
  - An Giang: 416
  - Ba Ria - Vung Tau: 416
  - Bac Giang: 416
  - Bac Kan: 416
  - Bac Lieu: 416
  - Bac Ninh: 416
  - Ben Tre: 416
  - Binh Dinh: 416
  - Binh Duong: 416
  - Binh Phuoc: 416
  - Binh Thuan: 416
  - Ca Mau: 416
  - Cao Bang: 416
  - Dak Lak: 416
  - Dak Nong: 416
  - Dien Bien: 416
  - Dong Nai: 416
  - Dong Thap: 416
  - Gia Lai: 416
  - Ha Giang: 416
  - Ha Nam: 416
  - Ha Tinh: 416
  - Hai Duong: 416
  - Hau Giang: 416
  - Hoa Binh: 416
  - Hung Yen: 416
  - Khanh Hoa: 416
  - Kien Giang: 416
  - Kon Tum: 416
  - Lai Chau: 416
  - Lam Dong: 416
  - Lang Son: 416
  - Lao Cai: 416
  - Long An: 415
  - Nam Dinh: 415
  - Nghe An: 415
  - Ninh Binh: 415
  - Ninh Thuan: 415
  - Phu Tho: 415
  - Phu Yen: 415
  - Quang Binh: 415
  - Quang Nam: 415
  - Quang Ngai: 415
  - Quang Ninh: 415
  - Quang Tri: 415
  - Soc Trang: 415
  - Son La: 415
  - Tay Ninh: 415
  - Thai Binh: 415
  - Thai Nguyen: 415
  - Thanh Hoa: 415
  - Thua Thien Hue: 415
  - Tien Giang: 415
  - Tra Vinh: 415
  - Tuyen Quang: 415
  - Vinh Long: 415
  - Vinh Phuc: 415
  - Yen Bai: 414
[Bootstrap] Progress:
  - Hanoi: 418
  - Ho Chi Minh: 418
  - Hai Phong: 418
  - Da Nang: 418
  - Can Tho: 417
  - An Giang: 417
  - Ba Ria - Vung Tau: 417
  - Bac Giang: 417
  - Bac Kan: 417
  - Bac Lieu: 417
  - Bac Ninh: 417
  - Ben Tre: 417
  - Binh Dinh: 417
  - Binh Duong: 417
  - Binh Phuoc: 417
  - Binh Thuan: 417
  - Ca Mau: 417
  - Cao Bang: 417
  - Dak Lak: 417
  - Dak Nong: 417
  - Dien Bien: 417
  - Dong Nai: 417
  - Dong Thap: 417
  - Gia Lai: 417
  - Ha Giang: 417
  - Ha Nam: 417
  - Ha Tinh: 417
  - Hai Duong: 417
  - Hau Giang: 417
  - Hoa Binh: 417
  - Hung Yen: 417
  - Khanh Hoa: 417
  - Kien Giang: 417
  - Kon Tum: 417
  - Lai Chau: 417
  - Lam Dong: 417
  - Lang Son: 417
  - Lao Cai: 417
  - Long An: 416
  - Nam Dinh: 416
  - Nghe An: 416
  - Ninh Binh: 416
  - Ninh Thuan: 416
  - Phu Tho: 416
  - Phu Yen: 416
  - Quang Binh: 416
  - Quang Nam: 416
  - Quang Ngai: 416
  - Quang Ninh: 416
  - Quang Tri: 416
  - Soc Trang: 416
  - Son La: 416
  - Tay Ninh: 416
  - Thai Binh: 416
  - Thai Nguyen: 416
  - Thanh Hoa: 416
  - Thua Thien Hue: 416
  - Tien Giang: 416
  - Tra Vinh: 416
  - Tuyen Quang: 416
  - Vinh Long: 416
  - Vinh Phuc: 416
  - Yen Bai: 415
[Bootstrap] Progress:
  - Hanoi: 419
  - Ho Chi Minh: 419
  - Hai Phong: 419
  - Da Nang: 419
  - Can Tho: 418
  - An Giang: 418
  - Ba Ria - Vung Tau: 418
  - Bac Giang: 418
  - Bac Kan: 418
  - Bac Lieu: 418
  - Bac Ninh: 418
  - Ben Tre: 418
  - Binh Dinh: 418
  - Binh Duong: 418
  - Binh Phuoc: 418
  - Binh Thuan: 418
  - Ca Mau: 418
  - Cao Bang: 418
  - Dak Lak: 418
  - Dak Nong: 418
  - Dien Bien: 418
  - Dong Nai: 418
  - Dong Thap: 418
  - Gia Lai: 418
  - Ha Giang: 418
  - Ha Nam: 418
  - Ha Tinh: 418
  - Hai Duong: 418
  - Hau Giang: 418
  - Hoa Binh: 418
  - Hung Yen: 418
  - Khanh Hoa: 418
  - Kien Giang: 418
  - Kon Tum: 418
  - Lai Chau: 418
  - Lam Dong: 418
  - Lang Son: 418
  - Lao Cai: 418
  - Long An: 417
  - Nam Dinh: 417
  - Nghe An: 417
  - Ninh Binh: 417
  - Ninh Thuan: 417
  - Phu Tho: 417
  - Phu Yen: 417
  - Quang Binh: 417
  - Quang Nam: 417
  - Quang Ngai: 417
  - Quang Ninh: 417
  - Quang Tri: 417
  - Soc Trang: 417
  - Son La: 417
  - Tay Ninh: 417
  - Thai Binh: 417
  - Thai Nguyen: 417
  - Thanh Hoa: 417
  - Thua Thien Hue: 417
  - Tien Giang: 417
  - Tra Vinh: 417
  - Tuyen Quang: 417
  - Vinh Long: 417
  - Vinh Phuc: 417
  - Yen Bai: 416
[Bootstrap] Progress:
  - Hanoi: 420
  - Ho Chi Minh: 420
  - Hai Phong: 420
  - Da Nang: 420
  - Can Tho: 419
  - An Giang: 419
  - Ba Ria - Vung Tau: 419
  - Bac Giang: 419
  - Bac Kan: 419
  - Bac Lieu: 419
  - Bac Ninh: 419
  - Ben Tre: 419
  - Binh Dinh: 419
  - Binh Duong: 419
  - Binh Phuoc: 419
  - Binh Thuan: 419
  - Ca Mau: 419
  - Cao Bang: 419
  - Dak Lak: 419
  - Dak Nong: 419
  - Dien Bien: 419
  - Dong Nai: 419
  - Dong Thap: 419
  - Gia Lai: 419
  - Ha Giang: 419
  - Ha Nam: 419
  - Ha Tinh: 419
  - Hai Duong: 419
  - Hau Giang: 419
  - Hoa Binh: 419
  - Hung Yen: 419
  - Khanh Hoa: 419
  - Kien Giang: 419
  - Kon Tum: 419
  - Lai Chau: 419
  - Lam Dong: 419
  - Lang Son: 419
  - Lao Cai: 419
  - Long An: 418
  - Nam Dinh: 418
  - Nghe An: 418
  - Ninh Binh: 418
  - Ninh Thuan: 418
  - Phu Tho: 418
  - Phu Yen: 418
  - Quang Binh: 418
  - Quang Nam: 418
  - Quang Ngai: 418
  - Quang Ninh: 418
  - Quang Tri: 418
  - Soc Trang: 418
  - Son La: 418
  - Tay Ninh: 418
  - Thai Binh: 418
  - Thai Nguyen: 418
  - Thanh Hoa: 418
  - Thua Thien Hue: 418
  - Tien Giang: 418
  - Tra Vinh: 418
  - Tuyen Quang: 418
  - Vinh Long: 418
  - Vinh Phuc: 418
  - Yen Bai: 417
[Bootstrap] Progress:
  - Hanoi: 423
  - Ho Chi Minh: 423
  - Hai Phong: 423
  - Da Nang: 423
  - Can Tho: 422
  - An Giang: 422
  - Ba Ria - Vung Tau: 422
  - Bac Giang: 422
  - Bac Kan: 422
  - Bac Lieu: 421
  - Bac Ninh: 421
  - Ben Tre: 421
  - Binh Dinh: 421
  - Binh Duong: 421
  - Binh Phuoc: 421
  - Binh Thuan: 421
  - Ca Mau: 421
  - Cao Bang: 421
  - Dak Lak: 421
  - Dak Nong: 421
  - Dien Bien: 421
  - Dong Nai: 421
  - Dong Thap: 421
  - Gia Lai: 421
  - Ha Giang: 421
  - Ha Nam: 421
  - Ha Tinh: 421
  - Hai Duong: 421
  - Hau Giang: 421
  - Hoa Binh: 421
  - Hung Yen: 420
  - Khanh Hoa: 420
  - Kien Giang: 420
  - Kon Tum: 420
  - Lai Chau: 420
  - Lam Dong: 420
  - Lang Son: 420
  - Lao Cai: 420
  - Long An: 419
  - Nam Dinh: 419
  - Nghe An: 419
  - Ninh Binh: 419
  - Ninh Thuan: 419
  - Phu Tho: 419
  - Phu Yen: 419
  - Quang Binh: 419
  - Quang Nam: 419
  - Quang Ngai: 419
  - Quang Ninh: 419
  - Quang Tri: 419
  - Soc Trang: 419
  - Son La: 419
  - Tay Ninh: 419
  - Thai Binh: 419
  - Thai Nguyen: 419
  - Thanh Hoa: 419
  - Thua Thien Hue: 419
  - Tien Giang: 419
  - Tra Vinh: 419
  - Tuyen Quang: 419
  - Vinh Long: 419
  - Vinh Phuc: 419
  - Yen Bai: 418
[Bootstrap] Progress:
  - Hanoi: 424
  - Ho Chi Minh: 424
  - Hai Phong: 424
  - Da Nang: 424
  - Can Tho: 423
  - An Giang: 423
  - Ba Ria - Vung Tau: 423
  - Bac Giang: 423
  - Bac Kan: 423
  - Bac Lieu: 423
  - Bac Ninh: 423
  - Ben Tre: 422
  - Binh Dinh: 423
  - Binh Duong: 423
  - Binh Phuoc: 423
  - Binh Thuan: 423
  - Ca Mau: 423
  - Cao Bang: 423
  - Dak Lak: 423
  - Dak Nong: 423
  - Dien Bien: 423
  - Dong Nai: 423
  - Dong Thap: 423
  - Gia Lai: 423
  - Ha Giang: 423
  - Ha Nam: 423
  - Ha Tinh: 423
  - Hai Duong: 423
  - Hau Giang: 423
  - Hoa Binh: 423
  - Hung Yen: 423
  - Khanh Hoa: 423
  - Kien Giang: 423
  - Kon Tum: 423
  - Lai Chau: 423
  - Lam Dong: 423
  - Lang Son: 423
  - Lao Cai: 423
  - Long An: 422
  - Nam Dinh: 422
  - Nghe An: 422
  - Ninh Binh: 422
  - Ninh Thuan: 422
  - Phu Tho: 422
  - Phu Yen: 422
  - Quang Binh: 422
  - Quang Nam: 422
  - Quang Ngai: 422
  - Quang Ninh: 422
  - Quang Tri: 422
  - Soc Trang: 422
  - Son La: 422
  - Tay Ninh: 422
  - Thai Binh: 422
  - Thai Nguyen: 422
  - Thanh Hoa: 422
  - Thua Thien Hue: 422
  - Tien Giang: 422
  - Tra Vinh: 422
  - Tuyen Quang: 422
  - Vinh Long: 422
  - Vinh Phuc: 422
  - Yen Bai: 421
[Bootstrap] Progress:
  - Hanoi: 425
  - Ho Chi Minh: 425
  - Hai Phong: 425
  - Da Nang: 425
  - Can Tho: 424
  - An Giang: 424
  - Ba Ria - Vung Tau: 424
  - Bac Giang: 424
  - Bac Kan: 424
  - Bac Lieu: 424
  - Bac Ninh: 424
  - Ben Tre: 423
  - Binh Dinh: 424
  - Binh Duong: 424
  - Binh Phuoc: 424
  - Binh Thuan: 424
  - Ca Mau: 424
  - Cao Bang: 424
  - Dak Lak: 424
  - Dak Nong: 424
  - Dien Bien: 424
  - Dong Nai: 424
  - Dong Thap: 424
  - Gia Lai: 424
  - Ha Giang: 424
  - Ha Nam: 424
  - Ha Tinh: 424
  - Hai Duong: 424
  - Hau Giang: 424
  - Hoa Binh: 424
  - Hung Yen: 424
  - Khanh Hoa: 424
  - Kien Giang: 424
  - Kon Tum: 424
  - Lai Chau: 424
  - Lam Dong: 424
  - Lang Son: 424
  - Lao Cai: 424
  - Long An: 423
  - Nam Dinh: 423
  - Nghe An: 423
  - Ninh Binh: 423
  - Ninh Thuan: 423
  - Phu Tho: 423
  - Phu Yen: 423
  - Quang Binh: 423
  - Quang Nam: 423
  - Quang Ngai: 423
  - Quang Ninh: 423
  - Quang Tri: 423
  - Soc Trang: 423
  - Son La: 423
  - Tay Ninh: 423
  - Thai Binh: 423
  - Thai Nguyen: 423
  - Thanh Hoa: 423
  - Thua Thien Hue: 423
  - Tien Giang: 423
  - Tra Vinh: 423
  - Tuyen Quang: 423
  - Vinh Long: 423
  - Vinh Phuc: 423
  - Yen Bai: 422
[Bootstrap] Progress:
  - Hanoi: 426
  - Ho Chi Minh: 426
  - Hai Phong: 426
  - Da Nang: 426
  - Can Tho: 425
  - An Giang: 425
  - Ba Ria - Vung Tau: 425
  - Bac Giang: 425
  - Bac Kan: 425
  - Bac Lieu: 425
  - Bac Ninh: 425
  - Ben Tre: 424
  - Binh Dinh: 425
  - Binh Duong: 425
  - Binh Phuoc: 425
  - Binh Thuan: 425
  - Ca Mau: 425
  - Cao Bang: 425
  - Dak Lak: 425
  - Dak Nong: 425
  - Dien Bien: 425
  - Dong Nai: 425
  - Dong Thap: 425
  - Gia Lai: 425
  - Ha Giang: 425
  - Ha Nam: 425
  - Ha Tinh: 425
  - Hai Duong: 425
  - Hau Giang: 425
  - Hoa Binh: 425
  - Hung Yen: 425
  - Khanh Hoa: 425
  - Kien Giang: 425
  - Kon Tum: 425
  - Lai Chau: 425
  - Lam Dong: 425
  - Lang Son: 425
  - Lao Cai: 425
  - Long An: 424
  - Nam Dinh: 424
  - Nghe An: 424
  - Ninh Binh: 424
  - Ninh Thuan: 424
  - Phu Tho: 424
  - Phu Yen: 424
  - Quang Binh: 424
  - Quang Nam: 424
  - Quang Ngai: 424
  - Quang Ninh: 424
  - Quang Tri: 424
  - Soc Trang: 424
  - Son La: 424
  - Tay Ninh: 424
  - Thai Binh: 424
  - Thai Nguyen: 424
  - Thanh Hoa: 424
  - Thua Thien Hue: 424
  - Tien Giang: 424
  - Tra Vinh: 424
  - Tuyen Quang: 424
  - Vinh Long: 424
  - Vinh Phuc: 424
  - Yen Bai: 423
[Bootstrap] Progress:
  - Hanoi: 427
  - Ho Chi Minh: 427
  - Hai Phong: 427
  - Da Nang: 427
  - Can Tho: 426
  - An Giang: 426
  - Ba Ria - Vung Tau: 426
  - Bac Giang: 426
  - Bac Kan: 426
  - Bac Lieu: 426
  - Bac Ninh: 426
  - Ben Tre: 425
  - Binh Dinh: 426
  - Binh Duong: 426
  - Binh Phuoc: 426
  - Binh Thuan: 426
  - Ca Mau: 426
  - Cao Bang: 426
  - Dak Lak: 426
  - Dak Nong: 426
  - Dien Bien: 426
  - Dong Nai: 426
  - Dong Thap: 426
  - Gia Lai: 426
  - Ha Giang: 426
  - Ha Nam: 426
  - Ha Tinh: 426
  - Hai Duong: 426
  - Hau Giang: 426
  - Hoa Binh: 426
  - Hung Yen: 426
  - Khanh Hoa: 426
  - Kien Giang: 426
  - Kon Tum: 426
  - Lai Chau: 426
  - Lam Dong: 426
  - Lang Son: 426
  - Lao Cai: 426
  - Long An: 425
  - Nam Dinh: 425
  - Nghe An: 425
  - Ninh Binh: 425
  - Ninh Thuan: 425
  - Phu Tho: 425
  - Phu Yen: 425
  - Quang Binh: 425
  - Quang Nam: 425
  - Quang Ngai: 425
  - Quang Ninh: 425
  - Quang Tri: 425
  - Soc Trang: 425
  - Son La: 425
  - Tay Ninh: 425
  - Thai Binh: 425
  - Thai Nguyen: 425
  - Thanh Hoa: 425
  - Thua Thien Hue: 425
  - Tien Giang: 425
  - Tra Vinh: 425
  - Tuyen Quang: 425
  - Vinh Long: 425
  - Vinh Phuc: 425
  - Yen Bai: 424
[Bootstrap] Progress:
  - Hanoi: 428
  - Ho Chi Minh: 428
  - Hai Phong: 428
  - Da Nang: 428
  - Can Tho: 427
  - An Giang: 427
  - Ba Ria - Vung Tau: 427
  - Bac Giang: 427
  - Bac Kan: 427
  - Bac Lieu: 427
  - Bac Ninh: 427
  - Ben Tre: 426
  - Binh Dinh: 427
  - Binh Duong: 427
  - Binh Phuoc: 427
  - Binh Thuan: 427
  - Ca Mau: 427
  - Cao Bang: 427
  - Dak Lak: 427
  - Dak Nong: 427
  - Dien Bien: 427
  - Dong Nai: 427
  - Dong Thap: 427
  - Gia Lai: 427
  - Ha Giang: 427
  - Ha Nam: 427
  - Ha Tinh: 427
  - Hai Duong: 427
  - Hau Giang: 427
  - Hoa Binh: 427
  - Hung Yen: 427
  - Khanh Hoa: 427
  - Kien Giang: 427
  - Kon Tum: 427
  - Lai Chau: 427
  - Lam Dong: 427
  - Lang Son: 427
  - Lao Cai: 427
  - Long An: 426
  - Nam Dinh: 426
  - Nghe An: 426
  - Ninh Binh: 426
  - Ninh Thuan: 426
  - Phu Tho: 426
  - Phu Yen: 426
  - Quang Binh: 426
  - Quang Nam: 426
  - Quang Ngai: 426
  - Quang Ninh: 426
  - Quang Tri: 426
  - Soc Trang: 426
  - Son La: 426
  - Tay Ninh: 426
  - Thai Binh: 426
  - Thai Nguyen: 426
  - Thanh Hoa: 426
  - Thua Thien Hue: 426
  - Tien Giang: 426
  - Tra Vinh: 426
  - Tuyen Quang: 426
  - Vinh Long: 426
  - Vinh Phuc: 426
  - Yen Bai: 425
[Bootstrap] Progress:
  - Hanoi: 429
  - Ho Chi Minh: 429
  - Hai Phong: 429
  - Da Nang: 429
  - Can Tho: 428
  - An Giang: 428
  - Ba Ria - Vung Tau: 428
  - Bac Giang: 428
  - Bac Kan: 428
  - Bac Lieu: 428
  - Bac Ninh: 428
  - Ben Tre: 427
  - Binh Dinh: 428
  - Binh Duong: 428
  - Binh Phuoc: 428
  - Binh Thuan: 428
  - Ca Mau: 428
  - Cao Bang: 428
  - Dak Lak: 428
  - Dak Nong: 428
  - Dien Bien: 428
  - Dong Nai: 428
  - Dong Thap: 428
  - Gia Lai: 428
  - Ha Giang: 428
  - Ha Nam: 428
  - Ha Tinh: 428
  - Hai Duong: 428
  - Hau Giang: 428
  - Hoa Binh: 428
  - Hung Yen: 428
  - Khanh Hoa: 428
  - Kien Giang: 428
  - Kon Tum: 428
  - Lai Chau: 428
  - Lam Dong: 428
  - Lang Son: 428
  - Lao Cai: 428
  - Long An: 427
  - Nam Dinh: 427
  - Nghe An: 427
  - Ninh Binh: 427
  - Ninh Thuan: 427
  - Phu Tho: 427
  - Phu Yen: 427
  - Quang Binh: 427
  - Quang Nam: 427
  - Quang Ngai: 427
  - Quang Ninh: 427
  - Quang Tri: 427
  - Soc Trang: 427
  - Son La: 427
  - Tay Ninh: 427
  - Thai Binh: 427
  - Thai Nguyen: 427
  - Thanh Hoa: 427
  - Thua Thien Hue: 427
  - Tien Giang: 427
  - Tra Vinh: 427
  - Tuyen Quang: 427
  - Vinh Long: 427
  - Vinh Phuc: 427
  - Yen Bai: 426
[Bootstrap] Progress:
  - Hanoi: 430
  - Ho Chi Minh: 430
  - Hai Phong: 430
  - Da Nang: 430
  - Can Tho: 429
  - An Giang: 429
  - Ba Ria - Vung Tau: 429
  - Bac Giang: 429
  - Bac Kan: 429
  - Bac Lieu: 429
  - Bac Ninh: 429
  - Ben Tre: 428
  - Binh Dinh: 429
  - Binh Duong: 429
  - Binh Phuoc: 429
  - Binh Thuan: 429
  - Ca Mau: 429
  - Cao Bang: 429
  - Dak Lak: 429
  - Dak Nong: 429
  - Dien Bien: 429
  - Dong Nai: 429
  - Dong Thap: 429
  - Gia Lai: 429
  - Ha Giang: 429
  - Ha Nam: 429
  - Ha Tinh: 429
  - Hai Duong: 429
  - Hau Giang: 429
  - Hoa Binh: 429
  - Hung Yen: 429
  - Khanh Hoa: 429
  - Kien Giang: 429
  - Kon Tum: 429
  - Lai Chau: 429
  - Lam Dong: 429
  - Lang Son: 429
  - Lao Cai: 429
  - Long An: 428
  - Nam Dinh: 428
  - Nghe An: 428
  - Ninh Binh: 428
  - Ninh Thuan: 428
  - Phu Tho: 428
  - Phu Yen: 428
  - Quang Binh: 428
  - Quang Nam: 428
  - Quang Ngai: 428
  - Quang Ninh: 428
  - Quang Tri: 428
  - Soc Trang: 428
  - Son La: 428
  - Tay Ninh: 428
  - Thai Binh: 428
  - Thai Nguyen: 428
  - Thanh Hoa: 428
  - Thua Thien Hue: 428
  - Tien Giang: 428
  - Tra Vinh: 428
  - Tuyen Quang: 428
  - Vinh Long: 428
  - Vinh Phuc: 428
  - Yen Bai: 427
[Bootstrap] Progress:
  - Hanoi: 431
  - Ho Chi Minh: 431
  - Hai Phong: 431
  - Da Nang: 431
  - Can Tho: 430
  - An Giang: 430
  - Ba Ria - Vung Tau: 430
  - Bac Giang: 430
  - Bac Kan: 430
  - Bac Lieu: 430
  - Bac Ninh: 430
  - Ben Tre: 429
  - Binh Dinh: 430
  - Binh Duong: 430
  - Binh Phuoc: 430
  - Binh Thuan: 430
  - Ca Mau: 430
  - Cao Bang: 430
  - Dak Lak: 430
  - Dak Nong: 430
  - Dien Bien: 430
  - Dong Nai: 430
  - Dong Thap: 430
  - Gia Lai: 430
  - Ha Giang: 430
  - Ha Nam: 430
  - Ha Tinh: 430
  - Hai Duong: 430
  - Hau Giang: 430
  - Hoa Binh: 430
  - Hung Yen: 430
  - Khanh Hoa: 430
  - Kien Giang: 430
  - Kon Tum: 430
  - Lai Chau: 430
  - Lam Dong: 430
  - Lang Son: 430
  - Lao Cai: 430
  - Long An: 429
  - Nam Dinh: 429
  - Nghe An: 429
  - Ninh Binh: 429
  - Ninh Thuan: 429
  - Phu Tho: 429
  - Phu Yen: 429
  - Quang Binh: 429
  - Quang Nam: 429
  - Quang Ngai: 429
  - Quang Ninh: 429
  - Quang Tri: 429
  - Soc Trang: 429
  - Son La: 429
  - Tay Ninh: 429
  - Thai Binh: 429
  - Thai Nguyen: 429
  - Thanh Hoa: 429
  - Thua Thien Hue: 429
  - Tien Giang: 429
  - Tra Vinh: 429
  - Tuyen Quang: 429
  - Vinh Long: 429
  - Vinh Phuc: 429
  - Yen Bai: 428
[Bootstrap] Progress:
  - Hanoi: 432
  - Ho Chi Minh: 432
  - Hai Phong: 432
  - Da Nang: 432
  - Can Tho: 431
  - An Giang: 431
  - Ba Ria - Vung Tau: 431
  - Bac Giang: 431
  - Bac Kan: 431
  - Bac Lieu: 431
  - Bac Ninh: 431
  - Ben Tre: 430
  - Binh Dinh: 431
  - Binh Duong: 431
  - Binh Phuoc: 431
  - Binh Thuan: 431
  - Ca Mau: 431
  - Cao Bang: 431
  - Dak Lak: 431
  - Dak Nong: 431
  - Dien Bien: 431
  - Dong Nai: 431
  - Dong Thap: 431
  - Gia Lai: 431
  - Ha Giang: 431
  - Ha Nam: 431
  - Ha Tinh: 431
  - Hai Duong: 431
  - Hau Giang: 431
  - Hoa Binh: 431
  - Hung Yen: 431
  - Khanh Hoa: 431
  - Kien Giang: 431
  - Kon Tum: 431
  - Lai Chau: 431
  - Lam Dong: 431
  - Lang Son: 431
  - Lao Cai: 431
  - Long An: 430
  - Nam Dinh: 430
  - Nghe An: 430
  - Ninh Binh: 430
  - Ninh Thuan: 430
  - Phu Tho: 430
  - Phu Yen: 430
  - Quang Binh: 430
  - Quang Nam: 430
  - Quang Ngai: 430
  - Quang Ninh: 430
  - Quang Tri: 430
  - Soc Trang: 430
  - Son La: 430
  - Tay Ninh: 430
  - Thai Binh: 430
  - Thai Nguyen: 430
  - Thanh Hoa: 430
  - Thua Thien Hue: 430
  - Tien Giang: 430
  - Tra Vinh: 430
  - Tuyen Quang: 430
  - Vinh Long: 430
  - Vinh Phuc: 430
  - Yen Bai: 429
[Bootstrap] Progress:
  - Hanoi: 433
  - Ho Chi Minh: 433
  - Hai Phong: 433
  - Da Nang: 433
  - Can Tho: 432
  - An Giang: 432
  - Ba Ria - Vung Tau: 432
  - Bac Giang: 432
  - Bac Kan: 432
  - Bac Lieu: 432
  - Bac Ninh: 432
  - Ben Tre: 431
  - Binh Dinh: 432
  - Binh Duong: 432
  - Binh Phuoc: 432
  - Binh Thuan: 432
  - Ca Mau: 432
  - Cao Bang: 432
  - Dak Lak: 432
  - Dak Nong: 432
  - Dien Bien: 432
  - Dong Nai: 432
  - Dong Thap: 432
  - Gia Lai: 432
  - Ha Giang: 432
  - Ha Nam: 432
  - Ha Tinh: 432
  - Hai Duong: 432
  - Hau Giang: 432
  - Hoa Binh: 432
  - Hung Yen: 432
  - Khanh Hoa: 432
  - Kien Giang: 432
  - Kon Tum: 432
  - Lai Chau: 432
  - Lam Dong: 432
  - Lang Son: 432
  - Lao Cai: 432
  - Long An: 431
  - Nam Dinh: 431
  - Nghe An: 431
  - Ninh Binh: 431
  - Ninh Thuan: 431
  - Phu Tho: 431
  - Phu Yen: 431
  - Quang Binh: 431
  - Quang Nam: 431
  - Quang Ngai: 431
  - Quang Ninh: 431
  - Quang Tri: 431
  - Soc Trang: 431
  - Son La: 431
  - Tay Ninh: 431
  - Thai Binh: 431
  - Thai Nguyen: 431
  - Thanh Hoa: 431
  - Thua Thien Hue: 431
  - Tien Giang: 431
  - Tra Vinh: 431
  - Tuyen Quang: 431
  - Vinh Long: 431
  - Vinh Phuc: 431
  - Yen Bai: 430
[Bootstrap] Progress:
  - Hanoi: 434
  - Ho Chi Minh: 434
  - Hai Phong: 434
  - Da Nang: 434
  - Can Tho: 433
  - An Giang: 433
  - Ba Ria - Vung Tau: 433
  - Bac Giang: 433
  - Bac Kan: 433
  - Bac Lieu: 433
  - Bac Ninh: 433
  - Ben Tre: 432
  - Binh Dinh: 433
  - Binh Duong: 433
  - Binh Phuoc: 433
  - Binh Thuan: 433
  - Ca Mau: 433
  - Cao Bang: 433
  - Dak Lak: 433
  - Dak Nong: 433
  - Dien Bien: 433
  - Dong Nai: 433
  - Dong Thap: 433
  - Gia Lai: 433
  - Ha Giang: 433
  - Ha Nam: 433
  - Ha Tinh: 433
  - Hai Duong: 433
  - Hau Giang: 433
  - Hoa Binh: 433
  - Hung Yen: 433
  - Khanh Hoa: 433
  - Kien Giang: 433
  - Kon Tum: 433
  - Lai Chau: 433
  - Lam Dong: 433
  - Lang Son: 433
  - Lao Cai: 433
  - Long An: 432
  - Nam Dinh: 432
  - Nghe An: 432
  - Ninh Binh: 432
  - Ninh Thuan: 432
  - Phu Tho: 432
  - Phu Yen: 432
  - Quang Binh: 432
  - Quang Nam: 432
  - Quang Ngai: 432
  - Quang Ninh: 432
  - Quang Tri: 432
  - Soc Trang: 432
  - Son La: 432
  - Tay Ninh: 432
  - Thai Binh: 432
  - Thai Nguyen: 432
  - Thanh Hoa: 432
  - Thua Thien Hue: 432
  - Tien Giang: 432
  - Tra Vinh: 432
  - Tuyen Quang: 432
  - Vinh Long: 432
  - Vinh Phuc: 432
  - Yen Bai: 431
[Bootstrap] Progress:
  - Hanoi: 437
  - Ho Chi Minh: 437
  - Hai Phong: 437
  - Da Nang: 437
  - Can Tho: 436
  - An Giang: 436
  - Ba Ria - Vung Tau: 436
  - Bac Giang: 436
  - Bac Kan: 436
  - Bac Lieu: 436
  - Bac Ninh: 436
  - Ben Tre: 435
  - Binh Dinh: 436
  - Binh Duong: 436
  - Binh Phuoc: 436
  - Binh Thuan: 436
  - Ca Mau: 436
  - Cao Bang: 436
  - Dak Lak: 436
  - Dak Nong: 436
  - Dien Bien: 436
  - Dong Nai: 436
  - Dong Thap: 436
  - Gia Lai: 436
  - Ha Giang: 436
  - Ha Nam: 436
  - Ha Tinh: 436
  - Hai Duong: 436
  - Hau Giang: 436
  - Hoa Binh: 436
  - Hung Yen: 436
  - Khanh Hoa: 436
  - Kien Giang: 436
  - Kon Tum: 435
  - Lai Chau: 435
  - Lam Dong: 435
  - Lang Son: 435
  - Lao Cai: 435
  - Long An: 434
  - Nam Dinh: 434
  - Nghe An: 434
  - Ninh Binh: 434
  - Ninh Thuan: 434
  - Phu Tho: 434
  - Phu Yen: 434
  - Quang Binh: 434
  - Quang Nam: 434
  - Quang Ngai: 434
  - Quang Ninh: 434
  - Quang Tri: 434
  - Soc Trang: 434
  - Son La: 433
  - Tay Ninh: 433
  - Thai Binh: 433
  - Thai Nguyen: 433
  - Thanh Hoa: 433
  - Thua Thien Hue: 433
  - Tien Giang: 433
  - Tra Vinh: 433
  - Tuyen Quang: 433
  - Vinh Long: 433
  - Vinh Phuc: 433
  - Yen Bai: 432
[Bootstrap] Progress:
  - Hanoi: 438
  - Ho Chi Minh: 438
  - Hai Phong: 438
  - Da Nang: 438
  - Can Tho: 437
  - An Giang: 437
  - Ba Ria - Vung Tau: 437
  - Bac Giang: 437
  - Bac Kan: 437
  - Bac Lieu: 437
  - Bac Ninh: 437
  - Ben Tre: 436
  - Binh Dinh: 437
  - Binh Duong: 437
  - Binh Phuoc: 437
  - Binh Thuan: 437
  - Ca Mau: 437
  - Cao Bang: 437
  - Dak Lak: 437
  - Dak Nong: 437
  - Dien Bien: 437
  - Dong Nai: 437
  - Dong Thap: 437
  - Gia Lai: 437
  - Ha Giang: 437
  - Ha Nam: 437
  - Ha Tinh: 437
  - Hai Duong: 437
  - Hau Giang: 437
  - Hoa Binh: 437
  - Hung Yen: 437
  - Khanh Hoa: 437
  - Kien Giang: 437
  - Kon Tum: 437
  - Lai Chau: 437
  - Lam Dong: 437
  - Lang Son: 437
  - Lao Cai: 437
  - Long An: 436
  - Nam Dinh: 436
  - Nghe An: 436
  - Ninh Binh: 436
  - Ninh Thuan: 436
  - Phu Tho: 436
  - Phu Yen: 436
  - Quang Binh: 436
  - Quang Nam: 436
  - Quang Ngai: 436
  - Quang Ninh: 436
  - Quang Tri: 436
  - Soc Trang: 436
  - Son La: 436
  - Tay Ninh: 436
  - Thai Binh: 436
  - Thai Nguyen: 436
  - Thanh Hoa: 436
  - Thua Thien Hue: 436
  - Tien Giang: 436
  - Tra Vinh: 436
  - Tuyen Quang: 436
  - Vinh Long: 436
  - Vinh Phuc: 436
  - Yen Bai: 435
[Bootstrap] Progress:
  - Hanoi: 439
  - Ho Chi Minh: 439
  - Hai Phong: 439
  - Da Nang: 439
  - Can Tho: 438
  - An Giang: 438
  - Ba Ria - Vung Tau: 438
  - Bac Giang: 438
  - Bac Kan: 438
  - Bac Lieu: 438
  - Bac Ninh: 438
  - Ben Tre: 437
  - Binh Dinh: 438
  - Binh Duong: 438
  - Binh Phuoc: 438
  - Binh Thuan: 438
  - Ca Mau: 438
  - Cao Bang: 438
  - Dak Lak: 438
  - Dak Nong: 438
  - Dien Bien: 438
  - Dong Nai: 438
  - Dong Thap: 438
  - Gia Lai: 438
  - Ha Giang: 438
  - Ha Nam: 438
  - Ha Tinh: 438
  - Hai Duong: 438
  - Hau Giang: 438
  - Hoa Binh: 438
  - Hung Yen: 438
  - Khanh Hoa: 438
  - Kien Giang: 438
  - Kon Tum: 438
  - Lai Chau: 438
  - Lam Dong: 438
  - Lang Son: 438
  - Lao Cai: 438
  - Long An: 437
  - Nam Dinh: 437
  - Nghe An: 437
  - Ninh Binh: 437
  - Ninh Thuan: 437
  - Phu Tho: 437
  - Phu Yen: 437
  - Quang Binh: 437
  - Quang Nam: 437
  - Quang Ngai: 437
  - Quang Ninh: 437
  - Quang Tri: 437
  - Soc Trang: 437
  - Son La: 437
  - Tay Ninh: 437
  - Thai Binh: 437
  - Thai Nguyen: 437
  - Thanh Hoa: 437
  - Thua Thien Hue: 437
  - Tien Giang: 437
  - Tra Vinh: 437
  - Tuyen Quang: 437
  - Vinh Long: 437
  - Vinh Phuc: 437
  - Yen Bai: 436
[Bootstrap] Progress:
  - Hanoi: 440
  - Ho Chi Minh: 440
  - Hai Phong: 440
  - Da Nang: 440
  - Can Tho: 439
  - An Giang: 439
  - Ba Ria - Vung Tau: 439
  - Bac Giang: 439
  - Bac Kan: 439
  - Bac Lieu: 439
  - Bac Ninh: 439
  - Ben Tre: 438
  - Binh Dinh: 439
  - Binh Duong: 439
  - Binh Phuoc: 439
  - Binh Thuan: 439
  - Ca Mau: 439
  - Cao Bang: 439
  - Dak Lak: 439
  - Dak Nong: 439
  - Dien Bien: 439
  - Dong Nai: 439
  - Dong Thap: 439
  - Gia Lai: 439
  - Ha Giang: 439
  - Ha Nam: 439
  - Ha Tinh: 439
  - Hai Duong: 439
  - Hau Giang: 439
  - Hoa Binh: 439
  - Hung Yen: 439
  - Khanh Hoa: 439
  - Kien Giang: 439
  - Kon Tum: 439
  - Lai Chau: 439
  - Lam Dong: 439
  - Lang Son: 439
  - Lao Cai: 439
  - Long An: 438
  - Nam Dinh: 438
  - Nghe An: 438
  - Ninh Binh: 438
  - Ninh Thuan: 438
  - Phu Tho: 438
  - Phu Yen: 438
  - Quang Binh: 438
  - Quang Nam: 438
  - Quang Ngai: 438
  - Quang Ninh: 438
  - Quang Tri: 438
  - Soc Trang: 438
  - Son La: 438
  - Tay Ninh: 438
  - Thai Binh: 438
  - Thai Nguyen: 438
  - Thanh Hoa: 438
  - Thua Thien Hue: 438
  - Tien Giang: 438
  - Tra Vinh: 438
  - Tuyen Quang: 438
  - Vinh Long: 438
  - Vinh Phuc: 438
  - Yen Bai: 437
[Bootstrap] Progress:
  - Hanoi: 441
  - Ho Chi Minh: 441
  - Hai Phong: 441
  - Da Nang: 441
  - Can Tho: 440
  - An Giang: 440
  - Ba Ria - Vung Tau: 440
  - Bac Giang: 440
  - Bac Kan: 440
  - Bac Lieu: 440
  - Bac Ninh: 440
  - Ben Tre: 439
  - Binh Dinh: 440
  - Binh Duong: 440
  - Binh Phuoc: 440
  - Binh Thuan: 440
  - Ca Mau: 440
  - Cao Bang: 440
  - Dak Lak: 440
  - Dak Nong: 440
  - Dien Bien: 440
  - Dong Nai: 440
  - Dong Thap: 440
  - Gia Lai: 440
  - Ha Giang: 440
  - Ha Nam: 440
  - Ha Tinh: 440
  - Hai Duong: 440
  - Hau Giang: 440
  - Hoa Binh: 440
  - Hung Yen: 440
  - Khanh Hoa: 440
  - Kien Giang: 440
  - Kon Tum: 440
  - Lai Chau: 440
  - Lam Dong: 440
  - Lang Son: 440
  - Lao Cai: 440
  - Long An: 439
  - Nam Dinh: 439
  - Nghe An: 439
  - Ninh Binh: 439
  - Ninh Thuan: 439
  - Phu Tho: 439
  - Phu Yen: 439
  - Quang Binh: 439
  - Quang Nam: 439
  - Quang Ngai: 439
  - Quang Ninh: 439
  - Quang Tri: 439
  - Soc Trang: 439
  - Son La: 439
  - Tay Ninh: 439
  - Thai Binh: 439
  - Thai Nguyen: 439
  - Thanh Hoa: 439
  - Thua Thien Hue: 439
  - Tien Giang: 439
  - Tra Vinh: 439
  - Tuyen Quang: 439
  - Vinh Long: 439
  - Vinh Phuc: 439
  - Yen Bai: 438
[Bootstrap] Progress:
  - Hanoi: 442
  - Ho Chi Minh: 442
  - Hai Phong: 442
  - Da Nang: 442
  - Can Tho: 441
  - An Giang: 441
  - Ba Ria - Vung Tau: 441
  - Bac Giang: 441
  - Bac Kan: 441
  - Bac Lieu: 441
  - Bac Ninh: 441
  - Ben Tre: 440
  - Binh Dinh: 441
  - Binh Duong: 441
  - Binh Phuoc: 441
  - Binh Thuan: 441
  - Ca Mau: 441
  - Cao Bang: 441
  - Dak Lak: 441
  - Dak Nong: 441
  - Dien Bien: 441
  - Dong Nai: 441
  - Dong Thap: 441
  - Gia Lai: 441
  - Ha Giang: 441
  - Ha Nam: 441
  - Ha Tinh: 441
  - Hai Duong: 441
  - Hau Giang: 441
  - Hoa Binh: 441
  - Hung Yen: 441
  - Khanh Hoa: 441
  - Kien Giang: 441
  - Kon Tum: 441
  - Lai Chau: 441
  - Lam Dong: 441
  - Lang Son: 441
  - Lao Cai: 441
  - Long An: 440
  - Nam Dinh: 440
  - Nghe An: 440
  - Ninh Binh: 440
  - Ninh Thuan: 440
  - Phu Tho: 440
  - Phu Yen: 440
  - Quang Binh: 440
  - Quang Nam: 440
  - Quang Ngai: 440
  - Quang Ninh: 440
  - Quang Tri: 440
  - Soc Trang: 440
  - Son La: 440
  - Tay Ninh: 440
  - Thai Binh: 440
  - Thai Nguyen: 440
  - Thanh Hoa: 440
  - Thua Thien Hue: 440
  - Tien Giang: 440
  - Tra Vinh: 440
  - Tuyen Quang: 440
  - Vinh Long: 440
  - Vinh Phuc: 440
  - Yen Bai: 439
[Bootstrap] Progress:
  - Hanoi: 443
  - Ho Chi Minh: 443
  - Hai Phong: 443
  - Da Nang: 443
  - Can Tho: 442
  - An Giang: 442
  - Ba Ria - Vung Tau: 442
  - Bac Giang: 442
  - Bac Kan: 442
  - Bac Lieu: 442
  - Bac Ninh: 442
  - Ben Tre: 441
  - Binh Dinh: 442
  - Binh Duong: 442
  - Binh Phuoc: 442
  - Binh Thuan: 442
  - Ca Mau: 442
  - Cao Bang: 442
  - Dak Lak: 442
  - Dak Nong: 442
  - Dien Bien: 442
  - Dong Nai: 442
  - Dong Thap: 442
  - Gia Lai: 442
  - Ha Giang: 442
  - Ha Nam: 442
  - Ha Tinh: 442
  - Hai Duong: 442
  - Hau Giang: 442
  - Hoa Binh: 442
  - Hung Yen: 442
  - Khanh Hoa: 442
  - Kien Giang: 442
  - Kon Tum: 442
  - Lai Chau: 442
  - Lam Dong: 442
  - Lang Son: 442
  - Lao Cai: 442
  - Long An: 441
  - Nam Dinh: 441
  - Nghe An: 441
  - Ninh Binh: 441
  - Ninh Thuan: 441
  - Phu Tho: 441
  - Phu Yen: 441
  - Quang Binh: 441
  - Quang Nam: 441
  - Quang Ngai: 441
  - Quang Ninh: 441
  - Quang Tri: 441
  - Soc Trang: 441
  - Son La: 441
  - Tay Ninh: 441
  - Thai Binh: 441
  - Thai Nguyen: 441
  - Thanh Hoa: 441
  - Thua Thien Hue: 441
  - Tien Giang: 441
  - Tra Vinh: 441
  - Tuyen Quang: 441
  - Vinh Long: 441
  - Vinh Phuc: 441
  - Yen Bai: 440
[Bootstrap] Progress:
  - Hanoi: 444
  - Ho Chi Minh: 444
  - Hai Phong: 444
  - Da Nang: 444
  - Can Tho: 443
  - An Giang: 443
  - Ba Ria - Vung Tau: 443
  - Bac Giang: 443
  - Bac Kan: 443
  - Bac Lieu: 443
  - Bac Ninh: 443
  - Ben Tre: 442
  - Binh Dinh: 443
  - Binh Duong: 443
  - Binh Phuoc: 443
  - Binh Thuan: 443
  - Ca Mau: 443
  - Cao Bang: 443
  - Dak Lak: 443
  - Dak Nong: 443
  - Dien Bien: 443
  - Dong Nai: 443
  - Dong Thap: 443
  - Gia Lai: 443
  - Ha Giang: 443
  - Ha Nam: 443
  - Ha Tinh: 443
  - Hai Duong: 443
  - Hau Giang: 443
  - Hoa Binh: 443
  - Hung Yen: 443
  - Khanh Hoa: 443
  - Kien Giang: 443
  - Kon Tum: 443
  - Lai Chau: 443
  - Lam Dong: 443
  - Lang Son: 443
  - Lao Cai: 443
  - Long An: 442
  - Nam Dinh: 442
  - Nghe An: 442
  - Ninh Binh: 442
  - Ninh Thuan: 442
  - Phu Tho: 442
  - Phu Yen: 442
  - Quang Binh: 442
  - Quang Nam: 442
  - Quang Ngai: 442
  - Quang Ninh: 442
  - Quang Tri: 442
  - Soc Trang: 442
  - Son La: 442
  - Tay Ninh: 442
  - Thai Binh: 442
  - Thai Nguyen: 442
  - Thanh Hoa: 442
  - Thua Thien Hue: 442
  - Tien Giang: 442
  - Tra Vinh: 442
  - Tuyen Quang: 442
  - Vinh Long: 442
  - Vinh Phuc: 442
  - Yen Bai: 441
[Bootstrap] Progress:
  - Hanoi: 445
  - Ho Chi Minh: 445
  - Hai Phong: 445
  - Da Nang: 445
  - Can Tho: 444
  - An Giang: 444
  - Ba Ria - Vung Tau: 444
  - Bac Giang: 444
  - Bac Kan: 444
  - Bac Lieu: 444
  - Bac Ninh: 444
  - Ben Tre: 443
  - Binh Dinh: 444
  - Binh Duong: 444
  - Binh Phuoc: 444
  - Binh Thuan: 444
  - Ca Mau: 444
  - Cao Bang: 444
  - Dak Lak: 444
  - Dak Nong: 444
  - Dien Bien: 444
  - Dong Nai: 444
  - Dong Thap: 444
  - Gia Lai: 444
  - Ha Giang: 444
  - Ha Nam: 444
  - Ha Tinh: 444
  - Hai Duong: 444
  - Hau Giang: 444
  - Hoa Binh: 444
  - Hung Yen: 444
  - Khanh Hoa: 444
  - Kien Giang: 444
  - Kon Tum: 444
  - Lai Chau: 444
  - Lam Dong: 444
  - Lang Son: 444
  - Lao Cai: 444
  - Long An: 443
  - Nam Dinh: 443
  - Nghe An: 443
  - Ninh Binh: 443
  - Ninh Thuan: 443
  - Phu Tho: 443
  - Phu Yen: 443
  - Quang Binh: 443
  - Quang Nam: 443
  - Quang Ngai: 443
  - Quang Ninh: 443
  - Quang Tri: 443
  - Soc Trang: 443
  - Son La: 443
  - Tay Ninh: 443
  - Thai Binh: 443
  - Thai Nguyen: 443
  - Thanh Hoa: 443
  - Thua Thien Hue: 443
  - Tien Giang: 443
  - Tra Vinh: 443
  - Tuyen Quang: 443
  - Vinh Long: 443
  - Vinh Phuc: 443
  - Yen Bai: 442
[Bootstrap] Progress:
  - Hanoi: 446
  - Ho Chi Minh: 446
  - Hai Phong: 446
  - Da Nang: 446
  - Can Tho: 445
  - An Giang: 445
  - Ba Ria - Vung Tau: 445
  - Bac Giang: 445
  - Bac Kan: 445
  - Bac Lieu: 445
  - Bac Ninh: 445
  - Ben Tre: 444
  - Binh Dinh: 445
  - Binh Duong: 445
  - Binh Phuoc: 445
  - Binh Thuan: 445
  - Ca Mau: 445
  - Cao Bang: 445
  - Dak Lak: 445
  - Dak Nong: 445
  - Dien Bien: 445
  - Dong Nai: 445
  - Dong Thap: 445
  - Gia Lai: 445
  - Ha Giang: 445
  - Ha Nam: 445
  - Ha Tinh: 445
  - Hai Duong: 445
  - Hau Giang: 445
  - Hoa Binh: 445
  - Hung Yen: 445
  - Khanh Hoa: 445
  - Kien Giang: 445
  - Kon Tum: 445
  - Lai Chau: 445
  - Lam Dong: 445
  - Lang Son: 445
  - Lao Cai: 445
  - Long An: 444
  - Nam Dinh: 444
  - Nghe An: 444
  - Ninh Binh: 444
  - Ninh Thuan: 444
  - Phu Tho: 444
  - Phu Yen: 444
  - Quang Binh: 444
  - Quang Nam: 444
  - Quang Ngai: 444
  - Quang Ninh: 444
  - Quang Tri: 444
  - Soc Trang: 444
  - Son La: 444
  - Tay Ninh: 444
  - Thai Binh: 444
  - Thai Nguyen: 444
  - Thanh Hoa: 444
  - Thua Thien Hue: 444
  - Tien Giang: 444
  - Tra Vinh: 444
  - Tuyen Quang: 444
  - Vinh Long: 444
  - Vinh Phuc: 444
  - Yen Bai: 443
[Bootstrap] Progress:
  - Hanoi: 447
  - Ho Chi Minh: 447
  - Hai Phong: 447
  - Da Nang: 447
  - Can Tho: 446
  - An Giang: 446
  - Ba Ria - Vung Tau: 446
  - Bac Giang: 446
  - Bac Kan: 446
  - Bac Lieu: 446
  - Bac Ninh: 446
  - Ben Tre: 445
  - Binh Dinh: 446
  - Binh Duong: 446
  - Binh Phuoc: 446
  - Binh Thuan: 446
  - Ca Mau: 446
  - Cao Bang: 446
  - Dak Lak: 446
  - Dak Nong: 446
  - Dien Bien: 446
  - Dong Nai: 446
  - Dong Thap: 446
  - Gia Lai: 446
  - Ha Giang: 446
  - Ha Nam: 446
  - Ha Tinh: 446
  - Hai Duong: 446
  - Hau Giang: 446
  - Hoa Binh: 446
  - Hung Yen: 446
  - Khanh Hoa: 446
  - Kien Giang: 446
  - Kon Tum: 446
  - Lai Chau: 446
  - Lam Dong: 446
  - Lang Son: 446
  - Lao Cai: 446
  - Long An: 445
  - Nam Dinh: 445
  - Nghe An: 445
  - Ninh Binh: 445
  - Ninh Thuan: 445
  - Phu Tho: 445
  - Phu Yen: 445
  - Quang Binh: 445
  - Quang Nam: 445
  - Quang Ngai: 445
  - Quang Ninh: 445
  - Quang Tri: 445
  - Soc Trang: 445
  - Son La: 445
  - Tay Ninh: 445
  - Thai Binh: 445
  - Thai Nguyen: 445
  - Thanh Hoa: 445
  - Thua Thien Hue: 445
  - Tien Giang: 445
  - Tra Vinh: 445
  - Tuyen Quang: 445
  - Vinh Long: 445
  - Vinh Phuc: 445
  - Yen Bai: 444
[Bootstrap] Progress:
  - Hanoi: 449
  - Ho Chi Minh: 449
  - Hai Phong: 448
  - Da Nang: 448
  - Can Tho: 447
  - An Giang: 447
  - Ba Ria - Vung Tau: 447
  - Bac Giang: 447
  - Bac Kan: 447
  - Bac Lieu: 447
  - Bac Ninh: 447
  - Ben Tre: 446
  - Binh Dinh: 447
  - Binh Duong: 447
  - Binh Phuoc: 447
  - Binh Thuan: 447
  - Ca Mau: 447
  - Cao Bang: 447
  - Dak Lak: 447
  - Dak Nong: 447
  - Dien Bien: 447
  - Dong Nai: 447
  - Dong Thap: 447
  - Gia Lai: 447
  - Ha Giang: 447
  - Ha Nam: 447
  - Ha Tinh: 447
  - Hai Duong: 447
  - Hau Giang: 447
  - Hoa Binh: 447
  - Hung Yen: 447
  - Khanh Hoa: 447
  - Kien Giang: 447
  - Kon Tum: 447
  - Lai Chau: 447
  - Lam Dong: 447
  - Lang Son: 447
  - Lao Cai: 447
  - Long An: 446
  - Nam Dinh: 446
  - Nghe An: 446
  - Ninh Binh: 446
  - Ninh Thuan: 446
  - Phu Tho: 446
  - Phu Yen: 446
  - Quang Binh: 446
  - Quang Nam: 446
  - Quang Ngai: 446
  - Quang Ninh: 446
  - Quang Tri: 446
  - Soc Trang: 446
  - Son La: 446
  - Tay Ninh: 446
  - Thai Binh: 446
  - Thai Nguyen: 446
  - Thanh Hoa: 446
  - Thua Thien Hue: 446
  - Tien Giang: 446
  - Tra Vinh: 446
  - Tuyen Quang: 446
  - Vinh Long: 446
  - Vinh Phuc: 446
  - Yen Bai: 445
[Bootstrap] Progress:
  - Hanoi: 451
  - Ho Chi Minh: 451
  - Hai Phong: 451
  - Da Nang: 451
  - Can Tho: 450
  - An Giang: 450
  - Ba Ria - Vung Tau: 450
  - Bac Giang: 450
  - Bac Kan: 450
  - Bac Lieu: 450
  - Bac Ninh: 450
  - Ben Tre: 449
  - Binh Dinh: 450
  - Binh Duong: 450
  - Binh Phuoc: 450
  - Binh Thuan: 450
  - Ca Mau: 450
  - Cao Bang: 450
  - Dak Lak: 450
  - Dak Nong: 450
  - Dien Bien: 450
  - Dong Nai: 450
  - Dong Thap: 450
  - Gia Lai: 450
  - Ha Giang: 450
  - Ha Nam: 450
  - Ha Tinh: 450
  - Hai Duong: 450
  - Hau Giang: 450
  - Hoa Binh: 450
  - Hung Yen: 450
  - Khanh Hoa: 450
  - Kien Giang: 450
  - Kon Tum: 450
  - Lai Chau: 450
  - Lam Dong: 450
  - Lang Son: 450
  - Lao Cai: 450
  - Long An: 449
  - Nam Dinh: 449
  - Nghe An: 449
  - Ninh Binh: 449
  - Ninh Thuan: 449
  - Phu Tho: 449
  - Phu Yen: 449
  - Quang Binh: 449
  - Quang Nam: 449
  - Quang Ngai: 449
  - Quang Ninh: 449
  - Quang Tri: 449
  - Soc Trang: 449
  - Son La: 449
  - Tay Ninh: 449
  - Thai Binh: 449
  - Thai Nguyen: 449
  - Thanh Hoa: 449
  - Thua Thien Hue: 449
  - Tien Giang: 449
  - Tra Vinh: 449
  - Tuyen Quang: 449
  - Vinh Long: 449
  - Vinh Phuc: 449
  - Yen Bai: 448
[Bootstrap] Progress:
  - Hanoi: 452
  - Ho Chi Minh: 452
  - Hai Phong: 452
  - Da Nang: 452
  - Can Tho: 451
  - An Giang: 451
  - Ba Ria - Vung Tau: 451
  - Bac Giang: 451
  - Bac Kan: 451
  - Bac Lieu: 451
  - Bac Ninh: 451
  - Ben Tre: 450
  - Binh Dinh: 451
  - Binh Duong: 451
  - Binh Phuoc: 451
  - Binh Thuan: 451
  - Ca Mau: 451
  - Cao Bang: 451
  - Dak Lak: 451
  - Dak Nong: 451
  - Dien Bien: 451
  - Dong Nai: 451
  - Dong Thap: 451
  - Gia Lai: 451
  - Ha Giang: 451
  - Ha Nam: 451
  - Ha Tinh: 451
  - Hai Duong: 451
  - Hau Giang: 451
  - Hoa Binh: 451
  - Hung Yen: 451
  - Khanh Hoa: 451
  - Kien Giang: 451
  - Kon Tum: 451
  - Lai Chau: 451
  - Lam Dong: 451
  - Lang Son: 451
  - Lao Cai: 451
  - Long An: 450
  - Nam Dinh: 450
  - Nghe An: 450
  - Ninh Binh: 450
  - Ninh Thuan: 450
  - Phu Tho: 450
  - Phu Yen: 450
  - Quang Binh: 450
  - Quang Nam: 450
  - Quang Ngai: 450
  - Quang Ninh: 450
  - Quang Tri: 450
  - Soc Trang: 450
  - Son La: 450
  - Tay Ninh: 450
  - Thai Binh: 450
  - Thai Nguyen: 450
  - Thanh Hoa: 450
  - Thua Thien Hue: 450
  - Tien Giang: 450
  - Tra Vinh: 450
  - Tuyen Quang: 450
  - Vinh Long: 450
  - Vinh Phuc: 450
  - Yen Bai: 449
[Bootstrap] Progress:
  - Hanoi: 453
  - Ho Chi Minh: 453
  - Hai Phong: 453
  - Da Nang: 453
  - Can Tho: 452
  - An Giang: 452
  - Ba Ria - Vung Tau: 452
  - Bac Giang: 452
  - Bac Kan: 452
  - Bac Lieu: 452
  - Bac Ninh: 452
  - Ben Tre: 451
  - Binh Dinh: 452
  - Binh Duong: 452
  - Binh Phuoc: 452
  - Binh Thuan: 452
  - Ca Mau: 452
  - Cao Bang: 452
  - Dak Lak: 452
  - Dak Nong: 452
  - Dien Bien: 452
  - Dong Nai: 452
  - Dong Thap: 452
  - Gia Lai: 452
  - Ha Giang: 452
  - Ha Nam: 452
  - Ha Tinh: 452
  - Hai Duong: 452
  - Hau Giang: 452
  - Hoa Binh: 452
  - Hung Yen: 452
  - Khanh Hoa: 452
  - Kien Giang: 452
  - Kon Tum: 452
  - Lai Chau: 452
  - Lam Dong: 452
  - Lang Son: 452
  - Lao Cai: 452
  - Long An: 451
  - Nam Dinh: 451
  - Nghe An: 451
  - Ninh Binh: 451
  - Ninh Thuan: 451
  - Phu Tho: 451
  - Phu Yen: 451
  - Quang Binh: 451
  - Quang Nam: 451
  - Quang Ngai: 451
  - Quang Ninh: 451
  - Quang Tri: 451
  - Soc Trang: 451
  - Son La: 451
  - Tay Ninh: 451
  - Thai Binh: 451
  - Thai Nguyen: 451
  - Thanh Hoa: 451
  - Thua Thien Hue: 451
  - Tien Giang: 451
  - Tra Vinh: 451
  - Tuyen Quang: 451
  - Vinh Long: 451
  - Vinh Phuc: 451
  - Yen Bai: 450
[Bootstrap] Progress:
  - Hanoi: 454
  - Ho Chi Minh: 454
  - Hai Phong: 454
  - Da Nang: 454
  - Can Tho: 453
  - An Giang: 453
  - Ba Ria - Vung Tau: 453
  - Bac Giang: 453
  - Bac Kan: 453
  - Bac Lieu: 453
  - Bac Ninh: 453
  - Ben Tre: 452
  - Binh Dinh: 453
  - Binh Duong: 453
  - Binh Phuoc: 453
  - Binh Thuan: 453
  - Ca Mau: 453
  - Cao Bang: 453
  - Dak Lak: 453
  - Dak Nong: 453
  - Dien Bien: 453
  - Dong Nai: 453
  - Dong Thap: 453
  - Gia Lai: 453
  - Ha Giang: 453
  - Ha Nam: 453
  - Ha Tinh: 453
  - Hai Duong: 453
  - Hau Giang: 453
  - Hoa Binh: 453
  - Hung Yen: 453
  - Khanh Hoa: 453
  - Kien Giang: 453
  - Kon Tum: 453
  - Lai Chau: 453
  - Lam Dong: 453
  - Lang Son: 453
  - Lao Cai: 453
  - Long An: 452
  - Nam Dinh: 452
  - Nghe An: 452
  - Ninh Binh: 452
  - Ninh Thuan: 452
  - Phu Tho: 452
  - Phu Yen: 452
  - Quang Binh: 452
  - Quang Nam: 452
  - Quang Ngai: 452
  - Quang Ninh: 452
  - Quang Tri: 452
  - Soc Trang: 452
  - Son La: 452
  - Tay Ninh: 452
  - Thai Binh: 452
  - Thai Nguyen: 452
  - Thanh Hoa: 452
  - Thua Thien Hue: 452
  - Tien Giang: 452
  - Tra Vinh: 452
  - Tuyen Quang: 452
  - Vinh Long: 452
  - Vinh Phuc: 452
  - Yen Bai: 451
[Bootstrap] Progress:
  - Hanoi: 455
  - Ho Chi Minh: 455
  - Hai Phong: 455
  - Da Nang: 455
  - Can Tho: 454
  - An Giang: 454
  - Ba Ria - Vung Tau: 454
  - Bac Giang: 454
  - Bac Kan: 454
  - Bac Lieu: 454
  - Bac Ninh: 454
  - Ben Tre: 453
  - Binh Dinh: 454
  - Binh Duong: 454
  - Binh Phuoc: 454
  - Binh Thuan: 454
  - Ca Mau: 454
  - Cao Bang: 454
  - Dak Lak: 454
  - Dak Nong: 454
  - Dien Bien: 454
  - Dong Nai: 454
  - Dong Thap: 454
  - Gia Lai: 454
  - Ha Giang: 454
  - Ha Nam: 454
  - Ha Tinh: 454
  - Hai Duong: 454
  - Hau Giang: 454
  - Hoa Binh: 454
  - Hung Yen: 454
  - Khanh Hoa: 454
  - Kien Giang: 454
  - Kon Tum: 454
  - Lai Chau: 454
  - Lam Dong: 454
  - Lang Son: 454
  - Lao Cai: 454
  - Long An: 453
  - Nam Dinh: 453
  - Nghe An: 453
  - Ninh Binh: 453
  - Ninh Thuan: 453
  - Phu Tho: 453
  - Phu Yen: 453
  - Quang Binh: 453
  - Quang Nam: 453
  - Quang Ngai: 453
  - Quang Ninh: 453
  - Quang Tri: 453
  - Soc Trang: 453
  - Son La: 453
  - Tay Ninh: 453
  - Thai Binh: 453
  - Thai Nguyen: 453
  - Thanh Hoa: 453
  - Thua Thien Hue: 453
  - Tien Giang: 453
  - Tra Vinh: 453
  - Tuyen Quang: 453
  - Vinh Long: 453
  - Vinh Phuc: 453
  - Yen Bai: 452
[Bootstrap] Progress:
  - Hanoi: 456
  - Ho Chi Minh: 456
  - Hai Phong: 456
  - Da Nang: 456
  - Can Tho: 455
  - An Giang: 455
  - Ba Ria - Vung Tau: 455
  - Bac Giang: 455
  - Bac Kan: 455
  - Bac Lieu: 455
  - Bac Ninh: 455
  - Ben Tre: 454
  - Binh Dinh: 455
  - Binh Duong: 455
  - Binh Phuoc: 455
  - Binh Thuan: 455
  - Ca Mau: 455
  - Cao Bang: 455
  - Dak Lak: 455
  - Dak Nong: 455
  - Dien Bien: 455
  - Dong Nai: 455
  - Dong Thap: 455
  - Gia Lai: 455
  - Ha Giang: 455
  - Ha Nam: 455
  - Ha Tinh: 455
  - Hai Duong: 455
  - Hau Giang: 455
  - Hoa Binh: 455
  - Hung Yen: 455
  - Khanh Hoa: 455
  - Kien Giang: 455
  - Kon Tum: 455
  - Lai Chau: 455
  - Lam Dong: 455
  - Lang Son: 455
  - Lao Cai: 455
  - Long An: 454
  - Nam Dinh: 454
  - Nghe An: 454
  - Ninh Binh: 454
  - Ninh Thuan: 454
  - Phu Tho: 454
  - Phu Yen: 454
  - Quang Binh: 454
  - Quang Nam: 454
  - Quang Ngai: 454
  - Quang Ninh: 454
  - Quang Tri: 454
  - Soc Trang: 454
  - Son La: 454
  - Tay Ninh: 454
  - Thai Binh: 454
  - Thai Nguyen: 454
  - Thanh Hoa: 454
  - Thua Thien Hue: 454
  - Tien Giang: 454
  - Tra Vinh: 454
  - Tuyen Quang: 454
  - Vinh Long: 454
  - Vinh Phuc: 454
  - Yen Bai: 453
[Bootstrap] Progress:
  - Hanoi: 457
  - Ho Chi Minh: 457
  - Hai Phong: 457
  - Da Nang: 457
  - Can Tho: 456
  - An Giang: 456
  - Ba Ria - Vung Tau: 456
  - Bac Giang: 456
  - Bac Kan: 456
  - Bac Lieu: 456
  - Bac Ninh: 456
  - Ben Tre: 455
  - Binh Dinh: 456
  - Binh Duong: 456
  - Binh Phuoc: 456
  - Binh Thuan: 456
  - Ca Mau: 456
  - Cao Bang: 456
  - Dak Lak: 456
  - Dak Nong: 456
  - Dien Bien: 456
  - Dong Nai: 456
  - Dong Thap: 456
  - Gia Lai: 456
  - Ha Giang: 456
  - Ha Nam: 456
  - Ha Tinh: 456
  - Hai Duong: 456
  - Hau Giang: 456
  - Hoa Binh: 456
  - Hung Yen: 456
  - Khanh Hoa: 456
  - Kien Giang: 456
  - Kon Tum: 456
  - Lai Chau: 456
  - Lam Dong: 456
  - Lang Son: 456
  - Lao Cai: 456
  - Long An: 455
  - Nam Dinh: 455
  - Nghe An: 455
  - Ninh Binh: 455
  - Ninh Thuan: 455
  - Phu Tho: 455
  - Phu Yen: 455
  - Quang Binh: 455
  - Quang Nam: 455
  - Quang Ngai: 455
  - Quang Ninh: 455
  - Quang Tri: 455
  - Soc Trang: 455
  - Son La: 455
  - Tay Ninh: 455
  - Thai Binh: 455
  - Thai Nguyen: 455
  - Thanh Hoa: 455
  - Thua Thien Hue: 455
  - Tien Giang: 455
  - Tra Vinh: 455
  - Tuyen Quang: 455
  - Vinh Long: 455
  - Vinh Phuc: 455
  - Yen Bai: 454
[Bootstrap] Progress:
  - Hanoi: 458
  - Ho Chi Minh: 458
  - Hai Phong: 458
  - Da Nang: 458
  - Can Tho: 457
  - An Giang: 457
  - Ba Ria - Vung Tau: 457
  - Bac Giang: 457
  - Bac Kan: 457
  - Bac Lieu: 457
  - Bac Ninh: 457
  - Ben Tre: 456
  - Binh Dinh: 457
  - Binh Duong: 457
  - Binh Phuoc: 457
  - Binh Thuan: 457
  - Ca Mau: 457
  - Cao Bang: 457
  - Dak Lak: 457
  - Dak Nong: 457
  - Dien Bien: 457
  - Dong Nai: 457
  - Dong Thap: 457
  - Gia Lai: 457
  - Ha Giang: 457
  - Ha Nam: 457
  - Ha Tinh: 457
  - Hai Duong: 457
  - Hau Giang: 457
  - Hoa Binh: 457
  - Hung Yen: 457
  - Khanh Hoa: 457
  - Kien Giang: 457
  - Kon Tum: 457
  - Lai Chau: 457
  - Lam Dong: 457
  - Lang Son: 457
  - Lao Cai: 457
  - Long An: 456
  - Nam Dinh: 456
  - Nghe An: 456
  - Ninh Binh: 456
  - Ninh Thuan: 456
  - Phu Tho: 456
  - Phu Yen: 456
  - Quang Binh: 456
  - Quang Nam: 456
  - Quang Ngai: 456
  - Quang Ninh: 456
  - Quang Tri: 456
  - Soc Trang: 456
  - Son La: 456
  - Tay Ninh: 456
  - Thai Binh: 456
  - Thai Nguyen: 456
  - Thanh Hoa: 456
  - Thua Thien Hue: 456
  - Tien Giang: 456
  - Tra Vinh: 456
  - Tuyen Quang: 456
  - Vinh Long: 456
  - Vinh Phuc: 456
  - Yen Bai: 455
[Bootstrap] Progress:
  - Hanoi: 459
  - Ho Chi Minh: 459
  - Hai Phong: 459
  - Da Nang: 459
  - Can Tho: 458
  - An Giang: 458
  - Ba Ria - Vung Tau: 458
  - Bac Giang: 458
  - Bac Kan: 458
  - Bac Lieu: 458
  - Bac Ninh: 458
  - Ben Tre: 457
  - Binh Dinh: 458
  - Binh Duong: 458
  - Binh Phuoc: 458
  - Binh Thuan: 458
  - Ca Mau: 458
  - Cao Bang: 458
  - Dak Lak: 458
  - Dak Nong: 458
  - Dien Bien: 458
  - Dong Nai: 458
  - Dong Thap: 458
  - Gia Lai: 458
  - Ha Giang: 458
  - Ha Nam: 458
  - Ha Tinh: 458
  - Hai Duong: 458
  - Hau Giang: 458
  - Hoa Binh: 458
  - Hung Yen: 458
  - Khanh Hoa: 458
  - Kien Giang: 458
  - Kon Tum: 458
  - Lai Chau: 458
  - Lam Dong: 458
  - Lang Son: 458
  - Lao Cai: 458
  - Long An: 457
  - Nam Dinh: 457
  - Nghe An: 457
  - Ninh Binh: 457
  - Ninh Thuan: 457
  - Phu Tho: 457
  - Phu Yen: 457
  - Quang Binh: 457
  - Quang Nam: 457
  - Quang Ngai: 457
  - Quang Ninh: 457
  - Quang Tri: 457
  - Soc Trang: 457
  - Son La: 457
  - Tay Ninh: 457
  - Thai Binh: 457
  - Thai Nguyen: 457
  - Thanh Hoa: 457
  - Thua Thien Hue: 457
  - Tien Giang: 457
  - Tra Vinh: 457
  - Tuyen Quang: 457
  - Vinh Long: 457
  - Vinh Phuc: 457
  - Yen Bai: 456
[Bootstrap] Progress:
  - Hanoi: 460
  - Ho Chi Minh: 460
  - Hai Phong: 460
  - Da Nang: 460
  - Can Tho: 459
  - An Giang: 459
  - Ba Ria - Vung Tau: 459
  - Bac Giang: 459
  - Bac Kan: 459
  - Bac Lieu: 459
  - Bac Ninh: 459
  - Ben Tre: 458
  - Binh Dinh: 459
  - Binh Duong: 459
  - Binh Phuoc: 459
  - Binh Thuan: 459
  - Ca Mau: 459
  - Cao Bang: 459
  - Dak Lak: 459
  - Dak Nong: 459
  - Dien Bien: 459
  - Dong Nai: 459
  - Dong Thap: 459
  - Gia Lai: 459
  - Ha Giang: 459
  - Ha Nam: 459
  - Ha Tinh: 459
  - Hai Duong: 459
  - Hau Giang: 459
  - Hoa Binh: 459
  - Hung Yen: 459
  - Khanh Hoa: 459
  - Kien Giang: 459
  - Kon Tum: 459
  - Lai Chau: 459
  - Lam Dong: 459
  - Lang Son: 459
  - Lao Cai: 459
  - Long An: 458
  - Nam Dinh: 458
  - Nghe An: 458
  - Ninh Binh: 458
  - Ninh Thuan: 458
  - Phu Tho: 458
  - Phu Yen: 458
  - Quang Binh: 458
  - Quang Nam: 458
  - Quang Ngai: 458
  - Quang Ninh: 458
  - Quang Tri: 458
  - Soc Trang: 458
  - Son La: 458
  - Tay Ninh: 458
  - Thai Binh: 458
  - Thai Nguyen: 458
  - Thanh Hoa: 458
  - Thua Thien Hue: 458
  - Tien Giang: 458
  - Tra Vinh: 458
  - Tuyen Quang: 458
  - Vinh Long: 458
  - Vinh Phuc: 458
  - Yen Bai: 457
[Bootstrap] Progress:
  - Hanoi: 461
  - Ho Chi Minh: 461
  - Hai Phong: 461
  - Da Nang: 461
  - Can Tho: 460
  - An Giang: 460
  - Ba Ria - Vung Tau: 460
  - Bac Giang: 460
  - Bac Kan: 460
  - Bac Lieu: 460
  - Bac Ninh: 460
  - Ben Tre: 459
  - Binh Dinh: 460
  - Binh Duong: 460
  - Binh Phuoc: 460
  - Binh Thuan: 460
  - Ca Mau: 460
  - Cao Bang: 460
  - Dak Lak: 460
  - Dak Nong: 460
  - Dien Bien: 460
  - Dong Nai: 460
  - Dong Thap: 460
  - Gia Lai: 460
  - Ha Giang: 460
  - Ha Nam: 460
  - Ha Tinh: 460
  - Hai Duong: 460
  - Hau Giang: 460
  - Hoa Binh: 460
  - Hung Yen: 460
  - Khanh Hoa: 460
  - Kien Giang: 460
  - Kon Tum: 460
  - Lai Chau: 460
  - Lam Dong: 460
  - Lang Son: 460
  - Lao Cai: 460
  - Long An: 459
  - Nam Dinh: 459
  - Nghe An: 459
  - Ninh Binh: 459
  - Ninh Thuan: 459
  - Phu Tho: 459
  - Phu Yen: 459
  - Quang Binh: 459
  - Quang Nam: 459
  - Quang Ngai: 459
  - Quang Ninh: 459
  - Quang Tri: 459
  - Soc Trang: 459
  - Son La: 459
  - Tay Ninh: 459
  - Thai Binh: 459
  - Thai Nguyen: 459
  - Thanh Hoa: 459
  - Thua Thien Hue: 459
  - Tien Giang: 459
  - Tra Vinh: 459
  - Tuyen Quang: 459
  - Vinh Long: 459
  - Vinh Phuc: 459
  - Yen Bai: 458
[Bootstrap] Progress:
  - Hanoi: 464
  - Ho Chi Minh: 463
  - Hai Phong: 463
  - Da Nang: 463
  - Can Tho: 462
  - An Giang: 462
  - Ba Ria - Vung Tau: 462
  - Bac Giang: 462
  - Bac Kan: 462
  - Bac Lieu: 462
  - Bac Ninh: 462
  - Ben Tre: 461
  - Binh Dinh: 462
  - Binh Duong: 462
  - Binh Phuoc: 462
  - Binh Thuan: 462
  - Ca Mau: 461
  - Cao Bang: 461
  - Dak Lak: 461
  - Dak Nong: 461
  - Dien Bien: 461
  - Dong Nai: 461
  - Dong Thap: 461
  - Gia Lai: 461
  - Ha Giang: 461
  - Ha Nam: 461
  - Ha Tinh: 461
  - Hai Duong: 461
  - Hau Giang: 461
  - Hoa Binh: 461
  - Hung Yen: 461
  - Khanh Hoa: 461
  - Kien Giang: 461
  - Kon Tum: 461
  - Lai Chau: 461
  - Lam Dong: 461
  - Lang Son: 461
  - Lao Cai: 461
  - Long An: 460
  - Nam Dinh: 460
  - Nghe An: 460
  - Ninh Binh: 460
  - Ninh Thuan: 460
  - Phu Tho: 460
  - Phu Yen: 460
  - Quang Binh: 460
  - Quang Nam: 460
  - Quang Ngai: 460
  - Quang Ninh: 460
  - Quang Tri: 460
  - Soc Trang: 460
  - Son La: 460
  - Tay Ninh: 460
  - Thai Binh: 460
  - Thai Nguyen: 460
  - Thanh Hoa: 460
  - Thua Thien Hue: 460
  - Tien Giang: 460
  - Tra Vinh: 460
  - Tuyen Quang: 460
  - Vinh Long: 460
  - Vinh Phuc: 460
  - Yen Bai: 459
[Bootstrap] Progress:
  - Hanoi: 465
  - Ho Chi Minh: 465
  - Hai Phong: 465
  - Da Nang: 465
  - Can Tho: 464
  - An Giang: 464
  - Ba Ria - Vung Tau: 464
  - Bac Giang: 464
  - Bac Kan: 464
  - Bac Lieu: 464
  - Bac Ninh: 464
  - Ben Tre: 463
  - Binh Dinh: 464
  - Binh Duong: 464
  - Binh Phuoc: 464
  - Binh Thuan: 464
  - Ca Mau: 464
  - Cao Bang: 464
  - Dak Lak: 464
  - Dak Nong: 464
  - Dien Bien: 464
  - Dong Nai: 464
  - Dong Thap: 464
  - Gia Lai: 464
  - Ha Giang: 464
  - Ha Nam: 464
  - Ha Tinh: 464
  - Hai Duong: 464
  - Hau Giang: 464
  - Hoa Binh: 464
  - Hung Yen: 464
  - Khanh Hoa: 464
  - Kien Giang: 464
  - Kon Tum: 464
  - Lai Chau: 464
  - Lam Dong: 464
  - Lang Son: 464
  - Lao Cai: 464
  - Long An: 463
  - Nam Dinh: 463
  - Nghe An: 463
  - Ninh Binh: 463
  - Ninh Thuan: 463
  - Phu Tho: 463
  - Phu Yen: 463
  - Quang Binh: 463
  - Quang Nam: 463
  - Quang Ngai: 463
  - Quang Ninh: 463
  - Quang Tri: 463
  - Soc Trang: 463
  - Son La: 463
  - Tay Ninh: 463
  - Thai Binh: 463
  - Thai Nguyen: 463
  - Thanh Hoa: 463
  - Thua Thien Hue: 463
  - Tien Giang: 463
  - Tra Vinh: 463
  - Tuyen Quang: 463
  - Vinh Long: 463
  - Vinh Phuc: 463
  - Yen Bai: 462
[Bootstrap] Progress:
  - Hanoi: 466
  - Ho Chi Minh: 466
  - Hai Phong: 466
  - Da Nang: 466
  - Can Tho: 465
  - An Giang: 465
  - Ba Ria - Vung Tau: 465
  - Bac Giang: 465
  - Bac Kan: 465
  - Bac Lieu: 465
  - Bac Ninh: 465
  - Ben Tre: 464
  - Binh Dinh: 465
  - Binh Duong: 465
  - Binh Phuoc: 465
  - Binh Thuan: 465
  - Ca Mau: 465
  - Cao Bang: 465
  - Dak Lak: 465
  - Dak Nong: 465
  - Dien Bien: 465
  - Dong Nai: 465
  - Dong Thap: 465
  - Gia Lai: 465
  - Ha Giang: 465
  - Ha Nam: 465
  - Ha Tinh: 465
  - Hai Duong: 465
  - Hau Giang: 465
  - Hoa Binh: 465
  - Hung Yen: 465
  - Khanh Hoa: 465
  - Kien Giang: 465
  - Kon Tum: 465
  - Lai Chau: 465
  - Lam Dong: 465
  - Lang Son: 465
  - Lao Cai: 465
  - Long An: 464
  - Nam Dinh: 464
  - Nghe An: 464
  - Ninh Binh: 464
  - Ninh Thuan: 464
  - Phu Tho: 464
  - Phu Yen: 464
  - Quang Binh: 464
  - Quang Nam: 464
  - Quang Ngai: 464
  - Quang Ninh: 464
  - Quang Tri: 464
  - Soc Trang: 464
  - Son La: 464
  - Tay Ninh: 464
  - Thai Binh: 464
  - Thai Nguyen: 464
  - Thanh Hoa: 464
  - Thua Thien Hue: 464
  - Tien Giang: 464
  - Tra Vinh: 464
  - Tuyen Quang: 464
  - Vinh Long: 464
  - Vinh Phuc: 464
  - Yen Bai: 463
[Bootstrap] Progress:
  - Hanoi: 467
  - Ho Chi Minh: 467
  - Hai Phong: 467
  - Da Nang: 467
  - Can Tho: 466
  - An Giang: 466
  - Ba Ria - Vung Tau: 466
  - Bac Giang: 466
  - Bac Kan: 466
  - Bac Lieu: 466
  - Bac Ninh: 466
  - Ben Tre: 465
  - Binh Dinh: 466
  - Binh Duong: 466
  - Binh Phuoc: 466
  - Binh Thuan: 466
  - Ca Mau: 466
  - Cao Bang: 466
  - Dak Lak: 466
  - Dak Nong: 466
  - Dien Bien: 466
  - Dong Nai: 466
  - Dong Thap: 466
  - Gia Lai: 466
  - Ha Giang: 466
  - Ha Nam: 466
  - Ha Tinh: 466
  - Hai Duong: 466
  - Hau Giang: 466
  - Hoa Binh: 466
  - Hung Yen: 466
  - Khanh Hoa: 466
  - Kien Giang: 466
  - Kon Tum: 466
  - Lai Chau: 466
  - Lam Dong: 466
  - Lang Son: 466
  - Lao Cai: 466
  - Long An: 465
  - Nam Dinh: 465
  - Nghe An: 465
  - Ninh Binh: 465
  - Ninh Thuan: 465
  - Phu Tho: 465
  - Phu Yen: 465
  - Quang Binh: 465
  - Quang Nam: 465
  - Quang Ngai: 465
  - Quang Ninh: 465
  - Quang Tri: 465
  - Soc Trang: 465
  - Son La: 465
  - Tay Ninh: 465
  - Thai Binh: 465
  - Thai Nguyen: 465
  - Thanh Hoa: 465
  - Thua Thien Hue: 465
  - Tien Giang: 465
  - Tra Vinh: 465
  - Tuyen Quang: 465
  - Vinh Long: 465
  - Vinh Phuc: 465
  - Yen Bai: 464
[Bootstrap] Progress:
  - Hanoi: 468
  - Ho Chi Minh: 468
  - Hai Phong: 468
  - Da Nang: 468
  - Can Tho: 467
  - An Giang: 467
  - Ba Ria - Vung Tau: 467
  - Bac Giang: 467
  - Bac Kan: 467
  - Bac Lieu: 467
  - Bac Ninh: 467
  - Ben Tre: 466
  - Binh Dinh: 467
  - Binh Duong: 467
  - Binh Phuoc: 467
  - Binh Thuan: 467
  - Ca Mau: 467
  - Cao Bang: 467
  - Dak Lak: 467
  - Dak Nong: 467
  - Dien Bien: 467
  - Dong Nai: 467
  - Dong Thap: 467
  - Gia Lai: 467
  - Ha Giang: 467
  - Ha Nam: 467
  - Ha Tinh: 467
  - Hai Duong: 467
  - Hau Giang: 467
  - Hoa Binh: 467
  - Hung Yen: 467
  - Khanh Hoa: 467
  - Kien Giang: 467
  - Kon Tum: 467
  - Lai Chau: 467
  - Lam Dong: 467
  - Lang Son: 467
  - Lao Cai: 467
  - Long An: 466
  - Nam Dinh: 466
  - Nghe An: 466
  - Ninh Binh: 466
  - Ninh Thuan: 466
  - Phu Tho: 466
  - Phu Yen: 466
  - Quang Binh: 466
  - Quang Nam: 466
  - Quang Ngai: 466
  - Quang Ninh: 466
  - Quang Tri: 466
  - Soc Trang: 466
  - Son La: 466
  - Tay Ninh: 466
  - Thai Binh: 466
  - Thai Nguyen: 466
  - Thanh Hoa: 466
  - Thua Thien Hue: 466
  - Tien Giang: 466
  - Tra Vinh: 466
  - Tuyen Quang: 466
  - Vinh Long: 466
  - Vinh Phuc: 466
  - Yen Bai: 465
[Bootstrap] Progress:
  - Hanoi: 469
  - Ho Chi Minh: 469
  - Hai Phong: 469
  - Da Nang: 469
  - Can Tho: 468
  - An Giang: 468
  - Ba Ria - Vung Tau: 468
  - Bac Giang: 468
  - Bac Kan: 468
  - Bac Lieu: 468
  - Bac Ninh: 468
  - Ben Tre: 467
  - Binh Dinh: 468
  - Binh Duong: 468
  - Binh Phuoc: 468
  - Binh Thuan: 468
  - Ca Mau: 468
  - Cao Bang: 468
  - Dak Lak: 468
  - Dak Nong: 468
  - Dien Bien: 468
  - Dong Nai: 468
  - Dong Thap: 468
  - Gia Lai: 468
  - Ha Giang: 468
  - Ha Nam: 468
  - Ha Tinh: 468
  - Hai Duong: 468
  - Hau Giang: 468
  - Hoa Binh: 468
  - Hung Yen: 468
  - Khanh Hoa: 468
  - Kien Giang: 468
  - Kon Tum: 468
  - Lai Chau: 468
  - Lam Dong: 468
  - Lang Son: 468
  - Lao Cai: 468
  - Long An: 467
  - Nam Dinh: 467
  - Nghe An: 467
  - Ninh Binh: 467
  - Ninh Thuan: 467
  - Phu Tho: 467
  - Phu Yen: 467
  - Quang Binh: 467
  - Quang Nam: 467
  - Quang Ngai: 467
  - Quang Ninh: 467
  - Quang Tri: 467
  - Soc Trang: 467
  - Son La: 467
  - Tay Ninh: 467
  - Thai Binh: 467
  - Thai Nguyen: 467
  - Thanh Hoa: 467
  - Thua Thien Hue: 467
  - Tien Giang: 467
  - Tra Vinh: 467
  - Tuyen Quang: 467
  - Vinh Long: 467
  - Vinh Phuc: 467
  - Yen Bai: 466
[Bootstrap] Progress:
  - Hanoi: 470
  - Ho Chi Minh: 470
  - Hai Phong: 470
  - Da Nang: 470
  - Can Tho: 469
  - An Giang: 469
  - Ba Ria - Vung Tau: 469
  - Bac Giang: 469
  - Bac Kan: 469
  - Bac Lieu: 469
  - Bac Ninh: 469
  - Ben Tre: 468
  - Binh Dinh: 469
  - Binh Duong: 469
  - Binh Phuoc: 469
  - Binh Thuan: 469
  - Ca Mau: 469
  - Cao Bang: 469
  - Dak Lak: 469
  - Dak Nong: 469
  - Dien Bien: 469
  - Dong Nai: 469
  - Dong Thap: 469
  - Gia Lai: 469
  - Ha Giang: 469
  - Ha Nam: 469
  - Ha Tinh: 469
  - Hai Duong: 469
  - Hau Giang: 469
  - Hoa Binh: 469
  - Hung Yen: 469
  - Khanh Hoa: 469
  - Kien Giang: 469
  - Kon Tum: 469
  - Lai Chau: 469
  - Lam Dong: 469
  - Lang Son: 469
  - Lao Cai: 469
  - Long An: 468
  - Nam Dinh: 468
  - Nghe An: 468
  - Ninh Binh: 468
  - Ninh Thuan: 468
  - Phu Tho: 468
  - Phu Yen: 468
  - Quang Binh: 468
  - Quang Nam: 468
  - Quang Ngai: 468
  - Quang Ninh: 468
  - Quang Tri: 468
  - Soc Trang: 468
  - Son La: 468
  - Tay Ninh: 468
  - Thai Binh: 468
  - Thai Nguyen: 468
  - Thanh Hoa: 468
  - Thua Thien Hue: 468
  - Tien Giang: 468
  - Tra Vinh: 468
  - Tuyen Quang: 468
  - Vinh Long: 468
  - Vinh Phuc: 468
  - Yen Bai: 467
[Bootstrap] Progress:
  - Hanoi: 471
  - Ho Chi Minh: 471
  - Hai Phong: 471
  - Da Nang: 471
  - Can Tho: 470
  - An Giang: 470
  - Ba Ria - Vung Tau: 470
  - Bac Giang: 470
  - Bac Kan: 470
  - Bac Lieu: 470
  - Bac Ninh: 470
  - Ben Tre: 469
  - Binh Dinh: 470
  - Binh Duong: 470
  - Binh Phuoc: 470
  - Binh Thuan: 470
  - Ca Mau: 470
  - Cao Bang: 470
  - Dak Lak: 470
  - Dak Nong: 470
  - Dien Bien: 470
  - Dong Nai: 470
  - Dong Thap: 470
  - Gia Lai: 470
  - Ha Giang: 470
  - Ha Nam: 470
  - Ha Tinh: 470
  - Hai Duong: 470
  - Hau Giang: 470
  - Hoa Binh: 470
  - Hung Yen: 470
  - Khanh Hoa: 470
  - Kien Giang: 470
  - Kon Tum: 470
  - Lai Chau: 470
  - Lam Dong: 470
  - Lang Son: 470
  - Lao Cai: 470
  - Long An: 469
  - Nam Dinh: 469
  - Nghe An: 469
  - Ninh Binh: 469
  - Ninh Thuan: 469
  - Phu Tho: 469
  - Phu Yen: 469
  - Quang Binh: 469
  - Quang Nam: 469
  - Quang Ngai: 469
  - Quang Ninh: 469
  - Quang Tri: 469
  - Soc Trang: 469
  - Son La: 469
  - Tay Ninh: 469
  - Thai Binh: 469
  - Thai Nguyen: 469
  - Thanh Hoa: 469
  - Thua Thien Hue: 469
  - Tien Giang: 469
  - Tra Vinh: 469
  - Tuyen Quang: 469
  - Vinh Long: 469
  - Vinh Phuc: 469
  - Yen Bai: 468
[Bootstrap] Progress:
  - Hanoi: 472
  - Ho Chi Minh: 472
  - Hai Phong: 472
  - Da Nang: 472
  - Can Tho: 471
  - An Giang: 471
  - Ba Ria - Vung Tau: 471
  - Bac Giang: 471
  - Bac Kan: 471
  - Bac Lieu: 471
  - Bac Ninh: 471
  - Ben Tre: 470
  - Binh Dinh: 471
  - Binh Duong: 471
  - Binh Phuoc: 471
  - Binh Thuan: 471
  - Ca Mau: 471
  - Cao Bang: 471
  - Dak Lak: 471
  - Dak Nong: 471
  - Dien Bien: 471
  - Dong Nai: 471
  - Dong Thap: 471
  - Gia Lai: 471
  - Ha Giang: 471
  - Ha Nam: 471
  - Ha Tinh: 471
  - Hai Duong: 471
  - Hau Giang: 471
  - Hoa Binh: 471
  - Hung Yen: 471
  - Khanh Hoa: 471
  - Kien Giang: 471
  - Kon Tum: 471
  - Lai Chau: 471
  - Lam Dong: 471
  - Lang Son: 471
  - Lao Cai: 471
  - Long An: 470
  - Nam Dinh: 470
  - Nghe An: 470
  - Ninh Binh: 470
  - Ninh Thuan: 470
  - Phu Tho: 470
  - Phu Yen: 470
  - Quang Binh: 470
  - Quang Nam: 470
  - Quang Ngai: 470
  - Quang Ninh: 470
  - Quang Tri: 470
  - Soc Trang: 470
  - Son La: 470
  - Tay Ninh: 470
  - Thai Binh: 470
  - Thai Nguyen: 470
  - Thanh Hoa: 470
  - Thua Thien Hue: 470
  - Tien Giang: 470
  - Tra Vinh: 470
  - Tuyen Quang: 470
  - Vinh Long: 470
  - Vinh Phuc: 470
  - Yen Bai: 469
[Bootstrap] Progress:
  - Hanoi: 473
  - Ho Chi Minh: 473
  - Hai Phong: 473
  - Da Nang: 473
  - Can Tho: 472
  - An Giang: 472
  - Ba Ria - Vung Tau: 472
  - Bac Giang: 472
  - Bac Kan: 472
  - Bac Lieu: 472
  - Bac Ninh: 472
  - Ben Tre: 471
  - Binh Dinh: 472
  - Binh Duong: 472
  - Binh Phuoc: 472
  - Binh Thuan: 472
  - Ca Mau: 472
  - Cao Bang: 472
  - Dak Lak: 472
  - Dak Nong: 472
  - Dien Bien: 472
  - Dong Nai: 472
  - Dong Thap: 472
  - Gia Lai: 472
  - Ha Giang: 472
  - Ha Nam: 472
  - Ha Tinh: 472
  - Hai Duong: 472
  - Hau Giang: 472
  - Hoa Binh: 472
  - Hung Yen: 472
  - Khanh Hoa: 472
  - Kien Giang: 472
  - Kon Tum: 472
  - Lai Chau: 472
  - Lam Dong: 472
  - Lang Son: 472
  - Lao Cai: 472
  - Long An: 471
  - Nam Dinh: 471
  - Nghe An: 471
  - Ninh Binh: 471
  - Ninh Thuan: 471
  - Phu Tho: 471
  - Phu Yen: 471
  - Quang Binh: 471
  - Quang Nam: 471
  - Quang Ngai: 471
  - Quang Ninh: 471
  - Quang Tri: 471
  - Soc Trang: 471
  - Son La: 471
  - Tay Ninh: 471
  - Thai Binh: 471
  - Thai Nguyen: 471
  - Thanh Hoa: 471
  - Thua Thien Hue: 471
  - Tien Giang: 471
  - Tra Vinh: 471
  - Tuyen Quang: 471
  - Vinh Long: 471
  - Vinh Phuc: 471
  - Yen Bai: 470
[Bootstrap] Progress:
  - Hanoi: 474
  - Ho Chi Minh: 474
  - Hai Phong: 474
  - Da Nang: 474
  - Can Tho: 473
  - An Giang: 473
  - Ba Ria - Vung Tau: 473
  - Bac Giang: 473
  - Bac Kan: 473
  - Bac Lieu: 473
  - Bac Ninh: 473
  - Ben Tre: 472
  - Binh Dinh: 473
  - Binh Duong: 473
  - Binh Phuoc: 473
  - Binh Thuan: 473
  - Ca Mau: 473
  - Cao Bang: 473
  - Dak Lak: 473
  - Dak Nong: 473
  - Dien Bien: 473
  - Dong Nai: 473
  - Dong Thap: 473
  - Gia Lai: 473
  - Ha Giang: 473
  - Ha Nam: 473
  - Ha Tinh: 473
  - Hai Duong: 473
  - Hau Giang: 473
  - Hoa Binh: 473
  - Hung Yen: 473
  - Khanh Hoa: 473
  - Kien Giang: 473
  - Kon Tum: 473
  - Lai Chau: 473
  - Lam Dong: 473
  - Lang Son: 473
  - Lao Cai: 473
  - Long An: 472
  - Nam Dinh: 472
  - Nghe An: 472
  - Ninh Binh: 472
  - Ninh Thuan: 472
  - Phu Tho: 472
  - Phu Yen: 472
  - Quang Binh: 472
  - Quang Nam: 472
  - Quang Ngai: 472
  - Quang Ninh: 472
  - Quang Tri: 472
  - Soc Trang: 472
  - Son La: 472
  - Tay Ninh: 472
  - Thai Binh: 472
  - Thai Nguyen: 472
  - Thanh Hoa: 472
  - Thua Thien Hue: 472
  - Tien Giang: 472
  - Tra Vinh: 472
  - Tuyen Quang: 472
  - Vinh Long: 472
  - Vinh Phuc: 472
  - Yen Bai: 471
[Bootstrap] Progress:
  - Hanoi: 475
  - Ho Chi Minh: 475
  - Hai Phong: 475
  - Da Nang: 475
  - Can Tho: 474
  - An Giang: 474
  - Ba Ria - Vung Tau: 474
  - Bac Giang: 474
  - Bac Kan: 474
  - Bac Lieu: 474
  - Bac Ninh: 474
  - Ben Tre: 473
  - Binh Dinh: 474
  - Binh Duong: 474
  - Binh Phuoc: 474
  - Binh Thuan: 474
  - Ca Mau: 474
  - Cao Bang: 474
  - Dak Lak: 474
  - Dak Nong: 474
  - Dien Bien: 474
  - Dong Nai: 474
  - Dong Thap: 474
  - Gia Lai: 474
  - Ha Giang: 474
  - Ha Nam: 474
  - Ha Tinh: 474
  - Hai Duong: 474
  - Hau Giang: 474
  - Hoa Binh: 474
  - Hung Yen: 474
  - Khanh Hoa: 474
  - Kien Giang: 474
  - Kon Tum: 474
  - Lai Chau: 474
  - Lam Dong: 474
  - Lang Son: 474
  - Lao Cai: 474
  - Long An: 473
  - Nam Dinh: 473
  - Nghe An: 473
  - Ninh Binh: 473
  - Ninh Thuan: 473
  - Phu Tho: 473
  - Phu Yen: 473
  - Quang Binh: 473
  - Quang Nam: 473
  - Quang Ngai: 473
  - Quang Ninh: 473
  - Quang Tri: 473
  - Soc Trang: 473
  - Son La: 473
  - Tay Ninh: 473
  - Thai Binh: 473
  - Thai Nguyen: 473
  - Thanh Hoa: 473
  - Thua Thien Hue: 473
  - Tien Giang: 473
  - Tra Vinh: 473
  - Tuyen Quang: 473
  - Vinh Long: 473
  - Vinh Phuc: 473
  - Yen Bai: 472
[Bootstrap] Progress:
  - Hanoi: 478
  - Ho Chi Minh: 478
  - Hai Phong: 478
  - Da Nang: 478
  - Can Tho: 477
  - An Giang: 477
  - Ba Ria - Vung Tau: 477
  - Bac Giang: 477
  - Bac Kan: 477
  - Bac Lieu: 477
  - Bac Ninh: 477
  - Ben Tre: 476
  - Binh Dinh: 477
  - Binh Duong: 476
  - Binh Phuoc: 476
  - Binh Thuan: 476
  - Ca Mau: 476
  - Cao Bang: 476
  - Dak Lak: 476
  - Dak Nong: 476
  - Dien Bien: 476
  - Dong Nai: 476
  - Dong Thap: 476
  - Gia Lai: 476
  - Ha Giang: 476
  - Ha Nam: 476
  - Ha Tinh: 476
  - Hai Duong: 476
  - Hau Giang: 476
  - Hoa Binh: 476
  - Hung Yen: 476
  - Khanh Hoa: 476
  - Kien Giang: 476
  - Kon Tum: 476
  - Lai Chau: 476
  - Lam Dong: 476
  - Lang Son: 475
  - Lao Cai: 475
  - Long An: 474
  - Nam Dinh: 474
  - Nghe An: 474
  - Ninh Binh: 474
  - Ninh Thuan: 474
  - Phu Tho: 474
  - Phu Yen: 474
  - Quang Binh: 474
  - Quang Nam: 474
  - Quang Ngai: 474
  - Quang Ninh: 474
  - Quang Tri: 474
  - Soc Trang: 474
  - Son La: 474
  - Tay Ninh: 474
  - Thai Binh: 474
  - Thai Nguyen: 474
  - Thanh Hoa: 474
  - Thua Thien Hue: 474
  - Tien Giang: 474
  - Tra Vinh: 474
  - Tuyen Quang: 474
  - Vinh Long: 474
  - Vinh Phuc: 474
  - Yen Bai: 473
[Bootstrap] Progress:
  - Hanoi: 479
  - Ho Chi Minh: 479
  - Hai Phong: 479
  - Da Nang: 479
  - Can Tho: 478
  - An Giang: 478
  - Ba Ria - Vung Tau: 478
  - Bac Giang: 478
  - Bac Kan: 478
  - Bac Lieu: 478
  - Bac Ninh: 478
  - Ben Tre: 477
  - Binh Dinh: 478
  - Binh Duong: 478
  - Binh Phuoc: 478
  - Binh Thuan: 478
  - Ca Mau: 478
  - Cao Bang: 478
  - Dak Lak: 478
  - Dak Nong: 478
  - Dien Bien: 478
  - Dong Nai: 478
  - Dong Thap: 478
  - Gia Lai: 478
  - Ha Giang: 478
  - Ha Nam: 478
  - Ha Tinh: 478
  - Hai Duong: 478
  - Hau Giang: 478
  - Hoa Binh: 478
  - Hung Yen: 478
  - Khanh Hoa: 478
  - Kien Giang: 478
  - Kon Tum: 478
  - Lai Chau: 478
  - Lam Dong: 478
  - Lang Son: 478
  - Lao Cai: 478
  - Long An: 477
  - Nam Dinh: 477
  - Nghe An: 477
  - Ninh Binh: 477
  - Ninh Thuan: 477
  - Phu Tho: 477
  - Phu Yen: 477
  - Quang Binh: 477
  - Quang Nam: 477
  - Quang Ngai: 477
  - Quang Ninh: 477
  - Quang Tri: 477
  - Soc Trang: 477
  - Son La: 477
  - Tay Ninh: 477
  - Thai Binh: 477
  - Thai Nguyen: 477
  - Thanh Hoa: 477
  - Thua Thien Hue: 477
  - Tien Giang: 477
  - Tra Vinh: 477
  - Tuyen Quang: 477
  - Vinh Long: 477
  - Vinh Phuc: 477
  - Yen Bai: 476
[Bootstrap] Progress:
  - Hanoi: 480
  - Ho Chi Minh: 480
  - Hai Phong: 480
  - Da Nang: 480
  - Can Tho: 479
  - An Giang: 479
  - Ba Ria - Vung Tau: 479
  - Bac Giang: 479
  - Bac Kan: 479
  - Bac Lieu: 479
  - Bac Ninh: 479
  - Ben Tre: 478
  - Binh Dinh: 479
  - Binh Duong: 479
  - Binh Phuoc: 479
  - Binh Thuan: 479
  - Ca Mau: 479
  - Cao Bang: 479
  - Dak Lak: 479
  - Dak Nong: 479
  - Dien Bien: 479
  - Dong Nai: 479
  - Dong Thap: 479
  - Gia Lai: 479
  - Ha Giang: 479
  - Ha Nam: 479
  - Ha Tinh: 479
  - Hai Duong: 479
  - Hau Giang: 479
  - Hoa Binh: 479
  - Hung Yen: 479
  - Khanh Hoa: 479
  - Kien Giang: 479
  - Kon Tum: 479
  - Lai Chau: 479
  - Lam Dong: 479
  - Lang Son: 479
  - Lao Cai: 479
  - Long An: 478
  - Nam Dinh: 478
  - Nghe An: 478
  - Ninh Binh: 478
  - Ninh Thuan: 478
  - Phu Tho: 478
  - Phu Yen: 478
  - Quang Binh: 478
  - Quang Nam: 478
  - Quang Ngai: 478
  - Quang Ninh: 478
  - Quang Tri: 478
  - Soc Trang: 478
  - Son La: 478
  - Tay Ninh: 478
  - Thai Binh: 478
  - Thai Nguyen: 478
  - Thanh Hoa: 478
  - Thua Thien Hue: 478
  - Tien Giang: 478
  - Tra Vinh: 478
  - Tuyen Quang: 478
  - Vinh Long: 478
  - Vinh Phuc: 478
  - Yen Bai: 477
[Bootstrap] Progress:
  - Hanoi: 481
  - Ho Chi Minh: 481
  - Hai Phong: 481
  - Da Nang: 481
  - Can Tho: 480
  - An Giang: 480
  - Ba Ria - Vung Tau: 480
  - Bac Giang: 480
  - Bac Kan: 480
  - Bac Lieu: 480
  - Bac Ninh: 480
  - Ben Tre: 479
  - Binh Dinh: 480
  - Binh Duong: 480
  - Binh Phuoc: 480
  - Binh Thuan: 480
  - Ca Mau: 480
  - Cao Bang: 480
  - Dak Lak: 480
  - Dak Nong: 480
  - Dien Bien: 480
  - Dong Nai: 480
  - Dong Thap: 480
  - Gia Lai: 480
  - Ha Giang: 480
  - Ha Nam: 480
  - Ha Tinh: 480
  - Hai Duong: 480
  - Hau Giang: 480
  - Hoa Binh: 480
  - Hung Yen: 480
  - Khanh Hoa: 480
  - Kien Giang: 480
  - Kon Tum: 480
  - Lai Chau: 480
  - Lam Dong: 480
  - Lang Son: 480
  - Lao Cai: 480
  - Long An: 479
  - Nam Dinh: 479
  - Nghe An: 479
  - Ninh Binh: 479
  - Ninh Thuan: 479
  - Phu Tho: 479
  - Phu Yen: 479
  - Quang Binh: 479
  - Quang Nam: 479
  - Quang Ngai: 479
  - Quang Ninh: 479
  - Quang Tri: 479
  - Soc Trang: 479
  - Son La: 479
  - Tay Ninh: 479
  - Thai Binh: 479
  - Thai Nguyen: 479
  - Thanh Hoa: 479
  - Thua Thien Hue: 479
  - Tien Giang: 479
  - Tra Vinh: 479
  - Tuyen Quang: 479
  - Vinh Long: 479
  - Vinh Phuc: 479
  - Yen Bai: 478
[Bootstrap] Progress:
  - Hanoi: 482
  - Ho Chi Minh: 482
  - Hai Phong: 482
  - Da Nang: 482
  - Can Tho: 481
  - An Giang: 481
  - Ba Ria - Vung Tau: 481
  - Bac Giang: 481
  - Bac Kan: 481
  - Bac Lieu: 481
  - Bac Ninh: 481
  - Ben Tre: 480
  - Binh Dinh: 481
  - Binh Duong: 481
  - Binh Phuoc: 481
  - Binh Thuan: 481
  - Ca Mau: 481
  - Cao Bang: 481
  - Dak Lak: 481
  - Dak Nong: 481
  - Dien Bien: 481
  - Dong Nai: 481
  - Dong Thap: 481
  - Gia Lai: 481
  - Ha Giang: 481
  - Ha Nam: 481
  - Ha Tinh: 481
  - Hai Duong: 481
  - Hau Giang: 481
  - Hoa Binh: 481
  - Hung Yen: 481
  - Khanh Hoa: 481
  - Kien Giang: 481
  - Kon Tum: 481
  - Lai Chau: 481
  - Lam Dong: 481
  - Lang Son: 481
  - Lao Cai: 481
  - Long An: 480
  - Nam Dinh: 480
  - Nghe An: 480
  - Ninh Binh: 480
  - Ninh Thuan: 480
  - Phu Tho: 480
  - Phu Yen: 480
  - Quang Binh: 480
  - Quang Nam: 480
  - Quang Ngai: 480
  - Quang Ninh: 480
  - Quang Tri: 480
  - Soc Trang: 480
  - Son La: 480
  - Tay Ninh: 480
  - Thai Binh: 480
  - Thai Nguyen: 480
  - Thanh Hoa: 480
  - Thua Thien Hue: 480
  - Tien Giang: 480
  - Tra Vinh: 480
  - Tuyen Quang: 480
  - Vinh Long: 480
  - Vinh Phuc: 480
  - Yen Bai: 479
[Bootstrap] Progress:
  - Hanoi: 483
  - Ho Chi Minh: 483
  - Hai Phong: 483
  - Da Nang: 483
  - Can Tho: 482
  - An Giang: 482
  - Ba Ria - Vung Tau: 482
  - Bac Giang: 482
  - Bac Kan: 482
  - Bac Lieu: 482
  - Bac Ninh: 482
  - Ben Tre: 481
  - Binh Dinh: 482
  - Binh Duong: 482
  - Binh Phuoc: 482
  - Binh Thuan: 482
  - Ca Mau: 482
  - Cao Bang: 482
  - Dak Lak: 482
  - Dak Nong: 482
  - Dien Bien: 482
  - Dong Nai: 482
  - Dong Thap: 482
  - Gia Lai: 482
  - Ha Giang: 482
  - Ha Nam: 482
  - Ha Tinh: 482
  - Hai Duong: 482
  - Hau Giang: 482
  - Hoa Binh: 482
  - Hung Yen: 482
  - Khanh Hoa: 482
  - Kien Giang: 482
  - Kon Tum: 482
  - Lai Chau: 482
  - Lam Dong: 482
  - Lang Son: 482
  - Lao Cai: 482
  - Long An: 481
  - Nam Dinh: 481
  - Nghe An: 481
  - Ninh Binh: 481
  - Ninh Thuan: 481
  - Phu Tho: 481
  - Phu Yen: 481
  - Quang Binh: 481
  - Quang Nam: 481
  - Quang Ngai: 481
  - Quang Ninh: 481
  - Quang Tri: 481
  - Soc Trang: 481
  - Son La: 481
  - Tay Ninh: 481
  - Thai Binh: 481
  - Thai Nguyen: 481
  - Thanh Hoa: 481
  - Thua Thien Hue: 481
  - Tien Giang: 481
  - Tra Vinh: 481
  - Tuyen Quang: 481
  - Vinh Long: 481
  - Vinh Phuc: 481
  - Yen Bai: 480
[Bootstrap] Progress:
  - Hanoi: 484
  - Ho Chi Minh: 484
  - Hai Phong: 484
  - Da Nang: 484
  - Can Tho: 483
  - An Giang: 483
  - Ba Ria - Vung Tau: 483
  - Bac Giang: 483
  - Bac Kan: 483
  - Bac Lieu: 483
  - Bac Ninh: 483
  - Ben Tre: 482
  - Binh Dinh: 483
  - Binh Duong: 483
  - Binh Phuoc: 483
  - Binh Thuan: 483
  - Ca Mau: 483
  - Cao Bang: 483
  - Dak Lak: 483
  - Dak Nong: 483
  - Dien Bien: 483
  - Dong Nai: 483
  - Dong Thap: 483
  - Gia Lai: 483
  - Ha Giang: 483
  - Ha Nam: 483
  - Ha Tinh: 483
  - Hai Duong: 483
  - Hau Giang: 483
  - Hoa Binh: 483
  - Hung Yen: 483
  - Khanh Hoa: 483
  - Kien Giang: 483
  - Kon Tum: 483
  - Lai Chau: 483
  - Lam Dong: 483
  - Lang Son: 483
  - Lao Cai: 483
  - Long An: 482
  - Nam Dinh: 482
  - Nghe An: 482
  - Ninh Binh: 482
  - Ninh Thuan: 482
  - Phu Tho: 482
  - Phu Yen: 482
  - Quang Binh: 482
  - Quang Nam: 482
  - Quang Ngai: 482
  - Quang Ninh: 482
  - Quang Tri: 482
  - Soc Trang: 482
  - Son La: 482
  - Tay Ninh: 482
  - Thai Binh: 482
  - Thai Nguyen: 482
  - Thanh Hoa: 482
  - Thua Thien Hue: 482
  - Tien Giang: 482
  - Tra Vinh: 482
  - Tuyen Quang: 482
  - Vinh Long: 482
  - Vinh Phuc: 482
  - Yen Bai: 481
[Bootstrap] Progress:
  - Hanoi: 485
  - Ho Chi Minh: 485
  - Hai Phong: 485
  - Da Nang: 485
  - Can Tho: 484
  - An Giang: 484
  - Ba Ria - Vung Tau: 484
  - Bac Giang: 484
  - Bac Kan: 484
  - Bac Lieu: 484
  - Bac Ninh: 484
  - Ben Tre: 483
  - Binh Dinh: 484
  - Binh Duong: 484
  - Binh Phuoc: 484
  - Binh Thuan: 484
  - Ca Mau: 484
  - Cao Bang: 484
  - Dak Lak: 484
  - Dak Nong: 484
  - Dien Bien: 484
  - Dong Nai: 484
  - Dong Thap: 484
  - Gia Lai: 484
  - Ha Giang: 484
  - Ha Nam: 484
  - Ha Tinh: 484
  - Hai Duong: 484
  - Hau Giang: 484
  - Hoa Binh: 484
  - Hung Yen: 484
  - Khanh Hoa: 484
  - Kien Giang: 484
  - Kon Tum: 484
  - Lai Chau: 484
  - Lam Dong: 484
  - Lang Son: 484
  - Lao Cai: 484
  - Long An: 483
  - Nam Dinh: 483
  - Nghe An: 483
  - Ninh Binh: 483
  - Ninh Thuan: 483
  - Phu Tho: 483
  - Phu Yen: 483
  - Quang Binh: 483
  - Quang Nam: 483
  - Quang Ngai: 483
  - Quang Ninh: 483
  - Quang Tri: 483
  - Soc Trang: 483
  - Son La: 483
  - Tay Ninh: 483
  - Thai Binh: 483
  - Thai Nguyen: 483
  - Thanh Hoa: 483
  - Thua Thien Hue: 483
  - Tien Giang: 483
  - Tra Vinh: 483
  - Tuyen Quang: 483
  - Vinh Long: 483
  - Vinh Phuc: 483
  - Yen Bai: 482
[Bootstrap] Progress:
  - Hanoi: 486
  - Ho Chi Minh: 486
  - Hai Phong: 486
  - Da Nang: 486
  - Can Tho: 485
  - An Giang: 485
  - Ba Ria - Vung Tau: 485
  - Bac Giang: 485
  - Bac Kan: 485
  - Bac Lieu: 485
  - Bac Ninh: 485
  - Ben Tre: 484
  - Binh Dinh: 485
  - Binh Duong: 485
  - Binh Phuoc: 485
  - Binh Thuan: 485
  - Ca Mau: 485
  - Cao Bang: 485
  - Dak Lak: 485
  - Dak Nong: 485
  - Dien Bien: 485
  - Dong Nai: 485
  - Dong Thap: 485
  - Gia Lai: 485
  - Ha Giang: 485
  - Ha Nam: 485
  - Ha Tinh: 485
  - Hai Duong: 485
  - Hau Giang: 485
  - Hoa Binh: 485
  - Hung Yen: 485
  - Khanh Hoa: 485
  - Kien Giang: 485
  - Kon Tum: 485
  - Lai Chau: 485
  - Lam Dong: 485
  - Lang Son: 485
  - Lao Cai: 485
  - Long An: 484
  - Nam Dinh: 484
  - Nghe An: 484
  - Ninh Binh: 484
  - Ninh Thuan: 484
  - Phu Tho: 484
  - Phu Yen: 484
  - Quang Binh: 484
  - Quang Nam: 484
  - Quang Ngai: 484
  - Quang Ninh: 484
  - Quang Tri: 484
  - Soc Trang: 484
  - Son La: 484
  - Tay Ninh: 484
  - Thai Binh: 484
  - Thai Nguyen: 484
  - Thanh Hoa: 484
  - Thua Thien Hue: 484
  - Tien Giang: 484
  - Tra Vinh: 484
  - Tuyen Quang: 484
  - Vinh Long: 484
  - Vinh Phuc: 484
  - Yen Bai: 483
[Bootstrap] Progress:
  - Hanoi: 487
  - Ho Chi Minh: 487
  - Hai Phong: 487
  - Da Nang: 487
  - Can Tho: 486
  - An Giang: 486
  - Ba Ria - Vung Tau: 486
  - Bac Giang: 486
  - Bac Kan: 486
  - Bac Lieu: 486
  - Bac Ninh: 486
  - Ben Tre: 485
  - Binh Dinh: 486
  - Binh Duong: 486
  - Binh Phuoc: 486
  - Binh Thuan: 486
  - Ca Mau: 486
  - Cao Bang: 486
  - Dak Lak: 486
  - Dak Nong: 486
  - Dien Bien: 486
  - Dong Nai: 486
  - Dong Thap: 486
  - Gia Lai: 486
  - Ha Giang: 486
  - Ha Nam: 486
  - Ha Tinh: 486
  - Hai Duong: 486
  - Hau Giang: 486
  - Hoa Binh: 486
  - Hung Yen: 486
  - Khanh Hoa: 486
  - Kien Giang: 486
  - Kon Tum: 486
  - Lai Chau: 486
  - Lam Dong: 486
  - Lang Son: 486
  - Lao Cai: 486
  - Long An: 485
  - Nam Dinh: 485
  - Nghe An: 485
  - Ninh Binh: 485
  - Ninh Thuan: 485
  - Phu Tho: 485
  - Phu Yen: 485
  - Quang Binh: 485
  - Quang Nam: 485
  - Quang Ngai: 485
  - Quang Ninh: 485
  - Quang Tri: 485
  - Soc Trang: 485
  - Son La: 485
  - Tay Ninh: 485
  - Thai Binh: 485
  - Thai Nguyen: 485
  - Thanh Hoa: 485
  - Thua Thien Hue: 485
  - Tien Giang: 485
  - Tra Vinh: 485
  - Tuyen Quang: 485
  - Vinh Long: 485
  - Vinh Phuc: 485
  - Yen Bai: 484
[Bootstrap] Progress:
  - Hanoi: 488
  - Ho Chi Minh: 488
  - Hai Phong: 488
  - Da Nang: 488
  - Can Tho: 487
  - An Giang: 487
  - Ba Ria - Vung Tau: 487
  - Bac Giang: 487
  - Bac Kan: 487
  - Bac Lieu: 487
  - Bac Ninh: 487
  - Ben Tre: 486
  - Binh Dinh: 487
  - Binh Duong: 487
  - Binh Phuoc: 487
  - Binh Thuan: 487
  - Ca Mau: 487
  - Cao Bang: 487
  - Dak Lak: 487
  - Dak Nong: 487
  - Dien Bien: 487
  - Dong Nai: 487
  - Dong Thap: 487
  - Gia Lai: 487
  - Ha Giang: 487
  - Ha Nam: 487
  - Ha Tinh: 487
  - Hai Duong: 487
  - Hau Giang: 487
  - Hoa Binh: 487
  - Hung Yen: 487
  - Khanh Hoa: 487
  - Kien Giang: 487
  - Kon Tum: 487
  - Lai Chau: 487
  - Lam Dong: 487
  - Lang Son: 487
  - Lao Cai: 487
  - Long An: 486
  - Nam Dinh: 486
  - Nghe An: 486
  - Ninh Binh: 486
  - Ninh Thuan: 486
  - Phu Tho: 486
  - Phu Yen: 486
  - Quang Binh: 486
  - Quang Nam: 486
  - Quang Ngai: 486
  - Quang Ninh: 486
  - Quang Tri: 486
  - Soc Trang: 486
  - Son La: 486
  - Tay Ninh: 486
  - Thai Binh: 486
  - Thai Nguyen: 486
  - Thanh Hoa: 486
  - Thua Thien Hue: 486
  - Tien Giang: 486
  - Tra Vinh: 486
  - Tuyen Quang: 486
  - Vinh Long: 486
  - Vinh Phuc: 486
  - Yen Bai: 485
[Bootstrap] Progress:
  - Hanoi: 489
  - Ho Chi Minh: 489
  - Hai Phong: 489
  - Da Nang: 489
  - Can Tho: 488
  - An Giang: 488
  - Ba Ria - Vung Tau: 488
  - Bac Giang: 488
  - Bac Kan: 488
  - Bac Lieu: 488
  - Bac Ninh: 488
  - Ben Tre: 487
  - Binh Dinh: 488
  - Binh Duong: 488
  - Binh Phuoc: 488
  - Binh Thuan: 488
  - Ca Mau: 488
  - Cao Bang: 488
  - Dak Lak: 488
  - Dak Nong: 488
  - Dien Bien: 488
  - Dong Nai: 488
  - Dong Thap: 488
  - Gia Lai: 488
  - Ha Giang: 488
  - Ha Nam: 488
  - Ha Tinh: 488
  - Hai Duong: 488
  - Hau Giang: 488
  - Hoa Binh: 488
  - Hung Yen: 488
  - Khanh Hoa: 488
  - Kien Giang: 488
  - Kon Tum: 488
  - Lai Chau: 488
  - Lam Dong: 488
  - Lang Son: 488
  - Lao Cai: 488
  - Long An: 487
  - Nam Dinh: 487
  - Nghe An: 487
  - Ninh Binh: 487
  - Ninh Thuan: 487
  - Phu Tho: 487
  - Phu Yen: 487
  - Quang Binh: 487
  - Quang Nam: 487
  - Quang Ngai: 487
  - Quang Ninh: 487
  - Quang Tri: 487
  - Soc Trang: 487
  - Son La: 487
  - Tay Ninh: 487
  - Thai Binh: 487
  - Thai Nguyen: 487
  - Thanh Hoa: 487
  - Thua Thien Hue: 487
  - Tien Giang: 487
  - Tra Vinh: 487
  - Tuyen Quang: 487
  - Vinh Long: 487
  - Vinh Phuc: 487
  - Yen Bai: 486
[Bootstrap] Progress:
  - Hanoi: 492
  - Ho Chi Minh: 492
  - Hai Phong: 492
  - Da Nang: 492
  - Can Tho: 491
  - An Giang: 491
  - Ba Ria - Vung Tau: 491
  - Bac Giang: 491
  - Bac Kan: 491
  - Bac Lieu: 491
  - Bac Ninh: 491
  - Ben Tre: 490
  - Binh Dinh: 491
  - Binh Duong: 491
  - Binh Phuoc: 491
  - Binh Thuan: 491
  - Ca Mau: 491
  - Cao Bang: 491
  - Dak Lak: 491
  - Dak Nong: 491
  - Dien Bien: 491
  - Dong Nai: 491
  - Dong Thap: 491
  - Gia Lai: 491
  - Ha Giang: 491
  - Ha Nam: 491
  - Ha Tinh: 491
  - Hai Duong: 491
  - Hau Giang: 491
  - Hoa Binh: 491
  - Hung Yen: 491
  - Khanh Hoa: 491
  - Kien Giang: 491
  - Kon Tum: 491
  - Lai Chau: 491
  - Lam Dong: 491
  - Lang Son: 491
  - Lao Cai: 491
  - Long An: 490
  - Nam Dinh: 490
  - Nghe An: 490
  - Ninh Binh: 490
  - Ninh Thuan: 490
  - Phu Tho: 490
  - Phu Yen: 490
  - Quang Binh: 490
  - Quang Nam: 490
  - Quang Ngai: 490
  - Quang Ninh: 490
  - Quang Tri: 490
  - Soc Trang: 490
  - Son La: 490
  - Tay Ninh: 490
  - Thai Binh: 490
  - Thai Nguyen: 490
  - Thanh Hoa: 490
  - Thua Thien Hue: 490
  - Tien Giang: 490
  - Tra Vinh: 490
  - Tuyen Quang: 490
  - Vinh Long: 490
  - Vinh Phuc: 490
  - Yen Bai: 489
[Bootstrap] Progress:
  - Hanoi: 493
  - Ho Chi Minh: 493
  - Hai Phong: 493
  - Da Nang: 493
  - Can Tho: 492
  - An Giang: 492
  - Ba Ria - Vung Tau: 492
  - Bac Giang: 492
  - Bac Kan: 492
  - Bac Lieu: 492
  - Bac Ninh: 492
  - Ben Tre: 491
  - Binh Dinh: 492
  - Binh Duong: 492
  - Binh Phuoc: 492
  - Binh Thuan: 492
  - Ca Mau: 492
  - Cao Bang: 492
  - Dak Lak: 492
  - Dak Nong: 492
  - Dien Bien: 492
  - Dong Nai: 492
  - Dong Thap: 492
  - Gia Lai: 492
  - Ha Giang: 492
  - Ha Nam: 492
  - Ha Tinh: 492
  - Hai Duong: 492
  - Hau Giang: 492
  - Hoa Binh: 492
  - Hung Yen: 492
  - Khanh Hoa: 492
  - Kien Giang: 492
  - Kon Tum: 492
  - Lai Chau: 492
  - Lam Dong: 492
  - Lang Son: 492
  - Lao Cai: 492
  - Long An: 491
  - Nam Dinh: 491
  - Nghe An: 491
  - Ninh Binh: 491
  - Ninh Thuan: 491
  - Phu Tho: 491
  - Phu Yen: 491
  - Quang Binh: 491
  - Quang Nam: 491
  - Quang Ngai: 491
  - Quang Ninh: 491
  - Quang Tri: 491
  - Soc Trang: 491
  - Son La: 491
  - Tay Ninh: 491
  - Thai Binh: 491
  - Thai Nguyen: 491
  - Thanh Hoa: 491
  - Thua Thien Hue: 491
  - Tien Giang: 491
  - Tra Vinh: 491
  - Tuyen Quang: 491
  - Vinh Long: 491
  - Vinh Phuc: 491
  - Yen Bai: 490
[Bootstrap] Progress:
  - Hanoi: 494
  - Ho Chi Minh: 494
  - Hai Phong: 494
  - Da Nang: 494
  - Can Tho: 493
  - An Giang: 493
  - Ba Ria - Vung Tau: 493
  - Bac Giang: 493
  - Bac Kan: 493
  - Bac Lieu: 493
  - Bac Ninh: 493
  - Ben Tre: 492
  - Binh Dinh: 493
  - Binh Duong: 493
  - Binh Phuoc: 493
  - Binh Thuan: 493
  - Ca Mau: 493
  - Cao Bang: 493
  - Dak Lak: 493
  - Dak Nong: 493
  - Dien Bien: 493
  - Dong Nai: 493
  - Dong Thap: 493
  - Gia Lai: 493
  - Ha Giang: 493
  - Ha Nam: 493
  - Ha Tinh: 493
  - Hai Duong: 493
  - Hau Giang: 493
  - Hoa Binh: 493
  - Hung Yen: 493
  - Khanh Hoa: 493
  - Kien Giang: 493
  - Kon Tum: 493
  - Lai Chau: 493
  - Lam Dong: 493
  - Lang Son: 493
  - Lao Cai: 493
  - Long An: 492
  - Nam Dinh: 492
  - Nghe An: 492
  - Ninh Binh: 492
  - Ninh Thuan: 492
  - Phu Tho: 492
  - Phu Yen: 492
  - Quang Binh: 492
  - Quang Nam: 492
  - Quang Ngai: 492
  - Quang Ninh: 492
  - Quang Tri: 492
  - Soc Trang: 492
  - Son La: 492
  - Tay Ninh: 492
  - Thai Binh: 492
  - Thai Nguyen: 492
  - Thanh Hoa: 492
  - Thua Thien Hue: 492
  - Tien Giang: 492
  - Tra Vinh: 492
  - Tuyen Quang: 492
  - Vinh Long: 492
  - Vinh Phuc: 492
  - Yen Bai: 491
[Bootstrap] Progress:
  - Hanoi: 495
  - Ho Chi Minh: 495
  - Hai Phong: 495
  - Da Nang: 495
  - Can Tho: 494
  - An Giang: 494
  - Ba Ria - Vung Tau: 494
  - Bac Giang: 494
  - Bac Kan: 494
  - Bac Lieu: 494
  - Bac Ninh: 494
  - Ben Tre: 493
  - Binh Dinh: 494
  - Binh Duong: 494
  - Binh Phuoc: 494
  - Binh Thuan: 494
  - Ca Mau: 494
  - Cao Bang: 494
  - Dak Lak: 494
  - Dak Nong: 494
  - Dien Bien: 494
  - Dong Nai: 494
  - Dong Thap: 494
  - Gia Lai: 494
  - Ha Giang: 494
  - Ha Nam: 494
  - Ha Tinh: 494
  - Hai Duong: 494
  - Hau Giang: 494
  - Hoa Binh: 494
  - Hung Yen: 494
  - Khanh Hoa: 494
  - Kien Giang: 494
  - Kon Tum: 494
  - Lai Chau: 494
  - Lam Dong: 494
  - Lang Son: 494
  - Lao Cai: 494
  - Long An: 493
  - Nam Dinh: 493
  - Nghe An: 493
  - Ninh Binh: 493
  - Ninh Thuan: 493
  - Phu Tho: 493
  - Phu Yen: 493
  - Quang Binh: 493
  - Quang Nam: 493
  - Quang Ngai: 493
  - Quang Ninh: 493
  - Quang Tri: 493
  - Soc Trang: 493
  - Son La: 493
  - Tay Ninh: 493
  - Thai Binh: 493
  - Thai Nguyen: 493
  - Thanh Hoa: 493
  - Thua Thien Hue: 493
  - Tien Giang: 493
  - Tra Vinh: 493
  - Tuyen Quang: 493
  - Vinh Long: 493
  - Vinh Phuc: 493
  - Yen Bai: 492
[Bootstrap] Progress:
  - Hanoi: 496
  - Ho Chi Minh: 496
  - Hai Phong: 496
  - Da Nang: 496
  - Can Tho: 495
  - An Giang: 495
  - Ba Ria - Vung Tau: 495
  - Bac Giang: 495
  - Bac Kan: 495
  - Bac Lieu: 495
  - Bac Ninh: 495
  - Ben Tre: 494
  - Binh Dinh: 495
  - Binh Duong: 495
  - Binh Phuoc: 495
  - Binh Thuan: 495
  - Ca Mau: 495
  - Cao Bang: 495
  - Dak Lak: 495
  - Dak Nong: 495
  - Dien Bien: 495
  - Dong Nai: 495
  - Dong Thap: 495
  - Gia Lai: 495
  - Ha Giang: 495
  - Ha Nam: 495
  - Ha Tinh: 495
  - Hai Duong: 495
  - Hau Giang: 495
  - Hoa Binh: 495
  - Hung Yen: 495
  - Khanh Hoa: 495
  - Kien Giang: 495
  - Kon Tum: 495
  - Lai Chau: 495
  - Lam Dong: 495
  - Lang Son: 495
  - Lao Cai: 495
  - Long An: 494
  - Nam Dinh: 494
  - Nghe An: 494
  - Ninh Binh: 494
  - Ninh Thuan: 494
  - Phu Tho: 494
  - Phu Yen: 494
  - Quang Binh: 494
  - Quang Nam: 494
  - Quang Ngai: 494
  - Quang Ninh: 494
  - Quang Tri: 494
  - Soc Trang: 494
  - Son La: 494
  - Tay Ninh: 494
  - Thai Binh: 494
  - Thai Nguyen: 494
  - Thanh Hoa: 494
  - Thua Thien Hue: 494
  - Tien Giang: 494
  - Tra Vinh: 494
  - Tuyen Quang: 494
  - Vinh Long: 494
  - Vinh Phuc: 494
  - Yen Bai: 493
[Bootstrap] Progress:
  - Hanoi: 497
  - Ho Chi Minh: 497
  - Hai Phong: 497
  - Da Nang: 497
  - Can Tho: 496
  - An Giang: 496
  - Ba Ria - Vung Tau: 496
  - Bac Giang: 496
  - Bac Kan: 496
  - Bac Lieu: 496
  - Bac Ninh: 496
  - Ben Tre: 495
  - Binh Dinh: 496
  - Binh Duong: 496
  - Binh Phuoc: 496
  - Binh Thuan: 496
  - Ca Mau: 496
  - Cao Bang: 496
  - Dak Lak: 496
  - Dak Nong: 496
  - Dien Bien: 496
  - Dong Nai: 496
  - Dong Thap: 496
  - Gia Lai: 496
  - Ha Giang: 496
  - Ha Nam: 496
  - Ha Tinh: 496
  - Hai Duong: 496
  - Hau Giang: 496
  - Hoa Binh: 496
  - Hung Yen: 496
  - Khanh Hoa: 496
  - Kien Giang: 496
  - Kon Tum: 496
  - Lai Chau: 496
  - Lam Dong: 496
  - Lang Son: 496
  - Lao Cai: 496
  - Long An: 495
  - Nam Dinh: 495
  - Nghe An: 495
  - Ninh Binh: 495
  - Ninh Thuan: 495
  - Phu Tho: 495
  - Phu Yen: 495
  - Quang Binh: 495
  - Quang Nam: 495
  - Quang Ngai: 495
  - Quang Ninh: 495
  - Quang Tri: 495
  - Soc Trang: 495
  - Son La: 495
  - Tay Ninh: 495
  - Thai Binh: 495
  - Thai Nguyen: 495
  - Thanh Hoa: 495
  - Thua Thien Hue: 495
  - Tien Giang: 495
  - Tra Vinh: 495
  - Tuyen Quang: 495
  - Vinh Long: 495
  - Vinh Phuc: 495
  - Yen Bai: 494
[Bootstrap] Progress:
  - Hanoi: 498
  - Ho Chi Minh: 498
  - Hai Phong: 498
  - Da Nang: 498
  - Can Tho: 497
  - An Giang: 497
  - Ba Ria - Vung Tau: 497
  - Bac Giang: 497
  - Bac Kan: 497
  - Bac Lieu: 497
  - Bac Ninh: 497
  - Ben Tre: 496
  - Binh Dinh: 497
  - Binh Duong: 497
  - Binh Phuoc: 497
  - Binh Thuan: 497
  - Ca Mau: 497
  - Cao Bang: 497
  - Dak Lak: 497
  - Dak Nong: 497
  - Dien Bien: 497
  - Dong Nai: 497
  - Dong Thap: 497
  - Gia Lai: 497
  - Ha Giang: 497
  - Ha Nam: 497
  - Ha Tinh: 497
  - Hai Duong: 497
  - Hau Giang: 497
  - Hoa Binh: 497
  - Hung Yen: 497
  - Khanh Hoa: 497
  - Kien Giang: 497
  - Kon Tum: 497
  - Lai Chau: 497
  - Lam Dong: 497
  - Lang Son: 497
  - Lao Cai: 497
  - Long An: 496
  - Nam Dinh: 496
  - Nghe An: 496
  - Ninh Binh: 496
  - Ninh Thuan: 496
  - Phu Tho: 496
  - Phu Yen: 496
  - Quang Binh: 496
  - Quang Nam: 496
  - Quang Ngai: 496
  - Quang Ninh: 496
  - Quang Tri: 496
  - Soc Trang: 496
  - Son La: 496
  - Tay Ninh: 496
  - Thai Binh: 496
  - Thai Nguyen: 496
  - Thanh Hoa: 496
  - Thua Thien Hue: 496
  - Tien Giang: 496
  - Tra Vinh: 496
  - Tuyen Quang: 496
  - Vinh Long: 496
  - Vinh Phuc: 496
  - Yen Bai: 495
[Bootstrap] Progress:
  - Hanoi: 499
  - Ho Chi Minh: 499
  - Hai Phong: 499
  - Da Nang: 499
  - Can Tho: 498
  - An Giang: 498
  - Ba Ria - Vung Tau: 498
  - Bac Giang: 498
  - Bac Kan: 498
  - Bac Lieu: 498
  - Bac Ninh: 498
  - Ben Tre: 497
  - Binh Dinh: 498
  - Binh Duong: 498
  - Binh Phuoc: 498
  - Binh Thuan: 498
  - Ca Mau: 498
  - Cao Bang: 498
  - Dak Lak: 498
  - Dak Nong: 498
  - Dien Bien: 498
  - Dong Nai: 498
  - Dong Thap: 498
  - Gia Lai: 498
  - Ha Giang: 498
  - Ha Nam: 498
  - Ha Tinh: 498
  - Hai Duong: 498
  - Hau Giang: 498
  - Hoa Binh: 498
  - Hung Yen: 498
  - Khanh Hoa: 498
  - Kien Giang: 498
  - Kon Tum: 498
  - Lai Chau: 498
  - Lam Dong: 498
  - Lang Son: 498
  - Lao Cai: 498
  - Long An: 497
  - Nam Dinh: 497
  - Nghe An: 497
  - Ninh Binh: 497
  - Ninh Thuan: 497
  - Phu Tho: 497
  - Phu Yen: 497
  - Quang Binh: 497
  - Quang Nam: 497
  - Quang Ngai: 497
  - Quang Ninh: 497
  - Quang Tri: 497
  - Soc Trang: 497
  - Son La: 497
  - Tay Ninh: 497
  - Thai Binh: 497
  - Thai Nguyen: 497
  - Thanh Hoa: 497
  - Thua Thien Hue: 497
  - Tien Giang: 497
  - Tra Vinh: 497
  - Tuyen Quang: 497
  - Vinh Long: 497
  - Vinh Phuc: 497
  - Yen Bai: 496
[Bootstrap] Progress:
  - Hanoi: 500
  - Ho Chi Minh: 500
  - Hai Phong: 500
  - Da Nang: 500
  - Can Tho: 499
  - An Giang: 499
  - Ba Ria - Vung Tau: 499
  - Bac Giang: 499
  - Bac Kan: 499
  - Bac Lieu: 499
  - Bac Ninh: 499
  - Ben Tre: 498
  - Binh Dinh: 499
  - Binh Duong: 499
  - Binh Phuoc: 499
  - Binh Thuan: 499
  - Ca Mau: 499
  - Cao Bang: 499
  - Dak Lak: 499
  - Dak Nong: 499
  - Dien Bien: 499
  - Dong Nai: 499
  - Dong Thap: 499
  - Gia Lai: 499
  - Ha Giang: 499
  - Ha Nam: 499
  - Ha Tinh: 499
  - Hai Duong: 499
  - Hau Giang: 499
  - Hoa Binh: 499
  - Hung Yen: 499
  - Khanh Hoa: 499
  - Kien Giang: 499
  - Kon Tum: 499
  - Lai Chau: 499
  - Lam Dong: 499
  - Lang Son: 499
  - Lao Cai: 499
  - Long An: 498
  - Nam Dinh: 498
  - Nghe An: 498
  - Ninh Binh: 498
  - Ninh Thuan: 498
  - Phu Tho: 498
  - Phu Yen: 498
  - Quang Binh: 498
  - Quang Nam: 498
  - Quang Ngai: 498
  - Quang Ninh: 498
  - Quang Tri: 498
  - Soc Trang: 498
  - Son La: 498
  - Tay Ninh: 498
  - Thai Binh: 498
  - Thai Nguyen: 498
  - Thanh Hoa: 498
  - Thua Thien Hue: 498
  - Tien Giang: 498
  - Tra Vinh: 498
  - Tuyen Quang: 498
  - Vinh Long: 498
  - Vinh Phuc: 498
  - Yen Bai: 497
[Bootstrap] Progress:
  - Hanoi: 501
  - Ho Chi Minh: 501
  - Hai Phong: 501
  - Da Nang: 501
  - Can Tho: 500
  - An Giang: 500
  - Ba Ria - Vung Tau: 500
  - Bac Giang: 500
  - Bac Kan: 500
  - Bac Lieu: 500
  - Bac Ninh: 500
  - Ben Tre: 499
  - Binh Dinh: 500
  - Binh Duong: 500
  - Binh Phuoc: 500
  - Binh Thuan: 500
  - Ca Mau: 500
  - Cao Bang: 500
  - Dak Lak: 500
  - Dak Nong: 500
  - Dien Bien: 500
  - Dong Nai: 500
  - Dong Thap: 500
  - Gia Lai: 500
  - Ha Giang: 500
  - Ha Nam: 500
  - Ha Tinh: 500
  - Hai Duong: 500
  - Hau Giang: 500
  - Hoa Binh: 500
  - Hung Yen: 500
  - Khanh Hoa: 500
  - Kien Giang: 500
  - Kon Tum: 500
  - Lai Chau: 500
  - Lam Dong: 500
  - Lang Son: 500
  - Lao Cai: 500
  - Long An: 499
  - Nam Dinh: 499
  - Nghe An: 499
  - Ninh Binh: 499
  - Ninh Thuan: 499
  - Phu Tho: 499
  - Phu Yen: 499
  - Quang Binh: 499
  - Quang Nam: 499
  - Quang Ngai: 499
  - Quang Ninh: 499
  - Quang Tri: 499
  - Soc Trang: 499
  - Son La: 499
  - Tay Ninh: 499
  - Thai Binh: 499
  - Thai Nguyen: 499
  - Thanh Hoa: 499
  - Thua Thien Hue: 499
  - Tien Giang: 499
  - Tra Vinh: 499
  - Tuyen Quang: 499
  - Vinh Long: 499
  - Vinh Phuc: 499
  - Yen Bai: 498
[Bootstrap] Progress:
  - Hanoi: 502
  - Ho Chi Minh: 502
  - Hai Phong: 502
  - Da Nang: 502
  - Can Tho: 501
  - An Giang: 501
  - Ba Ria - Vung Tau: 501
  - Bac Giang: 501
  - Bac Kan: 501
  - Bac Lieu: 501
  - Bac Ninh: 501
  - Ben Tre: 500
  - Binh Dinh: 501
  - Binh Duong: 501
  - Binh Phuoc: 501
  - Binh Thuan: 501
  - Ca Mau: 501
  - Cao Bang: 501
  - Dak Lak: 501
  - Dak Nong: 501
  - Dien Bien: 501
  - Dong Nai: 501
  - Dong Thap: 501
  - Gia Lai: 501
  - Ha Giang: 501
  - Ha Nam: 501
  - Ha Tinh: 501
  - Hai Duong: 501
  - Hau Giang: 501
  - Hoa Binh: 501
  - Hung Yen: 501
  - Khanh Hoa: 501
  - Kien Giang: 501
  - Kon Tum: 501
  - Lai Chau: 501
  - Lam Dong: 501
  - Lang Son: 501
  - Lao Cai: 501
  - Long An: 500
  - Nam Dinh: 500
  - Nghe An: 500
  - Ninh Binh: 500
  - Ninh Thuan: 500
  - Phu Tho: 500
  - Phu Yen: 500
  - Quang Binh: 500
  - Quang Nam: 500
  - Quang Ngai: 500
  - Quang Ninh: 500
  - Quang Tri: 500
  - Soc Trang: 500
  - Son La: 500
  - Tay Ninh: 500
  - Thai Binh: 500
  - Thai Nguyen: 500
  - Thanh Hoa: 500
  - Thua Thien Hue: 500
  - Tien Giang: 500
  - Tra Vinh: 500
  - Tuyen Quang: 500
  - Vinh Long: 500
  - Vinh Phuc: 500
  - Yen Bai: 499
[Bootstrap] Progress:
  - Hanoi: 503
  - Ho Chi Minh: 503
  - Hai Phong: 503
  - Da Nang: 503
  - Can Tho: 502
  - An Giang: 502
  - Ba Ria - Vung Tau: 502
  - Bac Giang: 502
  - Bac Kan: 502
  - Bac Lieu: 502
  - Bac Ninh: 502
  - Ben Tre: 501
  - Binh Dinh: 502
  - Binh Duong: 502
  - Binh Phuoc: 502
  - Binh Thuan: 502
  - Ca Mau: 502
  - Cao Bang: 502
  - Dak Lak: 502
  - Dak Nong: 502
  - Dien Bien: 502
  - Dong Nai: 502
  - Dong Thap: 502
  - Gia Lai: 502
  - Ha Giang: 502
  - Ha Nam: 502
  - Ha Tinh: 502
  - Hai Duong: 502
  - Hau Giang: 502
  - Hoa Binh: 502
  - Hung Yen: 502
  - Khanh Hoa: 502
  - Kien Giang: 502
  - Kon Tum: 502
  - Lai Chau: 502
  - Lam Dong: 502
  - Lang Son: 502
  - Lao Cai: 502
  - Long An: 501
  - Nam Dinh: 501
  - Nghe An: 501
  - Ninh Binh: 501
  - Ninh Thuan: 501
  - Phu Tho: 501
  - Phu Yen: 501
  - Quang Binh: 501
  - Quang Nam: 501
  - Quang Ngai: 501
  - Quang Ninh: 501
  - Quang Tri: 501
  - Soc Trang: 501
  - Son La: 501
  - Tay Ninh: 501
  - Thai Binh: 501
  - Thai Nguyen: 501
  - Thanh Hoa: 501
  - Thua Thien Hue: 501
  - Tien Giang: 501
  - Tra Vinh: 501
  - Tuyen Quang: 501
  - Vinh Long: 501
  - Vinh Phuc: 501
  - Yen Bai: 500
[Bootstrap] Progress:
  - Hanoi: 506
  - Ho Chi Minh: 506
  - Hai Phong: 506
  - Da Nang: 506
  - Can Tho: 505
  - An Giang: 505
  - Ba Ria - Vung Tau: 505
  - Bac Giang: 505
  - Bac Kan: 505
  - Bac Lieu: 505
  - Bac Ninh: 505
  - Ben Tre: 504
  - Binh Dinh: 505
  - Binh Duong: 505
  - Binh Phuoc: 505
  - Binh Thuan: 505
  - Ca Mau: 505
  - Cao Bang: 505
  - Dak Lak: 505
  - Dak Nong: 505
  - Dien Bien: 505
  - Dong Nai: 505
  - Dong Thap: 505
  - Gia Lai: 505
  - Ha Giang: 505
  - Ha Nam: 505
  - Ha Tinh: 505
  - Hai Duong: 505
  - Hau Giang: 505
  - Hoa Binh: 505
  - Hung Yen: 505
  - Khanh Hoa: 505
  - Kien Giang: 505
  - Kon Tum: 505
  - Lai Chau: 505
  - Lam Dong: 505
  - Lang Son: 505
  - Lao Cai: 505
  - Long An: 504
  - Nam Dinh: 504
  - Nghe An: 504
  - Ninh Binh: 504
  - Ninh Thuan: 504
  - Phu Tho: 504
  - Phu Yen: 504
  - Quang Binh: 504
  - Quang Nam: 504
  - Quang Ngai: 504
  - Quang Ninh: 504
  - Quang Tri: 504
  - Soc Trang: 504
  - Son La: 503
  - Tay Ninh: 503
  - Thai Binh: 503
  - Thai Nguyen: 503
  - Thanh Hoa: 503
  - Thua Thien Hue: 503
  - Tien Giang: 503
  - Tra Vinh: 503
  - Tuyen Quang: 503
  - Vinh Long: 503
  - Vinh Phuc: 503
  - Yen Bai: 502
[Bootstrap] Progress:
  - Hanoi: 507
  - Ho Chi Minh: 507
  - Hai Phong: 507
  - Da Nang: 507
  - Can Tho: 506
  - An Giang: 506
  - Ba Ria - Vung Tau: 506
  - Bac Giang: 506
  - Bac Kan: 506
  - Bac Lieu: 506
  - Bac Ninh: 506
  - Ben Tre: 505
  - Binh Dinh: 506
  - Binh Duong: 506
  - Binh Phuoc: 506
  - Binh Thuan: 506
  - Ca Mau: 506
  - Cao Bang: 506
  - Dak Lak: 506
  - Dak Nong: 506
  - Dien Bien: 506
  - Dong Nai: 506
  - Dong Thap: 506
  - Gia Lai: 506
  - Ha Giang: 506
  - Ha Nam: 506
  - Ha Tinh: 506
  - Hai Duong: 506
  - Hau Giang: 506
  - Hoa Binh: 506
  - Hung Yen: 506
  - Khanh Hoa: 506
  - Kien Giang: 506
  - Kon Tum: 506
  - Lai Chau: 506
  - Lam Dong: 506
  - Lang Son: 506
  - Lao Cai: 506
  - Long An: 505
  - Nam Dinh: 505
  - Nghe An: 505
  - Ninh Binh: 505
  - Ninh Thuan: 505
  - Phu Tho: 505
  - Phu Yen: 505
  - Quang Binh: 505
  - Quang Nam: 505
  - Quang Ngai: 505
  - Quang Ninh: 505
  - Quang Tri: 505
  - Soc Trang: 505
  - Son La: 505
  - Tay Ninh: 505
  - Thai Binh: 505
  - Thai Nguyen: 505
  - Thanh Hoa: 505
  - Thua Thien Hue: 505
  - Tien Giang: 505
  - Tra Vinh: 505
  - Tuyen Quang: 505
  - Vinh Long: 505
  - Vinh Phuc: 505
  - Yen Bai: 504
[Bootstrap] Progress:
  - Hanoi: 508
  - Ho Chi Minh: 508
  - Hai Phong: 508
  - Da Nang: 508
  - Can Tho: 507
  - An Giang: 507
  - Ba Ria - Vung Tau: 507
  - Bac Giang: 507
  - Bac Kan: 507
  - Bac Lieu: 507
  - Bac Ninh: 507
  - Ben Tre: 506
  - Binh Dinh: 507
  - Binh Duong: 507
  - Binh Phuoc: 507
  - Binh Thuan: 507
  - Ca Mau: 507
  - Cao Bang: 507
  - Dak Lak: 507
  - Dak Nong: 507
  - Dien Bien: 507
  - Dong Nai: 507
  - Dong Thap: 507
  - Gia Lai: 507
  - Ha Giang: 507
  - Ha Nam: 507
  - Ha Tinh: 507
  - Hai Duong: 507
  - Hau Giang: 507
  - Hoa Binh: 507
  - Hung Yen: 507
  - Khanh Hoa: 507
  - Kien Giang: 507
  - Kon Tum: 507
  - Lai Chau: 507
  - Lam Dong: 507
  - Lang Son: 507
  - Lao Cai: 507
  - Long An: 506
  - Nam Dinh: 506
  - Nghe An: 506
  - Ninh Binh: 506
  - Ninh Thuan: 506
  - Phu Tho: 506
  - Phu Yen: 506
  - Quang Binh: 506
  - Quang Nam: 506
  - Quang Ngai: 506
  - Quang Ninh: 506
  - Quang Tri: 506
  - Soc Trang: 506
  - Son La: 506
  - Tay Ninh: 506
  - Thai Binh: 506
  - Thai Nguyen: 506
  - Thanh Hoa: 506
  - Thua Thien Hue: 506
  - Tien Giang: 506
  - Tra Vinh: 506
  - Tuyen Quang: 506
  - Vinh Long: 506
  - Vinh Phuc: 506
  - Yen Bai: 505
[Bootstrap] Progress:
  - Hanoi: 509
  - Ho Chi Minh: 509
  - Hai Phong: 509
  - Da Nang: 509
  - Can Tho: 508
  - An Giang: 508
  - Ba Ria - Vung Tau: 508
  - Bac Giang: 508
  - Bac Kan: 508
  - Bac Lieu: 508
  - Bac Ninh: 508
  - Ben Tre: 507
  - Binh Dinh: 508
  - Binh Duong: 508
  - Binh Phuoc: 508
  - Binh Thuan: 508
  - Ca Mau: 508
  - Cao Bang: 508
  - Dak Lak: 508
  - Dak Nong: 508
  - Dien Bien: 508
  - Dong Nai: 508
  - Dong Thap: 508
  - Gia Lai: 508
  - Ha Giang: 508
  - Ha Nam: 508
  - Ha Tinh: 508
  - Hai Duong: 508
  - Hau Giang: 508
  - Hoa Binh: 508
  - Hung Yen: 508
  - Khanh Hoa: 508
  - Kien Giang: 508
  - Kon Tum: 508
  - Lai Chau: 508
  - Lam Dong: 508
  - Lang Son: 508
  - Lao Cai: 508
  - Long An: 507
  - Nam Dinh: 507
  - Nghe An: 507
  - Ninh Binh: 507
  - Ninh Thuan: 507
  - Phu Tho: 507
  - Phu Yen: 507
  - Quang Binh: 507
  - Quang Nam: 507
  - Quang Ngai: 507
  - Quang Ninh: 507
  - Quang Tri: 507
  - Soc Trang: 507
  - Son La: 507
  - Tay Ninh: 507
  - Thai Binh: 507
  - Thai Nguyen: 507
  - Thanh Hoa: 507
  - Thua Thien Hue: 507
  - Tien Giang: 507
  - Tra Vinh: 507
  - Tuyen Quang: 507
  - Vinh Long: 507
  - Vinh Phuc: 507
  - Yen Bai: 506
[Bootstrap] Progress:
  - Hanoi: 510
  - Ho Chi Minh: 510
  - Hai Phong: 510
  - Da Nang: 510
  - Can Tho: 509
  - An Giang: 509
  - Ba Ria - Vung Tau: 509
  - Bac Giang: 509
  - Bac Kan: 509
  - Bac Lieu: 509
  - Bac Ninh: 509
  - Ben Tre: 508
  - Binh Dinh: 509
  - Binh Duong: 509
  - Binh Phuoc: 509
  - Binh Thuan: 509
  - Ca Mau: 509
  - Cao Bang: 509
  - Dak Lak: 509
  - Dak Nong: 509
  - Dien Bien: 509
  - Dong Nai: 509
  - Dong Thap: 509
  - Gia Lai: 509
  - Ha Giang: 509
  - Ha Nam: 509
  - Ha Tinh: 509
  - Hai Duong: 509
  - Hau Giang: 509
  - Hoa Binh: 509
  - Hung Yen: 509
  - Khanh Hoa: 509
  - Kien Giang: 509
  - Kon Tum: 509
  - Lai Chau: 509
  - Lam Dong: 509
  - Lang Son: 509
  - Lao Cai: 509
  - Long An: 508
  - Nam Dinh: 508
  - Nghe An: 508
  - Ninh Binh: 508
  - Ninh Thuan: 508
  - Phu Tho: 508
  - Phu Yen: 508
  - Quang Binh: 508
  - Quang Nam: 508
  - Quang Ngai: 508
  - Quang Ninh: 508
  - Quang Tri: 508
  - Soc Trang: 508
  - Son La: 508
  - Tay Ninh: 508
  - Thai Binh: 508
  - Thai Nguyen: 508
  - Thanh Hoa: 508
  - Thua Thien Hue: 508
  - Tien Giang: 508
  - Tra Vinh: 508
  - Tuyen Quang: 508
  - Vinh Long: 508
  - Vinh Phuc: 508
  - Yen Bai: 507
[Bootstrap] Progress:
  - Hanoi: 511
  - Ho Chi Minh: 511
  - Hai Phong: 511
  - Da Nang: 511
  - Can Tho: 510
  - An Giang: 510
  - Ba Ria - Vung Tau: 510
  - Bac Giang: 510
  - Bac Kan: 510
  - Bac Lieu: 510
  - Bac Ninh: 510
  - Ben Tre: 509
  - Binh Dinh: 510
  - Binh Duong: 510
  - Binh Phuoc: 510
  - Binh Thuan: 510
  - Ca Mau: 510
  - Cao Bang: 510
  - Dak Lak: 510
  - Dak Nong: 510
  - Dien Bien: 510
  - Dong Nai: 510
  - Dong Thap: 510
  - Gia Lai: 510
  - Ha Giang: 510
  - Ha Nam: 510
  - Ha Tinh: 510
  - Hai Duong: 510
  - Hau Giang: 510
  - Hoa Binh: 510
  - Hung Yen: 510
  - Khanh Hoa: 510
  - Kien Giang: 510
  - Kon Tum: 510
  - Lai Chau: 510
  - Lam Dong: 510
  - Lang Son: 510
  - Lao Cai: 510
  - Long An: 509
  - Nam Dinh: 509
  - Nghe An: 509
  - Ninh Binh: 509
  - Ninh Thuan: 509
  - Phu Tho: 509
  - Phu Yen: 509
  - Quang Binh: 509
  - Quang Nam: 509
  - Quang Ngai: 509
  - Quang Ninh: 509
  - Quang Tri: 509
  - Soc Trang: 509
  - Son La: 509
  - Tay Ninh: 509
  - Thai Binh: 509
  - Thai Nguyen: 509
  - Thanh Hoa: 509
  - Thua Thien Hue: 509
  - Tien Giang: 509
  - Tra Vinh: 509
  - Tuyen Quang: 509
  - Vinh Long: 509
  - Vinh Phuc: 509
  - Yen Bai: 508
[Bootstrap] Progress:
  - Hanoi: 512
  - Ho Chi Minh: 512
  - Hai Phong: 512
  - Da Nang: 512
  - Can Tho: 511
  - An Giang: 511
  - Ba Ria - Vung Tau: 511
  - Bac Giang: 511
  - Bac Kan: 511
  - Bac Lieu: 511
  - Bac Ninh: 511
  - Ben Tre: 510
  - Binh Dinh: 511
  - Binh Duong: 511
  - Binh Phuoc: 511
  - Binh Thuan: 511
  - Ca Mau: 511
  - Cao Bang: 511
  - Dak Lak: 511
  - Dak Nong: 511
  - Dien Bien: 511
  - Dong Nai: 511
  - Dong Thap: 511
  - Gia Lai: 511
  - Ha Giang: 511
  - Ha Nam: 511
  - Ha Tinh: 511
  - Hai Duong: 511
  - Hau Giang: 511
  - Hoa Binh: 511
  - Hung Yen: 511
  - Khanh Hoa: 511
  - Kien Giang: 511
  - Kon Tum: 511
  - Lai Chau: 511
  - Lam Dong: 511
  - Lang Son: 511
  - Lao Cai: 511
  - Long An: 510
  - Nam Dinh: 510
  - Nghe An: 510
  - Ninh Binh: 510
  - Ninh Thuan: 510
  - Phu Tho: 510
  - Phu Yen: 510
  - Quang Binh: 510
  - Quang Nam: 510
  - Quang Ngai: 510
  - Quang Ninh: 510
  - Quang Tri: 510
  - Soc Trang: 510
  - Son La: 510
  - Tay Ninh: 510
  - Thai Binh: 510
  - Thai Nguyen: 510
  - Thanh Hoa: 510
  - Thua Thien Hue: 510
  - Tien Giang: 510
  - Tra Vinh: 510
  - Tuyen Quang: 510
  - Vinh Long: 510
  - Vinh Phuc: 510
  - Yen Bai: 509
[Bootstrap] Progress:
  - Hanoi: 513
  - Ho Chi Minh: 513
  - Hai Phong: 513
  - Da Nang: 513
  - Can Tho: 512
  - An Giang: 512
  - Ba Ria - Vung Tau: 512
  - Bac Giang: 512
  - Bac Kan: 512
  - Bac Lieu: 512
  - Bac Ninh: 512
  - Ben Tre: 511
  - Binh Dinh: 512
  - Binh Duong: 512
  - Binh Phuoc: 512
  - Binh Thuan: 512
  - Ca Mau: 512
  - Cao Bang: 512
  - Dak Lak: 512
  - Dak Nong: 512
  - Dien Bien: 512
  - Dong Nai: 512
  - Dong Thap: 512
  - Gia Lai: 512
  - Ha Giang: 512
  - Ha Nam: 512
  - Ha Tinh: 512
  - Hai Duong: 512
  - Hau Giang: 512
  - Hoa Binh: 512
  - Hung Yen: 512
  - Khanh Hoa: 512
  - Kien Giang: 512
  - Kon Tum: 512
  - Lai Chau: 512
  - Lam Dong: 512
  - Lang Son: 512
  - Lao Cai: 512
  - Long An: 511
  - Nam Dinh: 511
  - Nghe An: 511
  - Ninh Binh: 511
  - Ninh Thuan: 511
  - Phu Tho: 511
  - Phu Yen: 511
  - Quang Binh: 511
  - Quang Nam: 511
  - Quang Ngai: 511
  - Quang Ninh: 511
  - Quang Tri: 511
  - Soc Trang: 511
  - Son La: 511
  - Tay Ninh: 511
  - Thai Binh: 511
  - Thai Nguyen: 511
  - Thanh Hoa: 511
  - Thua Thien Hue: 511
  - Tien Giang: 511
  - Tra Vinh: 511
  - Tuyen Quang: 511
  - Vinh Long: 511
  - Vinh Phuc: 511
  - Yen Bai: 510
[Bootstrap] Progress:
  - Hanoi: 514
  - Ho Chi Minh: 514
  - Hai Phong: 514
  - Da Nang: 514
  - Can Tho: 513
  - An Giang: 513
  - Ba Ria - Vung Tau: 513
  - Bac Giang: 513
  - Bac Kan: 513
  - Bac Lieu: 513
  - Bac Ninh: 513
  - Ben Tre: 512
  - Binh Dinh: 513
  - Binh Duong: 513
  - Binh Phuoc: 513
  - Binh Thuan: 513
  - Ca Mau: 513
  - Cao Bang: 513
  - Dak Lak: 513
  - Dak Nong: 513
  - Dien Bien: 513
  - Dong Nai: 513
  - Dong Thap: 513
  - Gia Lai: 513
  - Ha Giang: 513
  - Ha Nam: 513
  - Ha Tinh: 513
  - Hai Duong: 513
  - Hau Giang: 513
  - Hoa Binh: 513
  - Hung Yen: 513
  - Khanh Hoa: 513
  - Kien Giang: 513
  - Kon Tum: 513
  - Lai Chau: 513
  - Lam Dong: 513
  - Lang Son: 513
  - Lao Cai: 513
  - Long An: 512
  - Nam Dinh: 512
  - Nghe An: 512
  - Ninh Binh: 512
  - Ninh Thuan: 512
  - Phu Tho: 512
  - Phu Yen: 512
  - Quang Binh: 512
  - Quang Nam: 512
  - Quang Ngai: 512
  - Quang Ninh: 512
  - Quang Tri: 512
  - Soc Trang: 512
  - Son La: 512
  - Tay Ninh: 512
  - Thai Binh: 512
  - Thai Nguyen: 512
  - Thanh Hoa: 512
  - Thua Thien Hue: 512
  - Tien Giang: 512
  - Tra Vinh: 512
  - Tuyen Quang: 512
  - Vinh Long: 512
  - Vinh Phuc: 512
  - Yen Bai: 511
[Bootstrap] Progress:
  - Hanoi: 515
  - Ho Chi Minh: 515
  - Hai Phong: 515
  - Da Nang: 515
  - Can Tho: 514
  - An Giang: 514
  - Ba Ria - Vung Tau: 514
  - Bac Giang: 514
  - Bac Kan: 514
  - Bac Lieu: 514
  - Bac Ninh: 514
  - Ben Tre: 513
  - Binh Dinh: 514
  - Binh Duong: 514
  - Binh Phuoc: 514
  - Binh Thuan: 514
  - Ca Mau: 514
  - Cao Bang: 514
  - Dak Lak: 514
  - Dak Nong: 514
  - Dien Bien: 514
  - Dong Nai: 514
  - Dong Thap: 514
  - Gia Lai: 514
  - Ha Giang: 514
  - Ha Nam: 514
  - Ha Tinh: 514
  - Hai Duong: 514
  - Hau Giang: 514
  - Hoa Binh: 514
  - Hung Yen: 514
  - Khanh Hoa: 514
  - Kien Giang: 514
  - Kon Tum: 514
  - Lai Chau: 514
  - Lam Dong: 514
  - Lang Son: 514
  - Lao Cai: 514
  - Long An: 513
  - Nam Dinh: 513
  - Nghe An: 513
  - Ninh Binh: 513
  - Ninh Thuan: 513
  - Phu Tho: 513
  - Phu Yen: 513
  - Quang Binh: 513
  - Quang Nam: 513
  - Quang Ngai: 513
  - Quang Ninh: 513
  - Quang Tri: 513
  - Soc Trang: 513
  - Son La: 513
  - Tay Ninh: 513
  - Thai Binh: 513
  - Thai Nguyen: 513
  - Thanh Hoa: 513
  - Thua Thien Hue: 513
  - Tien Giang: 513
  - Tra Vinh: 513
  - Tuyen Quang: 513
  - Vinh Long: 513
  - Vinh Phuc: 513
  - Yen Bai: 512
[Bootstrap] Progress:
  - Hanoi: 516
  - Ho Chi Minh: 516
  - Hai Phong: 516
  - Da Nang: 516
  - Can Tho: 515
  - An Giang: 515
  - Ba Ria - Vung Tau: 515
  - Bac Giang: 515
  - Bac Kan: 515
  - Bac Lieu: 515
  - Bac Ninh: 515
  - Ben Tre: 514
  - Binh Dinh: 515
  - Binh Duong: 515
  - Binh Phuoc: 515
  - Binh Thuan: 515
  - Ca Mau: 515
  - Cao Bang: 515
  - Dak Lak: 515
  - Dak Nong: 515
  - Dien Bien: 515
  - Dong Nai: 515
  - Dong Thap: 515
  - Gia Lai: 515
  - Ha Giang: 515
  - Ha Nam: 515
  - Ha Tinh: 515
  - Hai Duong: 515
  - Hau Giang: 515
  - Hoa Binh: 515
  - Hung Yen: 515
  - Khanh Hoa: 515
  - Kien Giang: 515
  - Kon Tum: 515
  - Lai Chau: 515
  - Lam Dong: 515
  - Lang Son: 515
  - Lao Cai: 515
  - Long An: 514
  - Nam Dinh: 514
  - Nghe An: 514
  - Ninh Binh: 514
  - Ninh Thuan: 514
  - Phu Tho: 514
  - Phu Yen: 514
  - Quang Binh: 514
  - Quang Nam: 514
  - Quang Ngai: 514
  - Quang Ninh: 514
  - Quang Tri: 514
  - Soc Trang: 514
  - Son La: 514
  - Tay Ninh: 514
  - Thai Binh: 514
  - Thai Nguyen: 514
  - Thanh Hoa: 514
  - Thua Thien Hue: 514
  - Tien Giang: 514
  - Tra Vinh: 514
  - Tuyen Quang: 514
  - Vinh Long: 514
  - Vinh Phuc: 514
  - Yen Bai: 513
[Bootstrap] Progress:
  - Hanoi: 517
  - Ho Chi Minh: 517
  - Hai Phong: 517
  - Da Nang: 517
  - Can Tho: 516
  - An Giang: 516
  - Ba Ria - Vung Tau: 516
  - Bac Giang: 516
  - Bac Kan: 516
  - Bac Lieu: 516
  - Bac Ninh: 516
  - Ben Tre: 515
  - Binh Dinh: 516
  - Binh Duong: 516
  - Binh Phuoc: 516
  - Binh Thuan: 516
  - Ca Mau: 516
  - Cao Bang: 516
  - Dak Lak: 516
  - Dak Nong: 516
  - Dien Bien: 516
  - Dong Nai: 516
  - Dong Thap: 516
  - Gia Lai: 516
  - Ha Giang: 516
  - Ha Nam: 516
  - Ha Tinh: 516
  - Hai Duong: 516
  - Hau Giang: 516
  - Hoa Binh: 516
  - Hung Yen: 516
  - Khanh Hoa: 516
  - Kien Giang: 516
  - Kon Tum: 516
  - Lai Chau: 516
  - Lam Dong: 516
  - Lang Son: 516
  - Lao Cai: 516
  - Long An: 515
  - Nam Dinh: 515
  - Nghe An: 515
  - Ninh Binh: 515
  - Ninh Thuan: 515
  - Phu Tho: 515
  - Phu Yen: 515
  - Quang Binh: 515
  - Quang Nam: 515
  - Quang Ngai: 515
  - Quang Ninh: 515
  - Quang Tri: 515
  - Soc Trang: 515
  - Son La: 515
  - Tay Ninh: 515
  - Thai Binh: 515
  - Thai Nguyen: 515
  - Thanh Hoa: 515
  - Thua Thien Hue: 515
  - Tien Giang: 515
  - Tra Vinh: 515
  - Tuyen Quang: 515
  - Vinh Long: 515
  - Vinh Phuc: 515
  - Yen Bai: 514
[Bootstrap] Progress:
  - Hanoi: 520
  - Ho Chi Minh: 520
  - Hai Phong: 520
  - Da Nang: 520
  - Can Tho: 519
  - An Giang: 519
  - Ba Ria - Vung Tau: 519
  - Bac Giang: 519
  - Bac Kan: 519
  - Bac Lieu: 519
  - Bac Ninh: 519
  - Ben Tre: 518
  - Binh Dinh: 519
  - Binh Duong: 519
  - Binh Phuoc: 519
  - Binh Thuan: 519
  - Ca Mau: 519
  - Cao Bang: 519
  - Dak Lak: 519
  - Dak Nong: 519
  - Dien Bien: 519
  - Dong Nai: 519
  - Dong Thap: 519
  - Gia Lai: 519
  - Ha Giang: 519
  - Ha Nam: 519
  - Ha Tinh: 519
  - Hai Duong: 519
  - Hau Giang: 519
  - Hoa Binh: 519
  - Hung Yen: 519
  - Khanh Hoa: 519
  - Kien Giang: 519
  - Kon Tum: 519
  - Lai Chau: 519
  - Lam Dong: 519
  - Lang Son: 519
  - Lao Cai: 519
  - Long An: 518
  - Nam Dinh: 518
  - Nghe An: 518
  - Ninh Binh: 518
  - Ninh Thuan: 518
  - Phu Tho: 518
  - Phu Yen: 518
  - Quang Binh: 518
  - Quang Nam: 518
  - Quang Ngai: 518
  - Quang Ninh: 518
  - Quang Tri: 518
  - Soc Trang: 518
  - Son La: 517
  - Tay Ninh: 517
  - Thai Binh: 517
  - Thai Nguyen: 517
  - Thanh Hoa: 517
  - Thua Thien Hue: 517
  - Tien Giang: 517
  - Tra Vinh: 517
  - Tuyen Quang: 517
  - Vinh Long: 517
  - Vinh Phuc: 517
  - Yen Bai: 516
[Bootstrap] Progress:
  - Hanoi: 521
  - Ho Chi Minh: 521
  - Hai Phong: 521
  - Da Nang: 521
  - Can Tho: 520
  - An Giang: 520
  - Ba Ria - Vung Tau: 520
  - Bac Giang: 520
  - Bac Kan: 520
  - Bac Lieu: 520
  - Bac Ninh: 520
  - Ben Tre: 519
  - Binh Dinh: 520
  - Binh Duong: 520
  - Binh Phuoc: 520
  - Binh Thuan: 520
  - Ca Mau: 520
  - Cao Bang: 520
  - Dak Lak: 520
  - Dak Nong: 520
  - Dien Bien: 520
  - Dong Nai: 520
  - Dong Thap: 520
  - Gia Lai: 520
  - Ha Giang: 520
  - Ha Nam: 520
  - Ha Tinh: 520
  - Hai Duong: 520
  - Hau Giang: 520
  - Hoa Binh: 520
  - Hung Yen: 520
  - Khanh Hoa: 520
  - Kien Giang: 520
  - Kon Tum: 520
  - Lai Chau: 520
  - Lam Dong: 520
  - Lang Son: 520
  - Lao Cai: 520
  - Long An: 519
  - Nam Dinh: 519
  - Nghe An: 519
  - Ninh Binh: 519
  - Ninh Thuan: 519
  - Phu Tho: 519
  - Phu Yen: 519
  - Quang Binh: 519
  - Quang Nam: 519
  - Quang Ngai: 519
  - Quang Ninh: 519
  - Quang Tri: 519
  - Soc Trang: 519
  - Son La: 519
  - Tay Ninh: 519
  - Thai Binh: 519
  - Thai Nguyen: 519
  - Thanh Hoa: 519
  - Thua Thien Hue: 519
  - Tien Giang: 519
  - Tra Vinh: 519
  - Tuyen Quang: 519
  - Vinh Long: 519
  - Vinh Phuc: 519
  - Yen Bai: 518
[Bootstrap] Progress:
  - Hanoi: 522
  - Ho Chi Minh: 522
  - Hai Phong: 522
  - Da Nang: 522
  - Can Tho: 521
  - An Giang: 521
  - Ba Ria - Vung Tau: 521
  - Bac Giang: 521
  - Bac Kan: 521
  - Bac Lieu: 521
  - Bac Ninh: 521
  - Ben Tre: 520
  - Binh Dinh: 521
  - Binh Duong: 521
  - Binh Phuoc: 521
  - Binh Thuan: 521
  - Ca Mau: 521
  - Cao Bang: 521
  - Dak Lak: 521
  - Dak Nong: 521
  - Dien Bien: 521
  - Dong Nai: 521
  - Dong Thap: 521
  - Gia Lai: 521
  - Ha Giang: 521
  - Ha Nam: 521
  - Ha Tinh: 521
  - Hai Duong: 521
  - Hau Giang: 521
  - Hoa Binh: 521
  - Hung Yen: 521
  - Khanh Hoa: 521
  - Kien Giang: 521
  - Kon Tum: 521
  - Lai Chau: 521
  - Lam Dong: 521
  - Lang Son: 521
  - Lao Cai: 521
  - Long An: 520
  - Nam Dinh: 520
  - Nghe An: 520
  - Ninh Binh: 520
  - Ninh Thuan: 520
  - Phu Tho: 520
  - Phu Yen: 520
  - Quang Binh: 520
  - Quang Nam: 520
  - Quang Ngai: 520
  - Quang Ninh: 520
  - Quang Tri: 520
  - Soc Trang: 520
  - Son La: 520
  - Tay Ninh: 520
  - Thai Binh: 520
  - Thai Nguyen: 520
  - Thanh Hoa: 520
  - Thua Thien Hue: 520
  - Tien Giang: 520
  - Tra Vinh: 520
  - Tuyen Quang: 520
  - Vinh Long: 520
  - Vinh Phuc: 520
  - Yen Bai: 519
[Bootstrap] Progress:
  - Hanoi: 523
  - Ho Chi Minh: 523
  - Hai Phong: 523
  - Da Nang: 523
  - Can Tho: 522
  - An Giang: 522
  - Ba Ria - Vung Tau: 522
  - Bac Giang: 522
  - Bac Kan: 522
  - Bac Lieu: 522
  - Bac Ninh: 522
  - Ben Tre: 521
  - Binh Dinh: 522
  - Binh Duong: 522
  - Binh Phuoc: 522
  - Binh Thuan: 522
  - Ca Mau: 522
  - Cao Bang: 522
  - Dak Lak: 522
  - Dak Nong: 522
  - Dien Bien: 522
  - Dong Nai: 522
  - Dong Thap: 522
  - Gia Lai: 522
  - Ha Giang: 522
  - Ha Nam: 522
  - Ha Tinh: 522
  - Hai Duong: 522
  - Hau Giang: 522
  - Hoa Binh: 522
  - Hung Yen: 522
  - Khanh Hoa: 522
  - Kien Giang: 522
  - Kon Tum: 522
  - Lai Chau: 522
  - Lam Dong: 522
  - Lang Son: 522
  - Lao Cai: 522
  - Long An: 521
  - Nam Dinh: 521
  - Nghe An: 521
  - Ninh Binh: 521
  - Ninh Thuan: 521
  - Phu Tho: 521
  - Phu Yen: 521
  - Quang Binh: 521
  - Quang Nam: 521
  - Quang Ngai: 521
  - Quang Ninh: 521
  - Quang Tri: 521
  - Soc Trang: 521
  - Son La: 521
  - Tay Ninh: 521
  - Thai Binh: 521
  - Thai Nguyen: 521
  - Thanh Hoa: 521
  - Thua Thien Hue: 521
  - Tien Giang: 521
  - Tra Vinh: 521
  - Tuyen Quang: 521
  - Vinh Long: 521
  - Vinh Phuc: 521
  - Yen Bai: 520
[Bootstrap] Progress:
  - Hanoi: 524
  - Ho Chi Minh: 524
  - Hai Phong: 524
  - Da Nang: 524
  - Can Tho: 523
  - An Giang: 523
  - Ba Ria - Vung Tau: 523
  - Bac Giang: 523
  - Bac Kan: 523
  - Bac Lieu: 523
  - Bac Ninh: 523
  - Ben Tre: 522
  - Binh Dinh: 523
  - Binh Duong: 523
  - Binh Phuoc: 523
  - Binh Thuan: 523
  - Ca Mau: 523
  - Cao Bang: 523
  - Dak Lak: 523
  - Dak Nong: 523
  - Dien Bien: 523
  - Dong Nai: 523
  - Dong Thap: 523
  - Gia Lai: 523
  - Ha Giang: 523
  - Ha Nam: 523
  - Ha Tinh: 523
  - Hai Duong: 523
  - Hau Giang: 523
  - Hoa Binh: 523
  - Hung Yen: 523
  - Khanh Hoa: 523
  - Kien Giang: 523
  - Kon Tum: 523
  - Lai Chau: 523
  - Lam Dong: 523
  - Lang Son: 523
  - Lao Cai: 523
  - Long An: 522
  - Nam Dinh: 522
  - Nghe An: 522
  - Ninh Binh: 522
  - Ninh Thuan: 522
  - Phu Tho: 522
  - Phu Yen: 522
  - Quang Binh: 522
  - Quang Nam: 522
  - Quang Ngai: 522
  - Quang Ninh: 522
  - Quang Tri: 522
  - Soc Trang: 522
  - Son La: 522
  - Tay Ninh: 522
  - Thai Binh: 522
  - Thai Nguyen: 522
  - Thanh Hoa: 522
  - Thua Thien Hue: 522
  - Tien Giang: 522
  - Tra Vinh: 522
  - Tuyen Quang: 522
  - Vinh Long: 522
  - Vinh Phuc: 522
  - Yen Bai: 521
[Bootstrap] Progress:
  - Hanoi: 525
  - Ho Chi Minh: 525
  - Hai Phong: 525
  - Da Nang: 525
  - Can Tho: 524
  - An Giang: 524
  - Ba Ria - Vung Tau: 524
  - Bac Giang: 524
  - Bac Kan: 524
  - Bac Lieu: 524
  - Bac Ninh: 524
  - Ben Tre: 523
  - Binh Dinh: 524
  - Binh Duong: 524
  - Binh Phuoc: 524
  - Binh Thuan: 524
  - Ca Mau: 524
  - Cao Bang: 524
  - Dak Lak: 524
  - Dak Nong: 524
  - Dien Bien: 524
  - Dong Nai: 524
  - Dong Thap: 524
  - Gia Lai: 524
  - Ha Giang: 524
  - Ha Nam: 524
  - Ha Tinh: 524
  - Hai Duong: 524
  - Hau Giang: 524
  - Hoa Binh: 524
  - Hung Yen: 524
  - Khanh Hoa: 524
  - Kien Giang: 524
  - Kon Tum: 524
  - Lai Chau: 524
  - Lam Dong: 524
  - Lang Son: 524
  - Lao Cai: 524
  - Long An: 523
  - Nam Dinh: 523
  - Nghe An: 523
  - Ninh Binh: 523
  - Ninh Thuan: 523
  - Phu Tho: 523
  - Phu Yen: 523
  - Quang Binh: 523
  - Quang Nam: 523
  - Quang Ngai: 523
  - Quang Ninh: 523
  - Quang Tri: 523
  - Soc Trang: 523
  - Son La: 523
  - Tay Ninh: 523
  - Thai Binh: 523
  - Thai Nguyen: 523
  - Thanh Hoa: 523
  - Thua Thien Hue: 523
  - Tien Giang: 523
  - Tra Vinh: 523
  - Tuyen Quang: 523
  - Vinh Long: 523
  - Vinh Phuc: 523
  - Yen Bai: 522
[Bootstrap] Progress:
  - Hanoi: 526
  - Ho Chi Minh: 526
  - Hai Phong: 526
  - Da Nang: 526
  - Can Tho: 525
  - An Giang: 525
  - Ba Ria - Vung Tau: 525
  - Bac Giang: 525
  - Bac Kan: 525
  - Bac Lieu: 525
  - Bac Ninh: 525
  - Ben Tre: 524
  - Binh Dinh: 525
  - Binh Duong: 525
  - Binh Phuoc: 525
  - Binh Thuan: 525
  - Ca Mau: 525
  - Cao Bang: 525
  - Dak Lak: 525
  - Dak Nong: 525
  - Dien Bien: 525
  - Dong Nai: 525
  - Dong Thap: 525
  - Gia Lai: 525
  - Ha Giang: 525
  - Ha Nam: 525
  - Ha Tinh: 525
  - Hai Duong: 525
  - Hau Giang: 525
  - Hoa Binh: 525
  - Hung Yen: 525
  - Khanh Hoa: 525
  - Kien Giang: 525
  - Kon Tum: 525
  - Lai Chau: 525
  - Lam Dong: 525
  - Lang Son: 525
  - Lao Cai: 525
  - Long An: 524
  - Nam Dinh: 524
  - Nghe An: 524
  - Ninh Binh: 524
  - Ninh Thuan: 524
  - Phu Tho: 524
  - Phu Yen: 524
  - Quang Binh: 524
  - Quang Nam: 524
  - Quang Ngai: 524
  - Quang Ninh: 524
  - Quang Tri: 524
  - Soc Trang: 524
  - Son La: 524
  - Tay Ninh: 524
  - Thai Binh: 524
  - Thai Nguyen: 524
  - Thanh Hoa: 524
  - Thua Thien Hue: 524
  - Tien Giang: 524
  - Tra Vinh: 524
  - Tuyen Quang: 524
  - Vinh Long: 524
  - Vinh Phuc: 524
  - Yen Bai: 523
[Bootstrap] Progress:
  - Hanoi: 527
  - Ho Chi Minh: 527
  - Hai Phong: 527
  - Da Nang: 527
  - Can Tho: 526
  - An Giang: 526
  - Ba Ria - Vung Tau: 526
  - Bac Giang: 526
  - Bac Kan: 526
  - Bac Lieu: 526
  - Bac Ninh: 526
  - Ben Tre: 525
  - Binh Dinh: 526
  - Binh Duong: 526
  - Binh Phuoc: 526
  - Binh Thuan: 526
  - Ca Mau: 526
  - Cao Bang: 526
  - Dak Lak: 526
  - Dak Nong: 526
  - Dien Bien: 526
  - Dong Nai: 526
  - Dong Thap: 526
  - Gia Lai: 526
  - Ha Giang: 526
  - Ha Nam: 526
  - Ha Tinh: 526
  - Hai Duong: 526
  - Hau Giang: 526
  - Hoa Binh: 526
  - Hung Yen: 526
  - Khanh Hoa: 526
  - Kien Giang: 526
  - Kon Tum: 526
  - Lai Chau: 526
  - Lam Dong: 526
  - Lang Son: 526
  - Lao Cai: 526
  - Long An: 525
  - Nam Dinh: 525
  - Nghe An: 525
  - Ninh Binh: 525
  - Ninh Thuan: 525
  - Phu Tho: 525
  - Phu Yen: 525
  - Quang Binh: 525
  - Quang Nam: 525
  - Quang Ngai: 525
  - Quang Ninh: 525
  - Quang Tri: 525
  - Soc Trang: 525
  - Son La: 525
  - Tay Ninh: 525
  - Thai Binh: 525
  - Thai Nguyen: 525
  - Thanh Hoa: 525
  - Thua Thien Hue: 525
  - Tien Giang: 525
  - Tra Vinh: 525
  - Tuyen Quang: 525
  - Vinh Long: 525
  - Vinh Phuc: 525
  - Yen Bai: 524
[Bootstrap] Progress:
  - Hanoi: 528
  - Ho Chi Minh: 528
  - Hai Phong: 528
  - Da Nang: 528
  - Can Tho: 527
  - An Giang: 527
  - Ba Ria - Vung Tau: 527
  - Bac Giang: 527
  - Bac Kan: 527
  - Bac Lieu: 527
  - Bac Ninh: 527
  - Ben Tre: 526
  - Binh Dinh: 527
  - Binh Duong: 527
  - Binh Phuoc: 527
  - Binh Thuan: 527
  - Ca Mau: 527
  - Cao Bang: 527
  - Dak Lak: 527
  - Dak Nong: 527
  - Dien Bien: 527
  - Dong Nai: 527
  - Dong Thap: 527
  - Gia Lai: 527
  - Ha Giang: 527
  - Ha Nam: 527
  - Ha Tinh: 527
  - Hai Duong: 527
  - Hau Giang: 527
  - Hoa Binh: 527
  - Hung Yen: 527
  - Khanh Hoa: 527
  - Kien Giang: 527
  - Kon Tum: 527
  - Lai Chau: 527
  - Lam Dong: 527
  - Lang Son: 527
  - Lao Cai: 527
  - Long An: 526
  - Nam Dinh: 526
  - Nghe An: 526
  - Ninh Binh: 526
  - Ninh Thuan: 526
  - Phu Tho: 526
  - Phu Yen: 526
  - Quang Binh: 526
  - Quang Nam: 526
  - Quang Ngai: 526
  - Quang Ninh: 526
  - Quang Tri: 526
  - Soc Trang: 526
  - Son La: 526
  - Tay Ninh: 526
  - Thai Binh: 526
  - Thai Nguyen: 526
  - Thanh Hoa: 526
  - Thua Thien Hue: 526
  - Tien Giang: 526
  - Tra Vinh: 526
  - Tuyen Quang: 526
  - Vinh Long: 526
  - Vinh Phuc: 526
  - Yen Bai: 525
[Bootstrap] Progress:
  - Hanoi: 529
  - Ho Chi Minh: 529
  - Hai Phong: 529
  - Da Nang: 529
  - Can Tho: 528
  - An Giang: 528
  - Ba Ria - Vung Tau: 528
  - Bac Giang: 528
  - Bac Kan: 528
  - Bac Lieu: 528
  - Bac Ninh: 528
  - Ben Tre: 527
  - Binh Dinh: 528
  - Binh Duong: 528
  - Binh Phuoc: 528
  - Binh Thuan: 528
  - Ca Mau: 528
  - Cao Bang: 528
  - Dak Lak: 528
  - Dak Nong: 528
  - Dien Bien: 528
  - Dong Nai: 528
  - Dong Thap: 528
  - Gia Lai: 528
  - Ha Giang: 528
  - Ha Nam: 528
  - Ha Tinh: 528
  - Hai Duong: 528
  - Hau Giang: 528
  - Hoa Binh: 528
  - Hung Yen: 528
  - Khanh Hoa: 528
  - Kien Giang: 528
  - Kon Tum: 528
  - Lai Chau: 528
  - Lam Dong: 528
  - Lang Son: 528
  - Lao Cai: 528
  - Long An: 527
  - Nam Dinh: 527
  - Nghe An: 527
  - Ninh Binh: 527
  - Ninh Thuan: 527
  - Phu Tho: 527
  - Phu Yen: 527
  - Quang Binh: 527
  - Quang Nam: 527
  - Quang Ngai: 527
  - Quang Ninh: 527
  - Quang Tri: 527
  - Soc Trang: 527
  - Son La: 527
  - Tay Ninh: 527
  - Thai Binh: 527
  - Thai Nguyen: 527
  - Thanh Hoa: 527
  - Thua Thien Hue: 527
  - Tien Giang: 527
  - Tra Vinh: 527
  - Tuyen Quang: 527
  - Vinh Long: 527
  - Vinh Phuc: 527
  - Yen Bai: 526
[Bootstrap] Progress:
  - Hanoi: 530
  - Ho Chi Minh: 530
  - Hai Phong: 530
  - Da Nang: 530
  - Can Tho: 529
  - An Giang: 529
  - Ba Ria - Vung Tau: 529
  - Bac Giang: 529
  - Bac Kan: 529
  - Bac Lieu: 529
  - Bac Ninh: 529
  - Ben Tre: 528
  - Binh Dinh: 529
  - Binh Duong: 529
  - Binh Phuoc: 529
  - Binh Thuan: 529
  - Ca Mau: 529
  - Cao Bang: 529
  - Dak Lak: 529
  - Dak Nong: 529
  - Dien Bien: 529
  - Dong Nai: 529
  - Dong Thap: 529
  - Gia Lai: 529
  - Ha Giang: 529
  - Ha Nam: 529
  - Ha Tinh: 529
  - Hai Duong: 529
  - Hau Giang: 529
  - Hoa Binh: 529
  - Hung Yen: 529
  - Khanh Hoa: 529
  - Kien Giang: 529
  - Kon Tum: 529
  - Lai Chau: 529
  - Lam Dong: 529
  - Lang Son: 529
  - Lao Cai: 529
  - Long An: 528
  - Nam Dinh: 528
  - Nghe An: 528
  - Ninh Binh: 528
  - Ninh Thuan: 528
  - Phu Tho: 528
  - Phu Yen: 528
  - Quang Binh: 528
  - Quang Nam: 528
  - Quang Ngai: 528
  - Quang Ninh: 528
  - Quang Tri: 528
  - Soc Trang: 528
  - Son La: 528
  - Tay Ninh: 528
  - Thai Binh: 528
  - Thai Nguyen: 528
  - Thanh Hoa: 528
  - Thua Thien Hue: 528
  - Tien Giang: 528
  - Tra Vinh: 528
  - Tuyen Quang: 528
  - Vinh Long: 528
  - Vinh Phuc: 528
  - Yen Bai: 527
[Bootstrap] Progress:
  - Hanoi: 531
  - Ho Chi Minh: 531
  - Hai Phong: 531
  - Da Nang: 531
  - Can Tho: 530
  - An Giang: 530
  - Ba Ria - Vung Tau: 530
  - Bac Giang: 530
  - Bac Kan: 530
  - Bac Lieu: 530
  - Bac Ninh: 530
  - Ben Tre: 529
  - Binh Dinh: 530
  - Binh Duong: 530
  - Binh Phuoc: 530
  - Binh Thuan: 530
  - Ca Mau: 530
  - Cao Bang: 530
  - Dak Lak: 530
  - Dak Nong: 530
  - Dien Bien: 530
  - Dong Nai: 530
  - Dong Thap: 530
  - Gia Lai: 530
  - Ha Giang: 530
  - Ha Nam: 530
  - Ha Tinh: 530
  - Hai Duong: 530
  - Hau Giang: 530
  - Hoa Binh: 530
  - Hung Yen: 530
  - Khanh Hoa: 530
  - Kien Giang: 530
  - Kon Tum: 530
  - Lai Chau: 530
  - Lam Dong: 530
  - Lang Son: 530
  - Lao Cai: 530
  - Long An: 529
  - Nam Dinh: 529
  - Nghe An: 529
  - Ninh Binh: 529
  - Ninh Thuan: 529
  - Phu Tho: 529
  - Phu Yen: 529
  - Quang Binh: 529
  - Quang Nam: 529
  - Quang Ngai: 529
  - Quang Ninh: 529
  - Quang Tri: 529
  - Soc Trang: 529
  - Son La: 529
  - Tay Ninh: 529
  - Thai Binh: 529
  - Thai Nguyen: 529
  - Thanh Hoa: 529
  - Thua Thien Hue: 529
  - Tien Giang: 529
  - Tra Vinh: 529
  - Tuyen Quang: 529
  - Vinh Long: 529
  - Vinh Phuc: 529
  - Yen Bai: 528
[Bootstrap] Progress:
  - Hanoi: 534
  - Ho Chi Minh: 534
  - Hai Phong: 534
  - Da Nang: 534
  - Can Tho: 533
  - An Giang: 533
  - Ba Ria - Vung Tau: 533
  - Bac Giang: 533
  - Bac Kan: 533
  - Bac Lieu: 533
  - Bac Ninh: 533
  - Ben Tre: 532
  - Binh Dinh: 533
  - Binh Duong: 533
  - Binh Phuoc: 533
  - Binh Thuan: 533
  - Ca Mau: 533
  - Cao Bang: 533
  - Dak Lak: 533
  - Dak Nong: 533
  - Dien Bien: 533
  - Dong Nai: 533
  - Dong Thap: 533
  - Gia Lai: 533
  - Ha Giang: 533
  - Ha Nam: 533
  - Ha Tinh: 533
  - Hai Duong: 533
  - Hau Giang: 533
  - Hoa Binh: 533
  - Hung Yen: 533
  - Khanh Hoa: 533
  - Kien Giang: 533
  - Kon Tum: 533
  - Lai Chau: 533
  - Lam Dong: 533
  - Lang Son: 533
  - Lao Cai: 533
  - Long An: 532
  - Nam Dinh: 532
  - Nghe An: 532
  - Ninh Binh: 532
  - Ninh Thuan: 532
  - Phu Tho: 532
  - Phu Yen: 532
  - Quang Binh: 532
  - Quang Nam: 532
  - Quang Ngai: 532
  - Quang Ninh: 532
  - Quang Tri: 532
  - Soc Trang: 532
  - Son La: 532
  - Tay Ninh: 532
  - Thai Binh: 532
  - Thai Nguyen: 532
  - Thanh Hoa: 532
  - Thua Thien Hue: 532
  - Tien Giang: 532
  - Tra Vinh: 531
  - Tuyen Quang: 531
  - Vinh Long: 531
  - Vinh Phuc: 531
  - Yen Bai: 530
[Bootstrap] Progress:
  - Hanoi: 535
  - Ho Chi Minh: 535
  - Hai Phong: 535
  - Da Nang: 535
  - Can Tho: 534
  - An Giang: 534
  - Ba Ria - Vung Tau: 534
  - Bac Giang: 534
  - Bac Kan: 534
  - Bac Lieu: 534
  - Bac Ninh: 534
  - Ben Tre: 533
  - Binh Dinh: 534
  - Binh Duong: 534
  - Binh Phuoc: 534
  - Binh Thuan: 534
  - Ca Mau: 534
  - Cao Bang: 534
  - Dak Lak: 534
  - Dak Nong: 534
  - Dien Bien: 534
  - Dong Nai: 534
  - Dong Thap: 534
  - Gia Lai: 534
  - Ha Giang: 534
  - Ha Nam: 534
  - Ha Tinh: 534
  - Hai Duong: 534
  - Hau Giang: 534
  - Hoa Binh: 534
  - Hung Yen: 534
  - Khanh Hoa: 534
  - Kien Giang: 534
  - Kon Tum: 534
  - Lai Chau: 534
  - Lam Dong: 534
  - Lang Son: 534
  - Lao Cai: 534
  - Long An: 533
  - Nam Dinh: 533
  - Nghe An: 533
  - Ninh Binh: 533
  - Ninh Thuan: 533
  - Phu Tho: 533
  - Phu Yen: 533
  - Quang Binh: 533
  - Quang Nam: 533
  - Quang Ngai: 533
  - Quang Ninh: 533
  - Quang Tri: 533
  - Soc Trang: 533
  - Son La: 533
  - Tay Ninh: 533
  - Thai Binh: 533
  - Thai Nguyen: 533
  - Thanh Hoa: 533
  - Thua Thien Hue: 533
  - Tien Giang: 533
  - Tra Vinh: 533
  - Tuyen Quang: 533
  - Vinh Long: 533
  - Vinh Phuc: 533
  - Yen Bai: 532
[Bootstrap] Progress:
  - Hanoi: 536
  - Ho Chi Minh: 536
  - Hai Phong: 536
  - Da Nang: 536
  - Can Tho: 535
  - An Giang: 535
  - Ba Ria - Vung Tau: 535
  - Bac Giang: 535
  - Bac Kan: 535
  - Bac Lieu: 535
  - Bac Ninh: 535
  - Ben Tre: 534
  - Binh Dinh: 535
  - Binh Duong: 535
  - Binh Phuoc: 535
  - Binh Thuan: 535
  - Ca Mau: 535
  - Cao Bang: 535
  - Dak Lak: 535
  - Dak Nong: 535
  - Dien Bien: 535
  - Dong Nai: 535
  - Dong Thap: 535
  - Gia Lai: 535
  - Ha Giang: 535
  - Ha Nam: 535
  - Ha Tinh: 535
  - Hai Duong: 535
  - Hau Giang: 535
  - Hoa Binh: 535
  - Hung Yen: 535
  - Khanh Hoa: 535
  - Kien Giang: 535
  - Kon Tum: 535
  - Lai Chau: 535
  - Lam Dong: 535
  - Lang Son: 535
  - Lao Cai: 535
  - Long An: 534
  - Nam Dinh: 534
  - Nghe An: 534
  - Ninh Binh: 534
  - Ninh Thuan: 534
  - Phu Tho: 534
  - Phu Yen: 534
  - Quang Binh: 534
  - Quang Nam: 534
  - Quang Ngai: 534
  - Quang Ninh: 534
  - Quang Tri: 534
  - Soc Trang: 534
  - Son La: 534
  - Tay Ninh: 534
  - Thai Binh: 534
  - Thai Nguyen: 534
  - Thanh Hoa: 534
  - Thua Thien Hue: 534
  - Tien Giang: 534
  - Tra Vinh: 534
  - Tuyen Quang: 534
  - Vinh Long: 534
  - Vinh Phuc: 534
  - Yen Bai: 533
[Bootstrap] Progress:
  - Hanoi: 537
  - Ho Chi Minh: 537
  - Hai Phong: 537
  - Da Nang: 537
  - Can Tho: 536
  - An Giang: 536
  - Ba Ria - Vung Tau: 536
  - Bac Giang: 536
  - Bac Kan: 536
  - Bac Lieu: 536
  - Bac Ninh: 536
  - Ben Tre: 535
  - Binh Dinh: 536
  - Binh Duong: 536
  - Binh Phuoc: 536
  - Binh Thuan: 536
  - Ca Mau: 536
  - Cao Bang: 536
  - Dak Lak: 536
  - Dak Nong: 536
  - Dien Bien: 536
  - Dong Nai: 536
  - Dong Thap: 536
  - Gia Lai: 536
  - Ha Giang: 536
  - Ha Nam: 536
  - Ha Tinh: 536
  - Hai Duong: 536
  - Hau Giang: 536
  - Hoa Binh: 536
  - Hung Yen: 536
  - Khanh Hoa: 536
  - Kien Giang: 536
  - Kon Tum: 536
  - Lai Chau: 536
  - Lam Dong: 536
  - Lang Son: 536
  - Lao Cai: 536
  - Long An: 535
  - Nam Dinh: 535
  - Nghe An: 535
  - Ninh Binh: 535
  - Ninh Thuan: 535
  - Phu Tho: 535
  - Phu Yen: 535
  - Quang Binh: 535
  - Quang Nam: 535
  - Quang Ngai: 535
  - Quang Ninh: 535
  - Quang Tri: 535
  - Soc Trang: 535
  - Son La: 535
  - Tay Ninh: 535
  - Thai Binh: 535
  - Thai Nguyen: 535
  - Thanh Hoa: 535
  - Thua Thien Hue: 535
  - Tien Giang: 535
  - Tra Vinh: 535
  - Tuyen Quang: 535
  - Vinh Long: 535
  - Vinh Phuc: 535
  - Yen Bai: 534
[Bootstrap] Progress:
  - Hanoi: 538
  - Ho Chi Minh: 538
  - Hai Phong: 538
  - Da Nang: 538
  - Can Tho: 537
  - An Giang: 537
  - Ba Ria - Vung Tau: 537
  - Bac Giang: 537
  - Bac Kan: 537
  - Bac Lieu: 537
  - Bac Ninh: 537
  - Ben Tre: 536
  - Binh Dinh: 537
  - Binh Duong: 537
  - Binh Phuoc: 537
  - Binh Thuan: 537
  - Ca Mau: 537
  - Cao Bang: 537
  - Dak Lak: 537
  - Dak Nong: 537
  - Dien Bien: 537
  - Dong Nai: 537
  - Dong Thap: 537
  - Gia Lai: 537
  - Ha Giang: 537
  - Ha Nam: 537
  - Ha Tinh: 537
  - Hai Duong: 537
  - Hau Giang: 537
  - Hoa Binh: 537
  - Hung Yen: 537
  - Khanh Hoa: 537
  - Kien Giang: 537
  - Kon Tum: 537
  - Lai Chau: 537
  - Lam Dong: 537
  - Lang Son: 537
  - Lao Cai: 537
  - Long An: 536
  - Nam Dinh: 536
  - Nghe An: 536
  - Ninh Binh: 536
  - Ninh Thuan: 536
  - Phu Tho: 536
  - Phu Yen: 536
  - Quang Binh: 536
  - Quang Nam: 536
  - Quang Ngai: 536
  - Quang Ninh: 536
  - Quang Tri: 536
  - Soc Trang: 536
  - Son La: 536
  - Tay Ninh: 536
  - Thai Binh: 536
  - Thai Nguyen: 536
  - Thanh Hoa: 536
  - Thua Thien Hue: 536
  - Tien Giang: 536
  - Tra Vinh: 536
  - Tuyen Quang: 536
  - Vinh Long: 536
  - Vinh Phuc: 536
  - Yen Bai: 535
[Bootstrap] Progress:
  - Hanoi: 539
  - Ho Chi Minh: 539
  - Hai Phong: 539
  - Da Nang: 539
  - Can Tho: 538
  - An Giang: 538
  - Ba Ria - Vung Tau: 538
  - Bac Giang: 538
  - Bac Kan: 538
  - Bac Lieu: 538
  - Bac Ninh: 538
  - Ben Tre: 537
  - Binh Dinh: 538
  - Binh Duong: 538
  - Binh Phuoc: 538
  - Binh Thuan: 538
  - Ca Mau: 538
  - Cao Bang: 538
  - Dak Lak: 538
  - Dak Nong: 538
  - Dien Bien: 538
  - Dong Nai: 538
  - Dong Thap: 538
  - Gia Lai: 538
  - Ha Giang: 538
  - Ha Nam: 538
  - Ha Tinh: 538
  - Hai Duong: 538
  - Hau Giang: 538
  - Hoa Binh: 538
  - Hung Yen: 538
  - Khanh Hoa: 538
  - Kien Giang: 538
  - Kon Tum: 538
  - Lai Chau: 538
  - Lam Dong: 538
  - Lang Son: 538
  - Lao Cai: 538
  - Long An: 537
  - Nam Dinh: 537
  - Nghe An: 537
  - Ninh Binh: 537
  - Ninh Thuan: 537
  - Phu Tho: 537
  - Phu Yen: 537
  - Quang Binh: 537
  - Quang Nam: 537
  - Quang Ngai: 537
  - Quang Ninh: 537
  - Quang Tri: 537
  - Soc Trang: 537
  - Son La: 537
  - Tay Ninh: 537
  - Thai Binh: 537
  - Thai Nguyen: 537
  - Thanh Hoa: 537
  - Thua Thien Hue: 537
  - Tien Giang: 537
  - Tra Vinh: 537
  - Tuyen Quang: 537
  - Vinh Long: 537
  - Vinh Phuc: 537
  - Yen Bai: 536
[Bootstrap] Progress:
  - Hanoi: 540
  - Ho Chi Minh: 540
  - Hai Phong: 540
  - Da Nang: 540
  - Can Tho: 539
  - An Giang: 539
  - Ba Ria - Vung Tau: 539
  - Bac Giang: 539
  - Bac Kan: 539
  - Bac Lieu: 539
  - Bac Ninh: 539
  - Ben Tre: 538
  - Binh Dinh: 539
  - Binh Duong: 539
  - Binh Phuoc: 539
  - Binh Thuan: 539
  - Ca Mau: 539
  - Cao Bang: 539
  - Dak Lak: 539
  - Dak Nong: 539
  - Dien Bien: 539
  - Dong Nai: 539
  - Dong Thap: 539
  - Gia Lai: 539
  - Ha Giang: 539
  - Ha Nam: 539
  - Ha Tinh: 539
  - Hai Duong: 539
  - Hau Giang: 539
  - Hoa Binh: 539
  - Hung Yen: 539
  - Khanh Hoa: 539
  - Kien Giang: 539
  - Kon Tum: 539
  - Lai Chau: 539
  - Lam Dong: 539
  - Lang Son: 539
  - Lao Cai: 539
  - Long An: 538
  - Nam Dinh: 538
  - Nghe An: 538
  - Ninh Binh: 538
  - Ninh Thuan: 538
  - Phu Tho: 538
  - Phu Yen: 538
  - Quang Binh: 538
  - Quang Nam: 538
  - Quang Ngai: 538
  - Quang Ninh: 538
  - Quang Tri: 538
  - Soc Trang: 538
  - Son La: 538
  - Tay Ninh: 538
  - Thai Binh: 538
  - Thai Nguyen: 538
  - Thanh Hoa: 538
  - Thua Thien Hue: 538
  - Tien Giang: 538
  - Tra Vinh: 538
  - Tuyen Quang: 538
  - Vinh Long: 538
  - Vinh Phuc: 538
  - Yen Bai: 537
[Bootstrap] Progress:
  - Hanoi: 541
  - Ho Chi Minh: 541
  - Hai Phong: 541
  - Da Nang: 541
  - Can Tho: 540
  - An Giang: 540
  - Ba Ria - Vung Tau: 540
  - Bac Giang: 540
  - Bac Kan: 540
  - Bac Lieu: 540
  - Bac Ninh: 540
  - Ben Tre: 539
  - Binh Dinh: 540
  - Binh Duong: 540
  - Binh Phuoc: 540
  - Binh Thuan: 540
  - Ca Mau: 540
  - Cao Bang: 540
  - Dak Lak: 540
  - Dak Nong: 540
  - Dien Bien: 540
  - Dong Nai: 540
  - Dong Thap: 540
  - Gia Lai: 540
  - Ha Giang: 540
  - Ha Nam: 540
  - Ha Tinh: 540
  - Hai Duong: 540
  - Hau Giang: 540
  - Hoa Binh: 540
  - Hung Yen: 540
  - Khanh Hoa: 540
  - Kien Giang: 540
  - Kon Tum: 540
  - Lai Chau: 540
  - Lam Dong: 540
  - Lang Son: 540
  - Lao Cai: 540
  - Long An: 539
  - Nam Dinh: 539
  - Nghe An: 539
  - Ninh Binh: 539
  - Ninh Thuan: 539
  - Phu Tho: 539
  - Phu Yen: 539
  - Quang Binh: 539
  - Quang Nam: 539
  - Quang Ngai: 539
  - Quang Ninh: 539
  - Quang Tri: 539
  - Soc Trang: 539
  - Son La: 539
  - Tay Ninh: 539
  - Thai Binh: 539
  - Thai Nguyen: 539
  - Thanh Hoa: 539
  - Thua Thien Hue: 539
  - Tien Giang: 539
  - Tra Vinh: 539
  - Tuyen Quang: 539
  - Vinh Long: 539
  - Vinh Phuc: 539
  - Yen Bai: 538
[Bootstrap] Progress:
  - Hanoi: 542
  - Ho Chi Minh: 542
  - Hai Phong: 542
  - Da Nang: 542
  - Can Tho: 541
  - An Giang: 541
  - Ba Ria - Vung Tau: 541
  - Bac Giang: 541
  - Bac Kan: 541
  - Bac Lieu: 541
  - Bac Ninh: 541
  - Ben Tre: 540
  - Binh Dinh: 541
  - Binh Duong: 541
  - Binh Phuoc: 541
  - Binh Thuan: 541
  - Ca Mau: 541
  - Cao Bang: 541
  - Dak Lak: 541
  - Dak Nong: 541
  - Dien Bien: 541
  - Dong Nai: 541
  - Dong Thap: 541
  - Gia Lai: 541
  - Ha Giang: 541
  - Ha Nam: 541
  - Ha Tinh: 541
  - Hai Duong: 541
  - Hau Giang: 541
  - Hoa Binh: 541
  - Hung Yen: 541
  - Khanh Hoa: 541
  - Kien Giang: 541
  - Kon Tum: 541
  - Lai Chau: 541
  - Lam Dong: 541
  - Lang Son: 541
  - Lao Cai: 541
  - Long An: 540
  - Nam Dinh: 540
  - Nghe An: 540
  - Ninh Binh: 540
  - Ninh Thuan: 540
  - Phu Tho: 540
  - Phu Yen: 540
  - Quang Binh: 540
  - Quang Nam: 540
  - Quang Ngai: 540
  - Quang Ninh: 540
  - Quang Tri: 540
  - Soc Trang: 540
  - Son La: 540
  - Tay Ninh: 540
  - Thai Binh: 540
  - Thai Nguyen: 540
  - Thanh Hoa: 540
  - Thua Thien Hue: 540
  - Tien Giang: 540
  - Tra Vinh: 540
  - Tuyen Quang: 540
  - Vinh Long: 540
  - Vinh Phuc: 540
  - Yen Bai: 539
[Bootstrap] Progress:
  - Hanoi: 543
  - Ho Chi Minh: 543
  - Hai Phong: 543
  - Da Nang: 543
  - Can Tho: 542
  - An Giang: 542
  - Ba Ria - Vung Tau: 542
  - Bac Giang: 542
  - Bac Kan: 542
  - Bac Lieu: 542
  - Bac Ninh: 542
  - Ben Tre: 541
  - Binh Dinh: 542
  - Binh Duong: 542
  - Binh Phuoc: 542
  - Binh Thuan: 542
  - Ca Mau: 542
  - Cao Bang: 542
  - Dak Lak: 542
  - Dak Nong: 542
  - Dien Bien: 542
  - Dong Nai: 542
  - Dong Thap: 542
  - Gia Lai: 542
  - Ha Giang: 542
  - Ha Nam: 542
  - Ha Tinh: 542
  - Hai Duong: 542
  - Hau Giang: 542
  - Hoa Binh: 542
  - Hung Yen: 542
  - Khanh Hoa: 542
  - Kien Giang: 542
  - Kon Tum: 542
  - Lai Chau: 542
  - Lam Dong: 542
  - Lang Son: 542
  - Lao Cai: 542
  - Long An: 541
  - Nam Dinh: 541
  - Nghe An: 541
  - Ninh Binh: 541
  - Ninh Thuan: 541
  - Phu Tho: 541
  - Phu Yen: 541
  - Quang Binh: 541
  - Quang Nam: 541
  - Quang Ngai: 541
  - Quang Ninh: 541
  - Quang Tri: 541
  - Soc Trang: 541
  - Son La: 541
  - Tay Ninh: 541
  - Thai Binh: 541
  - Thai Nguyen: 541
  - Thanh Hoa: 541
  - Thua Thien Hue: 541
  - Tien Giang: 541
  - Tra Vinh: 541
  - Tuyen Quang: 541
  - Vinh Long: 541
  - Vinh Phuc: 541
  - Yen Bai: 540
[Bootstrap] Progress:
  - Hanoi: 544
  - Ho Chi Minh: 544
  - Hai Phong: 544
  - Da Nang: 544
  - Can Tho: 543
  - An Giang: 543
  - Ba Ria - Vung Tau: 543
  - Bac Giang: 543
  - Bac Kan: 543
  - Bac Lieu: 543
  - Bac Ninh: 543
  - Ben Tre: 542
  - Binh Dinh: 543
  - Binh Duong: 543
  - Binh Phuoc: 543
  - Binh Thuan: 543
  - Ca Mau: 543
  - Cao Bang: 543
  - Dak Lak: 543
  - Dak Nong: 543
  - Dien Bien: 543
  - Dong Nai: 543
  - Dong Thap: 543
  - Gia Lai: 543
  - Ha Giang: 543
  - Ha Nam: 543
  - Ha Tinh: 543
  - Hai Duong: 543
  - Hau Giang: 543
  - Hoa Binh: 543
  - Hung Yen: 543
  - Khanh Hoa: 543
  - Kien Giang: 543
  - Kon Tum: 543
  - Lai Chau: 543
  - Lam Dong: 543
  - Lang Son: 543
  - Lao Cai: 543
  - Long An: 542
  - Nam Dinh: 542
  - Nghe An: 542
  - Ninh Binh: 542
  - Ninh Thuan: 542
  - Phu Tho: 542
  - Phu Yen: 542
  - Quang Binh: 542
  - Quang Nam: 542
  - Quang Ngai: 542
  - Quang Ninh: 542
  - Quang Tri: 542
  - Soc Trang: 542
  - Son La: 542
  - Tay Ninh: 542
  - Thai Binh: 542
  - Thai Nguyen: 542
  - Thanh Hoa: 542
  - Thua Thien Hue: 542
  - Tien Giang: 542
  - Tra Vinh: 542
  - Tuyen Quang: 542
  - Vinh Long: 542
  - Vinh Phuc: 542
  - Yen Bai: 541
[Bootstrap] Progress:
  - Hanoi: 546
  - Ho Chi Minh: 546
  - Hai Phong: 546
  - Da Nang: 546
  - Can Tho: 545
  - An Giang: 545
  - Ba Ria - Vung Tau: 544
  - Bac Giang: 544
  - Bac Kan: 544
  - Bac Lieu: 544
  - Bac Ninh: 544
  - Ben Tre: 543
  - Binh Dinh: 544
  - Binh Duong: 544
  - Binh Phuoc: 544
  - Binh Thuan: 544
  - Ca Mau: 544
  - Cao Bang: 544
  - Dak Lak: 544
  - Dak Nong: 544
  - Dien Bien: 544
  - Dong Nai: 544
  - Dong Thap: 544
  - Gia Lai: 544
  - Ha Giang: 544
  - Ha Nam: 544
  - Ha Tinh: 544
  - Hai Duong: 544
  - Hau Giang: 544
  - Hoa Binh: 544
  - Hung Yen: 544
  - Khanh Hoa: 544
  - Kien Giang: 544
  - Kon Tum: 544
  - Lai Chau: 544
  - Lam Dong: 544
  - Lang Son: 544
  - Lao Cai: 544
  - Long An: 543
  - Nam Dinh: 543
  - Nghe An: 543
  - Ninh Binh: 543
  - Ninh Thuan: 543
  - Phu Tho: 543
  - Phu Yen: 543
  - Quang Binh: 543
  - Quang Nam: 543
  - Quang Ngai: 543
  - Quang Ninh: 543
  - Quang Tri: 543
  - Soc Trang: 543
  - Son La: 543
  - Tay Ninh: 543
  - Thai Binh: 543
  - Thai Nguyen: 543
  - Thanh Hoa: 543
  - Thua Thien Hue: 543
  - Tien Giang: 543
  - Tra Vinh: 543
  - Tuyen Quang: 543
  - Vinh Long: 543
  - Vinh Phuc: 543
  - Yen Bai: 542
[Bootstrap] Progress:
  - Hanoi: 548
  - Ho Chi Minh: 548
  - Hai Phong: 548
  - Da Nang: 548
  - Can Tho: 547
  - An Giang: 547
  - Ba Ria - Vung Tau: 547
  - Bac Giang: 547
  - Bac Kan: 547
  - Bac Lieu: 547
  - Bac Ninh: 547
  - Ben Tre: 546
  - Binh Dinh: 547
  - Binh Duong: 547
  - Binh Phuoc: 547
  - Binh Thuan: 547
  - Ca Mau: 547
  - Cao Bang: 547
  - Dak Lak: 547
  - Dak Nong: 547
  - Dien Bien: 547
  - Dong Nai: 547
  - Dong Thap: 547
  - Gia Lai: 547
  - Ha Giang: 547
  - Ha Nam: 547
  - Ha Tinh: 547
  - Hai Duong: 547
  - Hau Giang: 547
  - Hoa Binh: 547
  - Hung Yen: 547
  - Khanh Hoa: 547
  - Kien Giang: 547
  - Kon Tum: 547
  - Lai Chau: 547
  - Lam Dong: 547
  - Lang Son: 547
  - Lao Cai: 547
  - Long An: 546
  - Nam Dinh: 546
  - Nghe An: 546
  - Ninh Binh: 546
  - Ninh Thuan: 546
  - Phu Tho: 546
  - Phu Yen: 546
  - Quang Binh: 546
  - Quang Nam: 546
  - Quang Ngai: 546
  - Quang Ninh: 546
  - Quang Tri: 546
  - Soc Trang: 546
  - Son La: 546
  - Tay Ninh: 546
  - Thai Binh: 546
  - Thai Nguyen: 546
  - Thanh Hoa: 546
  - Thua Thien Hue: 546
  - Tien Giang: 546
  - Tra Vinh: 546
  - Tuyen Quang: 546
  - Vinh Long: 546
  - Vinh Phuc: 546
  - Yen Bai: 545
[Bootstrap] Progress:
  - Hanoi: 549
  - Ho Chi Minh: 549
  - Hai Phong: 549
  - Da Nang: 549
  - Can Tho: 548
  - An Giang: 548
  - Ba Ria - Vung Tau: 548
  - Bac Giang: 548
  - Bac Kan: 548
  - Bac Lieu: 548
  - Bac Ninh: 548
  - Ben Tre: 547
  - Binh Dinh: 548
  - Binh Duong: 548
  - Binh Phuoc: 548
  - Binh Thuan: 548
  - Ca Mau: 548
  - Cao Bang: 548
  - Dak Lak: 548
  - Dak Nong: 548
  - Dien Bien: 548
  - Dong Nai: 548
  - Dong Thap: 548
  - Gia Lai: 548
  - Ha Giang: 548
  - Ha Nam: 548
  - Ha Tinh: 548
  - Hai Duong: 548
  - Hau Giang: 548
  - Hoa Binh: 548
  - Hung Yen: 548
  - Khanh Hoa: 548
  - Kien Giang: 548
  - Kon Tum: 548
  - Lai Chau: 548
  - Lam Dong: 548
  - Lang Son: 548
  - Lao Cai: 548
  - Long An: 547
  - Nam Dinh: 547
  - Nghe An: 547
  - Ninh Binh: 547
  - Ninh Thuan: 547
  - Phu Tho: 547
  - Phu Yen: 547
  - Quang Binh: 547
  - Quang Nam: 547
  - Quang Ngai: 547
  - Quang Ninh: 547
  - Quang Tri: 547
  - Soc Trang: 547
  - Son La: 547
  - Tay Ninh: 547
  - Thai Binh: 547
  - Thai Nguyen: 547
  - Thanh Hoa: 547
  - Thua Thien Hue: 547
  - Tien Giang: 547
  - Tra Vinh: 547
  - Tuyen Quang: 547
  - Vinh Long: 547
  - Vinh Phuc: 547
  - Yen Bai: 546
[Bootstrap] Progress:
  - Hanoi: 550
  - Ho Chi Minh: 550
  - Hai Phong: 550
  - Da Nang: 550
  - Can Tho: 549
  - An Giang: 549
  - Ba Ria - Vung Tau: 549
  - Bac Giang: 549
  - Bac Kan: 549
  - Bac Lieu: 549
  - Bac Ninh: 549
  - Ben Tre: 548
  - Binh Dinh: 549
  - Binh Duong: 549
  - Binh Phuoc: 549
  - Binh Thuan: 549
  - Ca Mau: 549
  - Cao Bang: 549
  - Dak Lak: 549
  - Dak Nong: 549
  - Dien Bien: 549
  - Dong Nai: 549
  - Dong Thap: 549
  - Gia Lai: 549
  - Ha Giang: 549
  - Ha Nam: 549
  - Ha Tinh: 549
  - Hai Duong: 549
  - Hau Giang: 549
  - Hoa Binh: 549
  - Hung Yen: 549
  - Khanh Hoa: 549
  - Kien Giang: 549
  - Kon Tum: 549
  - Lai Chau: 549
  - Lam Dong: 549
  - Lang Son: 549
  - Lao Cai: 549
  - Long An: 548
  - Nam Dinh: 548
  - Nghe An: 548
  - Ninh Binh: 548
  - Ninh Thuan: 548
  - Phu Tho: 548
  - Phu Yen: 548
  - Quang Binh: 548
  - Quang Nam: 548
  - Quang Ngai: 548
  - Quang Ninh: 548
  - Quang Tri: 548
  - Soc Trang: 548
  - Son La: 548
  - Tay Ninh: 548
  - Thai Binh: 548
  - Thai Nguyen: 548
  - Thanh Hoa: 548
  - Thua Thien Hue: 548
  - Tien Giang: 548
  - Tra Vinh: 548
  - Tuyen Quang: 548
  - Vinh Long: 548
  - Vinh Phuc: 548
  - Yen Bai: 547
[Bootstrap] Progress:
  - Hanoi: 551
  - Ho Chi Minh: 551
  - Hai Phong: 551
  - Da Nang: 551
  - Can Tho: 550
  - An Giang: 550
  - Ba Ria - Vung Tau: 550
  - Bac Giang: 550
  - Bac Kan: 550
  - Bac Lieu: 550
  - Bac Ninh: 550
  - Ben Tre: 549
  - Binh Dinh: 550
  - Binh Duong: 550
  - Binh Phuoc: 550
  - Binh Thuan: 550
  - Ca Mau: 550
  - Cao Bang: 550
  - Dak Lak: 550
  - Dak Nong: 550
  - Dien Bien: 550
  - Dong Nai: 550
  - Dong Thap: 550
  - Gia Lai: 550
  - Ha Giang: 550
  - Ha Nam: 550
  - Ha Tinh: 550
  - Hai Duong: 550
  - Hau Giang: 550
  - Hoa Binh: 550
  - Hung Yen: 550
  - Khanh Hoa: 550
  - Kien Giang: 550
  - Kon Tum: 550
  - Lai Chau: 550
  - Lam Dong: 550
  - Lang Son: 550
  - Lao Cai: 550
  - Long An: 549
  - Nam Dinh: 549
  - Nghe An: 549
  - Ninh Binh: 549
  - Ninh Thuan: 549
  - Phu Tho: 549
  - Phu Yen: 549
  - Quang Binh: 549
  - Quang Nam: 549
  - Quang Ngai: 549
  - Quang Ninh: 549
  - Quang Tri: 549
  - Soc Trang: 549
  - Son La: 549
  - Tay Ninh: 549
  - Thai Binh: 549
  - Thai Nguyen: 549
  - Thanh Hoa: 549
  - Thua Thien Hue: 549
  - Tien Giang: 549
  - Tra Vinh: 549
  - Tuyen Quang: 549
  - Vinh Long: 549
  - Vinh Phuc: 549
  - Yen Bai: 548
[Bootstrap] Progress:
  - Hanoi: 552
  - Ho Chi Minh: 552
  - Hai Phong: 552
  - Da Nang: 552
  - Can Tho: 551
  - An Giang: 551
  - Ba Ria - Vung Tau: 551
  - Bac Giang: 551
  - Bac Kan: 551
  - Bac Lieu: 551
  - Bac Ninh: 551
  - Ben Tre: 550
  - Binh Dinh: 551
  - Binh Duong: 551
  - Binh Phuoc: 551
  - Binh Thuan: 551
  - Ca Mau: 551
  - Cao Bang: 551
  - Dak Lak: 551
  - Dak Nong: 551
  - Dien Bien: 551
  - Dong Nai: 551
  - Dong Thap: 551
  - Gia Lai: 551
  - Ha Giang: 551
  - Ha Nam: 551
  - Ha Tinh: 551
  - Hai Duong: 551
  - Hau Giang: 551
  - Hoa Binh: 551
  - Hung Yen: 551
  - Khanh Hoa: 551
  - Kien Giang: 551
  - Kon Tum: 551
  - Lai Chau: 551
  - Lam Dong: 551
  - Lang Son: 551
  - Lao Cai: 551
  - Long An: 550
  - Nam Dinh: 550
  - Nghe An: 550
  - Ninh Binh: 550
  - Ninh Thuan: 550
  - Phu Tho: 550
  - Phu Yen: 550
  - Quang Binh: 550
  - Quang Nam: 550
  - Quang Ngai: 550
  - Quang Ninh: 550
  - Quang Tri: 550
  - Soc Trang: 550
  - Son La: 550
  - Tay Ninh: 550
  - Thai Binh: 550
  - Thai Nguyen: 550
  - Thanh Hoa: 550
  - Thua Thien Hue: 550
  - Tien Giang: 550
  - Tra Vinh: 550
  - Tuyen Quang: 550
  - Vinh Long: 550
  - Vinh Phuc: 550
  - Yen Bai: 549
[Bootstrap] Progress:
  - Hanoi: 553
  - Ho Chi Minh: 553
  - Hai Phong: 553
  - Da Nang: 553
  - Can Tho: 552
  - An Giang: 552
  - Ba Ria - Vung Tau: 552
  - Bac Giang: 552
  - Bac Kan: 552
  - Bac Lieu: 552
  - Bac Ninh: 552
  - Ben Tre: 551
  - Binh Dinh: 552
  - Binh Duong: 552
  - Binh Phuoc: 552
  - Binh Thuan: 552
  - Ca Mau: 552
  - Cao Bang: 552
  - Dak Lak: 552
  - Dak Nong: 552
  - Dien Bien: 552
  - Dong Nai: 552
  - Dong Thap: 552
  - Gia Lai: 552
  - Ha Giang: 552
  - Ha Nam: 552
  - Ha Tinh: 552
  - Hai Duong: 552
  - Hau Giang: 552
  - Hoa Binh: 552
  - Hung Yen: 552
  - Khanh Hoa: 552
  - Kien Giang: 552
  - Kon Tum: 552
  - Lai Chau: 552
  - Lam Dong: 552
  - Lang Son: 552
  - Lao Cai: 552
  - Long An: 551
  - Nam Dinh: 551
  - Nghe An: 551
  - Ninh Binh: 551
  - Ninh Thuan: 551
  - Phu Tho: 551
  - Phu Yen: 551
  - Quang Binh: 551
  - Quang Nam: 551
  - Quang Ngai: 551
  - Quang Ninh: 551
  - Quang Tri: 551
  - Soc Trang: 551
  - Son La: 551
  - Tay Ninh: 551
  - Thai Binh: 551
  - Thai Nguyen: 551
  - Thanh Hoa: 551
  - Thua Thien Hue: 551
  - Tien Giang: 551
  - Tra Vinh: 551
  - Tuyen Quang: 551
  - Vinh Long: 551
  - Vinh Phuc: 551
  - Yen Bai: 550
[Bootstrap] Progress:
  - Hanoi: 554
  - Ho Chi Minh: 554
  - Hai Phong: 554
  - Da Nang: 554
  - Can Tho: 553
  - An Giang: 553
  - Ba Ria - Vung Tau: 553
  - Bac Giang: 553
  - Bac Kan: 553
  - Bac Lieu: 553
  - Bac Ninh: 553
  - Ben Tre: 552
  - Binh Dinh: 553
  - Binh Duong: 553
  - Binh Phuoc: 553
  - Binh Thuan: 553
  - Ca Mau: 553
  - Cao Bang: 553
  - Dak Lak: 553
  - Dak Nong: 553
  - Dien Bien: 553
  - Dong Nai: 553
  - Dong Thap: 553
  - Gia Lai: 553
  - Ha Giang: 553
  - Ha Nam: 553
  - Ha Tinh: 553
  - Hai Duong: 553
  - Hau Giang: 553
  - Hoa Binh: 553
  - Hung Yen: 553
  - Khanh Hoa: 553
  - Kien Giang: 553
  - Kon Tum: 553
  - Lai Chau: 553
  - Lam Dong: 553
  - Lang Son: 553
  - Lao Cai: 553
  - Long An: 552
  - Nam Dinh: 552
  - Nghe An: 552
  - Ninh Binh: 552
  - Ninh Thuan: 552
  - Phu Tho: 552
  - Phu Yen: 552
  - Quang Binh: 552
  - Quang Nam: 552
  - Quang Ngai: 552
  - Quang Ninh: 552
  - Quang Tri: 552
  - Soc Trang: 552
  - Son La: 552
  - Tay Ninh: 552
  - Thai Binh: 552
  - Thai Nguyen: 552
  - Thanh Hoa: 552
  - Thua Thien Hue: 552
  - Tien Giang: 552
  - Tra Vinh: 552
  - Tuyen Quang: 552
  - Vinh Long: 552
  - Vinh Phuc: 552
  - Yen Bai: 551
[Bootstrap] Progress:
  - Hanoi: 555
  - Ho Chi Minh: 555
  - Hai Phong: 555
  - Da Nang: 555
  - Can Tho: 554
  - An Giang: 554
  - Ba Ria - Vung Tau: 554
  - Bac Giang: 554
  - Bac Kan: 554
  - Bac Lieu: 554
  - Bac Ninh: 554
  - Ben Tre: 553
  - Binh Dinh: 554
  - Binh Duong: 554
  - Binh Phuoc: 554
  - Binh Thuan: 554
  - Ca Mau: 554
  - Cao Bang: 554
  - Dak Lak: 554
  - Dak Nong: 554
  - Dien Bien: 554
  - Dong Nai: 554
  - Dong Thap: 554
  - Gia Lai: 554
  - Ha Giang: 554
  - Ha Nam: 554
  - Ha Tinh: 554
  - Hai Duong: 554
  - Hau Giang: 554
  - Hoa Binh: 554
  - Hung Yen: 554
  - Khanh Hoa: 554
  - Kien Giang: 554
  - Kon Tum: 554
  - Lai Chau: 554
  - Lam Dong: 554
  - Lang Son: 554
  - Lao Cai: 554
  - Long An: 553
  - Nam Dinh: 553
  - Nghe An: 553
  - Ninh Binh: 553
  - Ninh Thuan: 553
  - Phu Tho: 553
  - Phu Yen: 553
  - Quang Binh: 553
  - Quang Nam: 553
  - Quang Ngai: 553
  - Quang Ninh: 553
  - Quang Tri: 553
  - Soc Trang: 553
  - Son La: 553
  - Tay Ninh: 553
  - Thai Binh: 553
  - Thai Nguyen: 553
  - Thanh Hoa: 553
  - Thua Thien Hue: 553
  - Tien Giang: 553
  - Tra Vinh: 553
  - Tuyen Quang: 553
  - Vinh Long: 553
  - Vinh Phuc: 553
  - Yen Bai: 552
[Bootstrap] Progress:
  - Hanoi: 556
  - Ho Chi Minh: 556
  - Hai Phong: 556
  - Da Nang: 556
  - Can Tho: 555
  - An Giang: 555
  - Ba Ria - Vung Tau: 555
  - Bac Giang: 555
  - Bac Kan: 555
  - Bac Lieu: 555
  - Bac Ninh: 555
  - Ben Tre: 554
  - Binh Dinh: 555
  - Binh Duong: 555
  - Binh Phuoc: 555
  - Binh Thuan: 555
  - Ca Mau: 555
  - Cao Bang: 555
  - Dak Lak: 555
  - Dak Nong: 555
  - Dien Bien: 555
  - Dong Nai: 555
  - Dong Thap: 555
  - Gia Lai: 555
  - Ha Giang: 555
  - Ha Nam: 555
  - Ha Tinh: 555
  - Hai Duong: 555
  - Hau Giang: 555
  - Hoa Binh: 555
  - Hung Yen: 555
  - Khanh Hoa: 555
  - Kien Giang: 555
  - Kon Tum: 555
  - Lai Chau: 555
  - Lam Dong: 555
  - Lang Son: 555
  - Lao Cai: 555
  - Long An: 554
  - Nam Dinh: 554
  - Nghe An: 554
  - Ninh Binh: 554
  - Ninh Thuan: 554
  - Phu Tho: 554
  - Phu Yen: 554
  - Quang Binh: 554
  - Quang Nam: 554
  - Quang Ngai: 554
  - Quang Ninh: 554
  - Quang Tri: 554
  - Soc Trang: 554
  - Son La: 554
  - Tay Ninh: 554
  - Thai Binh: 554
  - Thai Nguyen: 554
  - Thanh Hoa: 554
  - Thua Thien Hue: 554
  - Tien Giang: 554
  - Tra Vinh: 554
  - Tuyen Quang: 554
  - Vinh Long: 554
  - Vinh Phuc: 554
  - Yen Bai: 553
[Bootstrap] Progress:
  - Hanoi: 557
  - Ho Chi Minh: 557
  - Hai Phong: 557
  - Da Nang: 557
  - Can Tho: 556
  - An Giang: 556
  - Ba Ria - Vung Tau: 556
  - Bac Giang: 556
  - Bac Kan: 556
  - Bac Lieu: 556
  - Bac Ninh: 556
  - Ben Tre: 555
  - Binh Dinh: 556
  - Binh Duong: 556
  - Binh Phuoc: 556
  - Binh Thuan: 556
  - Ca Mau: 556
  - Cao Bang: 556
  - Dak Lak: 556
  - Dak Nong: 556
  - Dien Bien: 556
  - Dong Nai: 556
  - Dong Thap: 556
  - Gia Lai: 556
  - Ha Giang: 556
  - Ha Nam: 556
  - Ha Tinh: 556
  - Hai Duong: 556
  - Hau Giang: 556
  - Hoa Binh: 556
  - Hung Yen: 556
  - Khanh Hoa: 556
  - Kien Giang: 556
  - Kon Tum: 556
  - Lai Chau: 556
  - Lam Dong: 556
  - Lang Son: 556
  - Lao Cai: 556
  - Long An: 555
  - Nam Dinh: 555
  - Nghe An: 555
  - Ninh Binh: 555
  - Ninh Thuan: 555
  - Phu Tho: 555
  - Phu Yen: 555
  - Quang Binh: 555
  - Quang Nam: 555
  - Quang Ngai: 555
  - Quang Ninh: 555
  - Quang Tri: 555
  - Soc Trang: 555
  - Son La: 555
  - Tay Ninh: 555
  - Thai Binh: 555
  - Thai Nguyen: 555
  - Thanh Hoa: 555
  - Thua Thien Hue: 555
  - Tien Giang: 555
  - Tra Vinh: 555
  - Tuyen Quang: 555
  - Vinh Long: 555
  - Vinh Phuc: 555
  - Yen Bai: 554
[Bootstrap] Progress:
  - Hanoi: 558
  - Ho Chi Minh: 558
  - Hai Phong: 558
  - Da Nang: 558
  - Can Tho: 557
  - An Giang: 557
  - Ba Ria - Vung Tau: 557
  - Bac Giang: 557
  - Bac Kan: 557
  - Bac Lieu: 557
  - Bac Ninh: 557
  - Ben Tre: 556
  - Binh Dinh: 557
  - Binh Duong: 557
  - Binh Phuoc: 557
  - Binh Thuan: 557
  - Ca Mau: 557
  - Cao Bang: 557
  - Dak Lak: 557
  - Dak Nong: 557
  - Dien Bien: 557
  - Dong Nai: 557
  - Dong Thap: 557
  - Gia Lai: 557
  - Ha Giang: 557
  - Ha Nam: 557
  - Ha Tinh: 557
  - Hai Duong: 557
  - Hau Giang: 557
  - Hoa Binh: 557
  - Hung Yen: 557
  - Khanh Hoa: 557
  - Kien Giang: 557
  - Kon Tum: 557
  - Lai Chau: 557
  - Lam Dong: 557
  - Lang Son: 557
  - Lao Cai: 557
  - Long An: 556
  - Nam Dinh: 556
  - Nghe An: 556
  - Ninh Binh: 556
  - Ninh Thuan: 556
  - Phu Tho: 556
  - Phu Yen: 556
  - Quang Binh: 556
  - Quang Nam: 556
  - Quang Ngai: 556
  - Quang Ninh: 556
  - Quang Tri: 556
  - Soc Trang: 556
  - Son La: 556
  - Tay Ninh: 556
  - Thai Binh: 556
  - Thai Nguyen: 556
  - Thanh Hoa: 556
  - Thua Thien Hue: 556
  - Tien Giang: 556
  - Tra Vinh: 556
  - Tuyen Quang: 556
  - Vinh Long: 556
  - Vinh Phuc: 556
  - Yen Bai: 555
[Bootstrap] Progress:
  - Hanoi: 560
  - Ho Chi Minh: 560
  - Hai Phong: 560
  - Da Nang: 560
  - Can Tho: 559
  - An Giang: 559
  - Ba Ria - Vung Tau: 559
  - Bac Giang: 559
  - Bac Kan: 559
  - Bac Lieu: 559
  - Bac Ninh: 559
  - Ben Tre: 557
  - Binh Dinh: 558
  - Binh Duong: 558
  - Binh Phuoc: 558
  - Binh Thuan: 558
  - Ca Mau: 558
  - Cao Bang: 558
  - Dak Lak: 558
  - Dak Nong: 558
  - Dien Bien: 558
  - Dong Nai: 558
  - Dong Thap: 558
  - Gia Lai: 558
  - Ha Giang: 558
  - Ha Nam: 558
  - Ha Tinh: 558
  - Hai Duong: 558
  - Hau Giang: 558
  - Hoa Binh: 558
  - Hung Yen: 558
  - Khanh Hoa: 558
  - Kien Giang: 558
  - Kon Tum: 558
  - Lai Chau: 558
  - Lam Dong: 558
  - Lang Son: 558
  - Lao Cai: 558
  - Long An: 557
  - Nam Dinh: 557
  - Nghe An: 557
  - Ninh Binh: 557
  - Ninh Thuan: 557
  - Phu Tho: 557
  - Phu Yen: 557
  - Quang Binh: 557
  - Quang Nam: 557
  - Quang Ngai: 557
  - Quang Ninh: 557
  - Quang Tri: 557
  - Soc Trang: 557
  - Son La: 557
  - Tay Ninh: 557
  - Thai Binh: 557
  - Thai Nguyen: 557
  - Thanh Hoa: 557
  - Thua Thien Hue: 557
  - Tien Giang: 557
  - Tra Vinh: 557
  - Tuyen Quang: 557
  - Vinh Long: 557
  - Vinh Phuc: 557
  - Yen Bai: 556
[Bootstrap] Progress:
  - Hanoi: 562
  - Ho Chi Minh: 562
  - Hai Phong: 562
  - Da Nang: 562
  - Can Tho: 561
  - An Giang: 561
  - Ba Ria - Vung Tau: 561
  - Bac Giang: 561
  - Bac Kan: 561
  - Bac Lieu: 561
  - Bac Ninh: 561
  - Ben Tre: 560
  - Binh Dinh: 561
  - Binh Duong: 561
  - Binh Phuoc: 561
  - Binh Thuan: 561
  - Ca Mau: 561
  - Cao Bang: 561
  - Dak Lak: 561
  - Dak Nong: 561
  - Dien Bien: 561
  - Dong Nai: 561
  - Dong Thap: 561
  - Gia Lai: 561
  - Ha Giang: 561
  - Ha Nam: 561
  - Ha Tinh: 561
  - Hai Duong: 561
  - Hau Giang: 561
  - Hoa Binh: 561
  - Hung Yen: 561
  - Khanh Hoa: 561
  - Kien Giang: 561
  - Kon Tum: 561
  - Lai Chau: 561
  - Lam Dong: 561
  - Lang Son: 561
  - Lao Cai: 561
  - Long An: 560
  - Nam Dinh: 560
  - Nghe An: 560
  - Ninh Binh: 560
  - Ninh Thuan: 560
  - Phu Tho: 560
  - Phu Yen: 560
  - Quang Binh: 560
  - Quang Nam: 560
  - Quang Ngai: 560
  - Quang Ninh: 560
  - Quang Tri: 560
  - Soc Trang: 560
  - Son La: 560
  - Tay Ninh: 560
  - Thai Binh: 560
  - Thai Nguyen: 560
  - Thanh Hoa: 560
  - Thua Thien Hue: 560
  - Tien Giang: 560
  - Tra Vinh: 560
  - Tuyen Quang: 560
  - Vinh Long: 560
  - Vinh Phuc: 560
  - Yen Bai: 559
[Bootstrap] Progress:
  - Hanoi: 563
  - Ho Chi Minh: 563
  - Hai Phong: 563
  - Da Nang: 563
  - Can Tho: 562
  - An Giang: 562
  - Ba Ria - Vung Tau: 562
  - Bac Giang: 562
  - Bac Kan: 562
  - Bac Lieu: 562
  - Bac Ninh: 562
  - Ben Tre: 561
  - Binh Dinh: 562
  - Binh Duong: 562
  - Binh Phuoc: 562
  - Binh Thuan: 562
  - Ca Mau: 562
  - Cao Bang: 562
  - Dak Lak: 562
  - Dak Nong: 562
  - Dien Bien: 562
  - Dong Nai: 562
  - Dong Thap: 562
  - Gia Lai: 562
  - Ha Giang: 562
  - Ha Nam: 562
  - Ha Tinh: 562
  - Hai Duong: 562
  - Hau Giang: 562
  - Hoa Binh: 562
  - Hung Yen: 562
  - Khanh Hoa: 562
  - Kien Giang: 562
  - Kon Tum: 562
  - Lai Chau: 562
  - Lam Dong: 562
  - Lang Son: 562
  - Lao Cai: 562
  - Long An: 561
  - Nam Dinh: 561
  - Nghe An: 561
  - Ninh Binh: 561
  - Ninh Thuan: 561
  - Phu Tho: 561
  - Phu Yen: 561
  - Quang Binh: 561
  - Quang Nam: 561
  - Quang Ngai: 561
  - Quang Ninh: 561
  - Quang Tri: 561
  - Soc Trang: 561
  - Son La: 561
  - Tay Ninh: 561
  - Thai Binh: 561
  - Thai Nguyen: 561
  - Thanh Hoa: 561
  - Thua Thien Hue: 561
  - Tien Giang: 561
  - Tra Vinh: 561
  - Tuyen Quang: 561
  - Vinh Long: 561
  - Vinh Phuc: 561
  - Yen Bai: 560
[Bootstrap] Progress:
  - Hanoi: 564
  - Ho Chi Minh: 564
  - Hai Phong: 564
  - Da Nang: 564
  - Can Tho: 563
  - An Giang: 563
  - Ba Ria - Vung Tau: 563
  - Bac Giang: 563
  - Bac Kan: 563
  - Bac Lieu: 563
  - Bac Ninh: 563
  - Ben Tre: 562
  - Binh Dinh: 563
  - Binh Duong: 563
  - Binh Phuoc: 563
  - Binh Thuan: 563
  - Ca Mau: 563
  - Cao Bang: 563
  - Dak Lak: 563
  - Dak Nong: 563
  - Dien Bien: 563
  - Dong Nai: 563
  - Dong Thap: 563
  - Gia Lai: 563
  - Ha Giang: 563
  - Ha Nam: 563
  - Ha Tinh: 563
  - Hai Duong: 563
  - Hau Giang: 563
  - Hoa Binh: 563
  - Hung Yen: 563
  - Khanh Hoa: 563
  - Kien Giang: 563
  - Kon Tum: 563
  - Lai Chau: 563
  - Lam Dong: 563
  - Lang Son: 563
  - Lao Cai: 563
  - Long An: 562
  - Nam Dinh: 562
  - Nghe An: 562
  - Ninh Binh: 562
  - Ninh Thuan: 562
  - Phu Tho: 562
  - Phu Yen: 562
  - Quang Binh: 562
  - Quang Nam: 562
  - Quang Ngai: 562
  - Quang Ninh: 562
  - Quang Tri: 562
  - Soc Trang: 562
  - Son La: 562
  - Tay Ninh: 562
  - Thai Binh: 562
  - Thai Nguyen: 562
  - Thanh Hoa: 562
  - Thua Thien Hue: 562
  - Tien Giang: 562
  - Tra Vinh: 562
  - Tuyen Quang: 562
  - Vinh Long: 562
  - Vinh Phuc: 562
  - Yen Bai: 561
[Bootstrap] Progress:
  - Hanoi: 565
  - Ho Chi Minh: 565
  - Hai Phong: 565
  - Da Nang: 565
  - Can Tho: 564
  - An Giang: 564
  - Ba Ria - Vung Tau: 564
  - Bac Giang: 564
  - Bac Kan: 564
  - Bac Lieu: 564
  - Bac Ninh: 564
  - Ben Tre: 563
  - Binh Dinh: 564
  - Binh Duong: 564
  - Binh Phuoc: 564
  - Binh Thuan: 564
  - Ca Mau: 564
  - Cao Bang: 564
  - Dak Lak: 564
  - Dak Nong: 564
  - Dien Bien: 564
  - Dong Nai: 564
  - Dong Thap: 564
  - Gia Lai: 564
  - Ha Giang: 564
  - Ha Nam: 564
  - Ha Tinh: 564
  - Hai Duong: 564
  - Hau Giang: 564
  - Hoa Binh: 564
  - Hung Yen: 564
  - Khanh Hoa: 564
  - Kien Giang: 564
  - Kon Tum: 564
  - Lai Chau: 564
  - Lam Dong: 564
  - Lang Son: 564
  - Lao Cai: 564
  - Long An: 563
  - Nam Dinh: 563
  - Nghe An: 563
  - Ninh Binh: 563
  - Ninh Thuan: 563
  - Phu Tho: 563
  - Phu Yen: 563
  - Quang Binh: 563
  - Quang Nam: 563
  - Quang Ngai: 563
  - Quang Ninh: 563
  - Quang Tri: 563
  - Soc Trang: 563
  - Son La: 563
  - Tay Ninh: 563
  - Thai Binh: 563
  - Thai Nguyen: 563
  - Thanh Hoa: 563
  - Thua Thien Hue: 563
  - Tien Giang: 563
  - Tra Vinh: 563
  - Tuyen Quang: 563
  - Vinh Long: 563
  - Vinh Phuc: 563
  - Yen Bai: 562
[Bootstrap] Progress:
  - Hanoi: 566
  - Ho Chi Minh: 566
  - Hai Phong: 566
  - Da Nang: 566
  - Can Tho: 565
  - An Giang: 565
  - Ba Ria - Vung Tau: 565
  - Bac Giang: 565
  - Bac Kan: 565
  - Bac Lieu: 565
  - Bac Ninh: 565
  - Ben Tre: 564
  - Binh Dinh: 565
  - Binh Duong: 565
  - Binh Phuoc: 565
  - Binh Thuan: 565
  - Ca Mau: 565
  - Cao Bang: 565
  - Dak Lak: 565
  - Dak Nong: 565
  - Dien Bien: 565
  - Dong Nai: 565
  - Dong Thap: 565
  - Gia Lai: 565
  - Ha Giang: 565
  - Ha Nam: 565
  - Ha Tinh: 565
  - Hai Duong: 565
  - Hau Giang: 565
  - Hoa Binh: 565
  - Hung Yen: 565
  - Khanh Hoa: 565
  - Kien Giang: 565
  - Kon Tum: 565
  - Lai Chau: 565
  - Lam Dong: 565
  - Lang Son: 565
  - Lao Cai: 565
  - Long An: 564
  - Nam Dinh: 564
  - Nghe An: 564
  - Ninh Binh: 564
  - Ninh Thuan: 564
  - Phu Tho: 564
  - Phu Yen: 564
  - Quang Binh: 564
  - Quang Nam: 564
  - Quang Ngai: 564
  - Quang Ninh: 564
  - Quang Tri: 564
  - Soc Trang: 564
  - Son La: 564
  - Tay Ninh: 564
  - Thai Binh: 564
  - Thai Nguyen: 564
  - Thanh Hoa: 564
  - Thua Thien Hue: 564
  - Tien Giang: 564
  - Tra Vinh: 564
  - Tuyen Quang: 564
  - Vinh Long: 564
  - Vinh Phuc: 564
  - Yen Bai: 563
[Bootstrap] Progress:
  - Hanoi: 567
  - Ho Chi Minh: 567
  - Hai Phong: 567
  - Da Nang: 567
  - Can Tho: 566
  - An Giang: 566
  - Ba Ria - Vung Tau: 566
  - Bac Giang: 566
  - Bac Kan: 566
  - Bac Lieu: 566
  - Bac Ninh: 566
  - Ben Tre: 565
  - Binh Dinh: 566
  - Binh Duong: 566
  - Binh Phuoc: 566
  - Binh Thuan: 566
  - Ca Mau: 566
  - Cao Bang: 566
  - Dak Lak: 566
  - Dak Nong: 566
  - Dien Bien: 566
  - Dong Nai: 566
  - Dong Thap: 566
  - Gia Lai: 566
  - Ha Giang: 566
  - Ha Nam: 566
  - Ha Tinh: 566
  - Hai Duong: 566
  - Hau Giang: 566
  - Hoa Binh: 566
  - Hung Yen: 566
  - Khanh Hoa: 566
  - Kien Giang: 566
  - Kon Tum: 566
  - Lai Chau: 566
  - Lam Dong: 566
  - Lang Son: 566
  - Lao Cai: 566
  - Long An: 565
  - Nam Dinh: 565
  - Nghe An: 565
  - Ninh Binh: 565
  - Ninh Thuan: 565
  - Phu Tho: 565
  - Phu Yen: 565
  - Quang Binh: 565
  - Quang Nam: 565
  - Quang Ngai: 565
  - Quang Ninh: 565
  - Quang Tri: 565
  - Soc Trang: 565
  - Son La: 565
  - Tay Ninh: 565
  - Thai Binh: 565
  - Thai Nguyen: 565
  - Thanh Hoa: 565
  - Thua Thien Hue: 565
  - Tien Giang: 565
  - Tra Vinh: 565
  - Tuyen Quang: 565
  - Vinh Long: 565
  - Vinh Phuc: 565
  - Yen Bai: 564
[Bootstrap] Progress:
  - Hanoi: 568
  - Ho Chi Minh: 568
  - Hai Phong: 568
  - Da Nang: 568
  - Can Tho: 567
  - An Giang: 567
  - Ba Ria - Vung Tau: 567
  - Bac Giang: 567
  - Bac Kan: 567
  - Bac Lieu: 567
  - Bac Ninh: 567
  - Ben Tre: 566
  - Binh Dinh: 567
  - Binh Duong: 567
  - Binh Phuoc: 567
  - Binh Thuan: 567
  - Ca Mau: 567
  - Cao Bang: 567
  - Dak Lak: 567
  - Dak Nong: 567
  - Dien Bien: 567
  - Dong Nai: 567
  - Dong Thap: 567
  - Gia Lai: 567
  - Ha Giang: 567
  - Ha Nam: 567
  - Ha Tinh: 567
  - Hai Duong: 567
  - Hau Giang: 567
  - Hoa Binh: 567
  - Hung Yen: 567
  - Khanh Hoa: 567
  - Kien Giang: 567
  - Kon Tum: 567
  - Lai Chau: 567
  - Lam Dong: 567
  - Lang Son: 567
  - Lao Cai: 567
  - Long An: 566
  - Nam Dinh: 566
  - Nghe An: 566
  - Ninh Binh: 566
  - Ninh Thuan: 566
  - Phu Tho: 566
  - Phu Yen: 566
  - Quang Binh: 566
  - Quang Nam: 566
  - Quang Ngai: 566
  - Quang Ninh: 566
  - Quang Tri: 566
  - Soc Trang: 566
  - Son La: 566
  - Tay Ninh: 566
  - Thai Binh: 566
  - Thai Nguyen: 566
  - Thanh Hoa: 566
  - Thua Thien Hue: 566
  - Tien Giang: 566
  - Tra Vinh: 566
  - Tuyen Quang: 566
  - Vinh Long: 566
  - Vinh Phuc: 566
  - Yen Bai: 565
[Bootstrap] Progress:
  - Hanoi: 569
  - Ho Chi Minh: 569
  - Hai Phong: 569
  - Da Nang: 569
  - Can Tho: 568
  - An Giang: 568
  - Ba Ria - Vung Tau: 568
  - Bac Giang: 568
  - Bac Kan: 568
  - Bac Lieu: 568
  - Bac Ninh: 568
  - Ben Tre: 567
  - Binh Dinh: 568
  - Binh Duong: 568
  - Binh Phuoc: 568
  - Binh Thuan: 568
  - Ca Mau: 568
  - Cao Bang: 568
  - Dak Lak: 568
  - Dak Nong: 568
  - Dien Bien: 568
  - Dong Nai: 568
  - Dong Thap: 568
  - Gia Lai: 568
  - Ha Giang: 568
  - Ha Nam: 568
  - Ha Tinh: 568
  - Hai Duong: 568
  - Hau Giang: 568
  - Hoa Binh: 568
  - Hung Yen: 568
  - Khanh Hoa: 568
  - Kien Giang: 568
  - Kon Tum: 568
  - Lai Chau: 568
  - Lam Dong: 568
  - Lang Son: 568
  - Lao Cai: 568
  - Long An: 567
  - Nam Dinh: 567
  - Nghe An: 567
  - Ninh Binh: 567
  - Ninh Thuan: 567
  - Phu Tho: 567
  - Phu Yen: 567
  - Quang Binh: 567
  - Quang Nam: 567
  - Quang Ngai: 567
  - Quang Ninh: 567
  - Quang Tri: 567
  - Soc Trang: 567
  - Son La: 567
  - Tay Ninh: 567
  - Thai Binh: 567
  - Thai Nguyen: 567
  - Thanh Hoa: 567
  - Thua Thien Hue: 567
  - Tien Giang: 567
  - Tra Vinh: 567
  - Tuyen Quang: 567
  - Vinh Long: 567
  - Vinh Phuc: 567
  - Yen Bai: 566
[Bootstrap] Progress:
  - Hanoi: 570
  - Ho Chi Minh: 570
  - Hai Phong: 570
  - Da Nang: 570
  - Can Tho: 569
  - An Giang: 569
  - Ba Ria - Vung Tau: 569
  - Bac Giang: 569
  - Bac Kan: 569
  - Bac Lieu: 569
  - Bac Ninh: 569
  - Ben Tre: 568
  - Binh Dinh: 569
  - Binh Duong: 569
  - Binh Phuoc: 569
  - Binh Thuan: 569
  - Ca Mau: 569
  - Cao Bang: 569
  - Dak Lak: 569
  - Dak Nong: 569
  - Dien Bien: 569
  - Dong Nai: 569
  - Dong Thap: 569
  - Gia Lai: 569
  - Ha Giang: 569
  - Ha Nam: 569
  - Ha Tinh: 569
  - Hai Duong: 569
  - Hau Giang: 569
  - Hoa Binh: 569
  - Hung Yen: 569
  - Khanh Hoa: 569
  - Kien Giang: 569
  - Kon Tum: 569
  - Lai Chau: 569
  - Lam Dong: 569
  - Lang Son: 569
  - Lao Cai: 569
  - Long An: 568
  - Nam Dinh: 568
  - Nghe An: 568
  - Ninh Binh: 568
  - Ninh Thuan: 568
  - Phu Tho: 568
  - Phu Yen: 568
  - Quang Binh: 568
  - Quang Nam: 568
  - Quang Ngai: 568
  - Quang Ninh: 568
  - Quang Tri: 568
  - Soc Trang: 568
  - Son La: 568
  - Tay Ninh: 568
  - Thai Binh: 568
  - Thai Nguyen: 568
  - Thanh Hoa: 568
  - Thua Thien Hue: 568
  - Tien Giang: 568
  - Tra Vinh: 568
  - Tuyen Quang: 568
  - Vinh Long: 568
  - Vinh Phuc: 568
  - Yen Bai: 567
[Bootstrap] Progress:
  - Hanoi: 571
  - Ho Chi Minh: 571
  - Hai Phong: 571
  - Da Nang: 571
  - Can Tho: 570
  - An Giang: 570
  - Ba Ria - Vung Tau: 570
  - Bac Giang: 570
  - Bac Kan: 570
  - Bac Lieu: 570
  - Bac Ninh: 570
  - Ben Tre: 569
  - Binh Dinh: 570
  - Binh Duong: 570
  - Binh Phuoc: 570
  - Binh Thuan: 570
  - Ca Mau: 570
  - Cao Bang: 570
  - Dak Lak: 570
  - Dak Nong: 570
  - Dien Bien: 570
  - Dong Nai: 570
  - Dong Thap: 570
  - Gia Lai: 570
  - Ha Giang: 570
  - Ha Nam: 570
  - Ha Tinh: 570
  - Hai Duong: 570
  - Hau Giang: 570
  - Hoa Binh: 570
  - Hung Yen: 570
  - Khanh Hoa: 570
  - Kien Giang: 570
  - Kon Tum: 570
  - Lai Chau: 570
  - Lam Dong: 570
  - Lang Son: 570
  - Lao Cai: 570
  - Long An: 569
  - Nam Dinh: 569
  - Nghe An: 569
  - Ninh Binh: 569
  - Ninh Thuan: 569
  - Phu Tho: 569
  - Phu Yen: 569
  - Quang Binh: 569
  - Quang Nam: 569
  - Quang Ngai: 569
  - Quang Ninh: 569
  - Quang Tri: 569
  - Soc Trang: 569
  - Son La: 569
  - Tay Ninh: 569
  - Thai Binh: 569
  - Thai Nguyen: 569
  - Thanh Hoa: 569
  - Thua Thien Hue: 569
  - Tien Giang: 569
  - Tra Vinh: 569
  - Tuyen Quang: 569
  - Vinh Long: 569
  - Vinh Phuc: 569
  - Yen Bai: 568
[Bootstrap] Progress:
  - Hanoi: 572
  - Ho Chi Minh: 572
  - Hai Phong: 572
  - Da Nang: 572
  - Can Tho: 571
  - An Giang: 571
  - Ba Ria - Vung Tau: 571
  - Bac Giang: 571
  - Bac Kan: 571
  - Bac Lieu: 571
  - Bac Ninh: 571
  - Ben Tre: 570
  - Binh Dinh: 571
  - Binh Duong: 571
  - Binh Phuoc: 571
  - Binh Thuan: 571
  - Ca Mau: 571
  - Cao Bang: 571
  - Dak Lak: 571
  - Dak Nong: 571
  - Dien Bien: 571
  - Dong Nai: 571
  - Dong Thap: 571
  - Gia Lai: 571
  - Ha Giang: 571
  - Ha Nam: 571
  - Ha Tinh: 571
  - Hai Duong: 571
  - Hau Giang: 571
  - Hoa Binh: 571
  - Hung Yen: 571
  - Khanh Hoa: 571
  - Kien Giang: 571
  - Kon Tum: 571
  - Lai Chau: 571
  - Lam Dong: 571
  - Lang Son: 571
  - Lao Cai: 571
  - Long An: 570
  - Nam Dinh: 570
  - Nghe An: 570
  - Ninh Binh: 570
  - Ninh Thuan: 570
  - Phu Tho: 570
  - Phu Yen: 570
  - Quang Binh: 570
  - Quang Nam: 570
  - Quang Ngai: 570
  - Quang Ninh: 570
  - Quang Tri: 570
  - Soc Trang: 570
  - Son La: 570
  - Tay Ninh: 570
  - Thai Binh: 570
  - Thai Nguyen: 570
  - Thanh Hoa: 570
  - Thua Thien Hue: 570
  - Tien Giang: 570
  - Tra Vinh: 570
  - Tuyen Quang: 570
  - Vinh Long: 570
  - Vinh Phuc: 570
  - Yen Bai: 569
[Bootstrap] Progress:
  - Hanoi: 574
  - Ho Chi Minh: 574
  - Hai Phong: 574
  - Da Nang: 574
  - Can Tho: 573
  - An Giang: 573
  - Ba Ria - Vung Tau: 573
  - Bac Giang: 573
  - Bac Kan: 573
  - Bac Lieu: 573
  - Bac Ninh: 573
  - Ben Tre: 572
  - Binh Dinh: 573
  - Binh Duong: 573
  - Binh Phuoc: 573
  - Binh Thuan: 573
  - Ca Mau: 573
  - Cao Bang: 573
  - Dak Lak: 573
  - Dak Nong: 573
  - Dien Bien: 573
  - Dong Nai: 572
  - Dong Thap: 572
  - Gia Lai: 572
  - Ha Giang: 572
  - Ha Nam: 572
  - Ha Tinh: 572
  - Hai Duong: 572
  - Hau Giang: 572
  - Hoa Binh: 572
  - Hung Yen: 572
  - Khanh Hoa: 572
  - Kien Giang: 572
  - Kon Tum: 572
  - Lai Chau: 572
  - Lam Dong: 572
  - Lang Son: 572
  - Lao Cai: 572
  - Long An: 571
  - Nam Dinh: 571
  - Nghe An: 571
  - Ninh Binh: 571
  - Ninh Thuan: 571
  - Phu Tho: 571
  - Phu Yen: 571
  - Quang Binh: 571
  - Quang Nam: 571
  - Quang Ngai: 571
  - Quang Ninh: 571
  - Quang Tri: 571
  - Soc Trang: 571
  - Son La: 571
  - Tay Ninh: 571
  - Thai Binh: 571
  - Thai Nguyen: 571
  - Thanh Hoa: 571
  - Thua Thien Hue: 571
  - Tien Giang: 571
  - Tra Vinh: 571
  - Tuyen Quang: 571
  - Vinh Long: 571
  - Vinh Phuc: 571
  - Yen Bai: 570
[Bootstrap] Progress:
  - Hanoi: 576
  - Ho Chi Minh: 576
  - Hai Phong: 576
  - Da Nang: 576
  - Can Tho: 575
  - An Giang: 575
  - Ba Ria - Vung Tau: 575
  - Bac Giang: 575
  - Bac Kan: 575
  - Bac Lieu: 575
  - Bac Ninh: 575
  - Ben Tre: 574
  - Binh Dinh: 575
  - Binh Duong: 575
  - Binh Phuoc: 575
  - Binh Thuan: 575
  - Ca Mau: 575
  - Cao Bang: 575
  - Dak Lak: 575
  - Dak Nong: 575
  - Dien Bien: 575
  - Dong Nai: 575
  - Dong Thap: 575
  - Gia Lai: 575
  - Ha Giang: 575
  - Ha Nam: 575
  - Ha Tinh: 575
  - Hai Duong: 575
  - Hau Giang: 575
  - Hoa Binh: 575
  - Hung Yen: 575
  - Khanh Hoa: 575
  - Kien Giang: 575
  - Kon Tum: 575
  - Lai Chau: 575
  - Lam Dong: 575
  - Lang Son: 575
  - Lao Cai: 575
  - Long An: 574
  - Nam Dinh: 574
  - Nghe An: 574
  - Ninh Binh: 574
  - Ninh Thuan: 574
  - Phu Tho: 574
  - Phu Yen: 574
  - Quang Binh: 574
  - Quang Nam: 574
  - Quang Ngai: 574
  - Quang Ninh: 574
  - Quang Tri: 574
  - Soc Trang: 574
  - Son La: 574
  - Tay Ninh: 574
  - Thai Binh: 574
  - Thai Nguyen: 574
  - Thanh Hoa: 574
  - Thua Thien Hue: 574
  - Tien Giang: 574
  - Tra Vinh: 574
  - Tuyen Quang: 574
  - Vinh Long: 574
  - Vinh Phuc: 574
  - Yen Bai: 573
[Bootstrap] Progress:
  - Hanoi: 577
  - Ho Chi Minh: 577
  - Hai Phong: 577
  - Da Nang: 577
  - Can Tho: 576
  - An Giang: 576
  - Ba Ria - Vung Tau: 576
  - Bac Giang: 576
  - Bac Kan: 576
  - Bac Lieu: 576
  - Bac Ninh: 576
  - Ben Tre: 575
  - Binh Dinh: 576
  - Binh Duong: 576
  - Binh Phuoc: 576
  - Binh Thuan: 576
  - Ca Mau: 576
  - Cao Bang: 576
  - Dak Lak: 576
  - Dak Nong: 576
  - Dien Bien: 576
  - Dong Nai: 576
  - Dong Thap: 576
  - Gia Lai: 576
  - Ha Giang: 576
  - Ha Nam: 576
  - Ha Tinh: 576
  - Hai Duong: 576
  - Hau Giang: 576
  - Hoa Binh: 576
  - Hung Yen: 576
  - Khanh Hoa: 576
  - Kien Giang: 576
  - Kon Tum: 576
  - Lai Chau: 576
  - Lam Dong: 576
  - Lang Son: 576
  - Lao Cai: 576
  - Long An: 575
  - Nam Dinh: 575
  - Nghe An: 575
  - Ninh Binh: 575
  - Ninh Thuan: 575
  - Phu Tho: 575
  - Phu Yen: 575
  - Quang Binh: 575
  - Quang Nam: 575
  - Quang Ngai: 575
  - Quang Ninh: 575
  - Quang Tri: 575
  - Soc Trang: 575
  - Son La: 575
  - Tay Ninh: 575
  - Thai Binh: 575
  - Thai Nguyen: 575
  - Thanh Hoa: 575
  - Thua Thien Hue: 575
  - Tien Giang: 575
  - Tra Vinh: 575
  - Tuyen Quang: 575
  - Vinh Long: 575
  - Vinh Phuc: 575
  - Yen Bai: 574
[Bootstrap] Progress:
  - Hanoi: 578
  - Ho Chi Minh: 578
  - Hai Phong: 578
  - Da Nang: 578
  - Can Tho: 577
  - An Giang: 577
  - Ba Ria - Vung Tau: 577
  - Bac Giang: 577
  - Bac Kan: 577
  - Bac Lieu: 577
  - Bac Ninh: 577
  - Ben Tre: 576
  - Binh Dinh: 577
  - Binh Duong: 577
  - Binh Phuoc: 577
  - Binh Thuan: 577
  - Ca Mau: 577
  - Cao Bang: 577
  - Dak Lak: 577
  - Dak Nong: 577
  - Dien Bien: 577
  - Dong Nai: 577
  - Dong Thap: 577
  - Gia Lai: 577
  - Ha Giang: 577
  - Ha Nam: 577
  - Ha Tinh: 577
  - Hai Duong: 577
  - Hau Giang: 577
  - Hoa Binh: 577
  - Hung Yen: 577
  - Khanh Hoa: 577
  - Kien Giang: 577
  - Kon Tum: 577
  - Lai Chau: 577
  - Lam Dong: 577
  - Lang Son: 577
  - Lao Cai: 577
  - Long An: 576
  - Nam Dinh: 576
  - Nghe An: 576
  - Ninh Binh: 576
  - Ninh Thuan: 576
  - Phu Tho: 576
  - Phu Yen: 576
  - Quang Binh: 576
  - Quang Nam: 576
  - Quang Ngai: 576
  - Quang Ninh: 576
  - Quang Tri: 576
  - Soc Trang: 576
  - Son La: 576
  - Tay Ninh: 576
  - Thai Binh: 576
  - Thai Nguyen: 576
  - Thanh Hoa: 576
  - Thua Thien Hue: 576
  - Tien Giang: 576
  - Tra Vinh: 576
  - Tuyen Quang: 576
  - Vinh Long: 576
  - Vinh Phuc: 576
  - Yen Bai: 575
[Bootstrap] Progress:
  - Hanoi: 579
  - Ho Chi Minh: 579
  - Hai Phong: 579
  - Da Nang: 579
  - Can Tho: 578
  - An Giang: 578
  - Ba Ria - Vung Tau: 578
  - Bac Giang: 578
  - Bac Kan: 578
  - Bac Lieu: 578
  - Bac Ninh: 578
  - Ben Tre: 577
  - Binh Dinh: 578
  - Binh Duong: 578
  - Binh Phuoc: 578
  - Binh Thuan: 578
  - Ca Mau: 578
  - Cao Bang: 578
  - Dak Lak: 578
  - Dak Nong: 578
  - Dien Bien: 578
  - Dong Nai: 578
  - Dong Thap: 578
  - Gia Lai: 578
  - Ha Giang: 578
  - Ha Nam: 578
  - Ha Tinh: 578
  - Hai Duong: 578
  - Hau Giang: 578
  - Hoa Binh: 578
  - Hung Yen: 578
  - Khanh Hoa: 578
  - Kien Giang: 578
  - Kon Tum: 578
  - Lai Chau: 578
  - Lam Dong: 578
  - Lang Son: 578
  - Lao Cai: 578
  - Long An: 577
  - Nam Dinh: 577
  - Nghe An: 577
  - Ninh Binh: 577
  - Ninh Thuan: 577
  - Phu Tho: 577
  - Phu Yen: 577
  - Quang Binh: 577
  - Quang Nam: 577
  - Quang Ngai: 577
  - Quang Ninh: 577
  - Quang Tri: 577
  - Soc Trang: 577
  - Son La: 577
  - Tay Ninh: 577
  - Thai Binh: 577
  - Thai Nguyen: 577
  - Thanh Hoa: 577
  - Thua Thien Hue: 577
  - Tien Giang: 577
  - Tra Vinh: 577
  - Tuyen Quang: 577
  - Vinh Long: 577
  - Vinh Phuc: 577
  - Yen Bai: 576
[Bootstrap] Progress:
  - Hanoi: 580
  - Ho Chi Minh: 580
  - Hai Phong: 580
  - Da Nang: 580
  - Can Tho: 579
  - An Giang: 579
  - Ba Ria - Vung Tau: 579
  - Bac Giang: 579
  - Bac Kan: 579
  - Bac Lieu: 579
  - Bac Ninh: 579
  - Ben Tre: 578
  - Binh Dinh: 579
  - Binh Duong: 579
  - Binh Phuoc: 579
  - Binh Thuan: 579
  - Ca Mau: 579
  - Cao Bang: 579
  - Dak Lak: 579
  - Dak Nong: 579
  - Dien Bien: 579
  - Dong Nai: 579
  - Dong Thap: 579
  - Gia Lai: 579
  - Ha Giang: 579
  - Ha Nam: 579
  - Ha Tinh: 579
  - Hai Duong: 579
  - Hau Giang: 579
  - Hoa Binh: 579
  - Hung Yen: 579
  - Khanh Hoa: 579
  - Kien Giang: 579
  - Kon Tum: 579
  - Lai Chau: 579
  - Lam Dong: 579
  - Lang Son: 579
  - Lao Cai: 579
  - Long An: 578
  - Nam Dinh: 578
  - Nghe An: 578
  - Ninh Binh: 578
  - Ninh Thuan: 578
  - Phu Tho: 578
  - Phu Yen: 578
  - Quang Binh: 578
  - Quang Nam: 578
  - Quang Ngai: 578
  - Quang Ninh: 578
  - Quang Tri: 578
  - Soc Trang: 578
  - Son La: 578
  - Tay Ninh: 578
  - Thai Binh: 578
  - Thai Nguyen: 578
  - Thanh Hoa: 578
  - Thua Thien Hue: 578
  - Tien Giang: 578
  - Tra Vinh: 578
  - Tuyen Quang: 578
  - Vinh Long: 578
  - Vinh Phuc: 578
  - Yen Bai: 577
[Bootstrap] Progress:
  - Hanoi: 581
  - Ho Chi Minh: 581
  - Hai Phong: 581
  - Da Nang: 581
  - Can Tho: 580
  - An Giang: 580
  - Ba Ria - Vung Tau: 580
  - Bac Giang: 580
  - Bac Kan: 580
  - Bac Lieu: 580
  - Bac Ninh: 580
  - Ben Tre: 579
  - Binh Dinh: 580
  - Binh Duong: 580
  - Binh Phuoc: 580
  - Binh Thuan: 580
  - Ca Mau: 580
  - Cao Bang: 580
  - Dak Lak: 580
  - Dak Nong: 580
  - Dien Bien: 580
  - Dong Nai: 580
  - Dong Thap: 580
  - Gia Lai: 580
  - Ha Giang: 580
  - Ha Nam: 580
  - Ha Tinh: 580
  - Hai Duong: 580
  - Hau Giang: 580
  - Hoa Binh: 580
  - Hung Yen: 580
  - Khanh Hoa: 580
  - Kien Giang: 580
  - Kon Tum: 580
  - Lai Chau: 580
  - Lam Dong: 580
  - Lang Son: 580
  - Lao Cai: 580
  - Long An: 579
  - Nam Dinh: 579
  - Nghe An: 579
  - Ninh Binh: 579
  - Ninh Thuan: 579
  - Phu Tho: 579
  - Phu Yen: 579
  - Quang Binh: 579
  - Quang Nam: 579
  - Quang Ngai: 579
  - Quang Ninh: 579
  - Quang Tri: 579
  - Soc Trang: 579
  - Son La: 579
  - Tay Ninh: 579
  - Thai Binh: 579
  - Thai Nguyen: 579
  - Thanh Hoa: 579
  - Thua Thien Hue: 579
  - Tien Giang: 579
  - Tra Vinh: 579
  - Tuyen Quang: 579
  - Vinh Long: 579
  - Vinh Phuc: 579
  - Yen Bai: 578
[Bootstrap] Progress:
  - Hanoi: 582
  - Ho Chi Minh: 582
  - Hai Phong: 582
  - Da Nang: 582
  - Can Tho: 581
  - An Giang: 581
  - Ba Ria - Vung Tau: 581
  - Bac Giang: 581
  - Bac Kan: 581
  - Bac Lieu: 581
  - Bac Ninh: 581
  - Ben Tre: 580
  - Binh Dinh: 581
  - Binh Duong: 581
  - Binh Phuoc: 581
  - Binh Thuan: 581
  - Ca Mau: 581
  - Cao Bang: 581
  - Dak Lak: 581
  - Dak Nong: 581
  - Dien Bien: 581
  - Dong Nai: 581
  - Dong Thap: 581
  - Gia Lai: 581
  - Ha Giang: 581
  - Ha Nam: 581
  - Ha Tinh: 581
  - Hai Duong: 581
  - Hau Giang: 581
  - Hoa Binh: 581
  - Hung Yen: 581
  - Khanh Hoa: 581
  - Kien Giang: 581
  - Kon Tum: 581
  - Lai Chau: 581
  - Lam Dong: 581
  - Lang Son: 581
  - Lao Cai: 581
  - Long An: 580
  - Nam Dinh: 580
  - Nghe An: 580
  - Ninh Binh: 580
  - Ninh Thuan: 580
  - Phu Tho: 580
  - Phu Yen: 580
  - Quang Binh: 580
  - Quang Nam: 580
  - Quang Ngai: 580
  - Quang Ninh: 580
  - Quang Tri: 580
  - Soc Trang: 580
  - Son La: 580
  - Tay Ninh: 580
  - Thai Binh: 580
  - Thai Nguyen: 580
  - Thanh Hoa: 580
  - Thua Thien Hue: 580
  - Tien Giang: 580
  - Tra Vinh: 580
  - Tuyen Quang: 580
  - Vinh Long: 580
  - Vinh Phuc: 580
  - Yen Bai: 579
[Bootstrap] Progress:
  - Hanoi: 583
  - Ho Chi Minh: 583
  - Hai Phong: 583
  - Da Nang: 583
  - Can Tho: 582
  - An Giang: 582
  - Ba Ria - Vung Tau: 582
  - Bac Giang: 582
  - Bac Kan: 582
  - Bac Lieu: 582
  - Bac Ninh: 582
  - Ben Tre: 581
  - Binh Dinh: 582
  - Binh Duong: 582
  - Binh Phuoc: 582
  - Binh Thuan: 582
  - Ca Mau: 582
  - Cao Bang: 582
  - Dak Lak: 582
  - Dak Nong: 582
  - Dien Bien: 582
  - Dong Nai: 582
  - Dong Thap: 582
  - Gia Lai: 582
  - Ha Giang: 582
  - Ha Nam: 582
  - Ha Tinh: 582
  - Hai Duong: 582
  - Hau Giang: 582
  - Hoa Binh: 582
  - Hung Yen: 582
  - Khanh Hoa: 582
  - Kien Giang: 582
  - Kon Tum: 582
  - Lai Chau: 582
  - Lam Dong: 582
  - Lang Son: 582
  - Lao Cai: 582
  - Long An: 581
  - Nam Dinh: 581
  - Nghe An: 581
  - Ninh Binh: 581
  - Ninh Thuan: 581
  - Phu Tho: 581
  - Phu Yen: 581
  - Quang Binh: 581
  - Quang Nam: 581
  - Quang Ngai: 581
  - Quang Ninh: 581
  - Quang Tri: 581
  - Soc Trang: 581
  - Son La: 581
  - Tay Ninh: 581
  - Thai Binh: 581
  - Thai Nguyen: 581
  - Thanh Hoa: 581
  - Thua Thien Hue: 581
  - Tien Giang: 581
  - Tra Vinh: 581
  - Tuyen Quang: 581
  - Vinh Long: 581
  - Vinh Phuc: 581
  - Yen Bai: 580
[Bootstrap] Progress:
  - Hanoi: 584
  - Ho Chi Minh: 584
  - Hai Phong: 584
  - Da Nang: 584
  - Can Tho: 583
  - An Giang: 583
  - Ba Ria - Vung Tau: 583
  - Bac Giang: 583
  - Bac Kan: 583
  - Bac Lieu: 583
  - Bac Ninh: 583
  - Ben Tre: 582
  - Binh Dinh: 583
  - Binh Duong: 583
  - Binh Phuoc: 583
  - Binh Thuan: 583
  - Ca Mau: 583
  - Cao Bang: 583
  - Dak Lak: 583
  - Dak Nong: 583
  - Dien Bien: 583
  - Dong Nai: 583
  - Dong Thap: 583
  - Gia Lai: 583
  - Ha Giang: 583
  - Ha Nam: 583
  - Ha Tinh: 583
  - Hai Duong: 583
  - Hau Giang: 583
  - Hoa Binh: 583
  - Hung Yen: 583
  - Khanh Hoa: 583
  - Kien Giang: 583
  - Kon Tum: 583
  - Lai Chau: 583
  - Lam Dong: 583
  - Lang Son: 583
  - Lao Cai: 583
  - Long An: 582
  - Nam Dinh: 582
  - Nghe An: 582
  - Ninh Binh: 582
  - Ninh Thuan: 582
  - Phu Tho: 582
  - Phu Yen: 582
  - Quang Binh: 582
  - Quang Nam: 582
  - Quang Ngai: 582
  - Quang Ninh: 582
  - Quang Tri: 582
  - Soc Trang: 582
  - Son La: 582
  - Tay Ninh: 582
  - Thai Binh: 582
  - Thai Nguyen: 582
  - Thanh Hoa: 582
  - Thua Thien Hue: 582
  - Tien Giang: 582
  - Tra Vinh: 582
  - Tuyen Quang: 582
  - Vinh Long: 582
  - Vinh Phuc: 582
  - Yen Bai: 581
[Bootstrap] Progress:
  - Hanoi: 585
  - Ho Chi Minh: 585
  - Hai Phong: 585
  - Da Nang: 585
  - Can Tho: 584
  - An Giang: 584
  - Ba Ria - Vung Tau: 584
  - Bac Giang: 584
  - Bac Kan: 584
  - Bac Lieu: 584
  - Bac Ninh: 584
  - Ben Tre: 583
  - Binh Dinh: 584
  - Binh Duong: 584
  - Binh Phuoc: 584
  - Binh Thuan: 584
  - Ca Mau: 584
  - Cao Bang: 584
  - Dak Lak: 584
  - Dak Nong: 584
  - Dien Bien: 584
  - Dong Nai: 584
  - Dong Thap: 584
  - Gia Lai: 584
  - Ha Giang: 584
  - Ha Nam: 584
  - Ha Tinh: 584
  - Hai Duong: 584
  - Hau Giang: 584
  - Hoa Binh: 584
  - Hung Yen: 584
  - Khanh Hoa: 584
  - Kien Giang: 584
  - Kon Tum: 584
  - Lai Chau: 584
  - Lam Dong: 584
  - Lang Son: 584
  - Lao Cai: 584
  - Long An: 583
  - Nam Dinh: 583
  - Nghe An: 583
  - Ninh Binh: 583
  - Ninh Thuan: 583
  - Phu Tho: 583
  - Phu Yen: 583
  - Quang Binh: 583
  - Quang Nam: 583
  - Quang Ngai: 583
  - Quang Ninh: 583
  - Quang Tri: 583
  - Soc Trang: 583
  - Son La: 583
  - Tay Ninh: 583
  - Thai Binh: 583
  - Thai Nguyen: 583
  - Thanh Hoa: 583
  - Thua Thien Hue: 583
  - Tien Giang: 583
  - Tra Vinh: 583
  - Tuyen Quang: 583
  - Vinh Long: 583
  - Vinh Phuc: 583
  - Yen Bai: 582
[Bootstrap] Progress:
  - Hanoi: 586
  - Ho Chi Minh: 586
  - Hai Phong: 586
  - Da Nang: 586
  - Can Tho: 585
  - An Giang: 585
  - Ba Ria - Vung Tau: 585
  - Bac Giang: 585
  - Bac Kan: 585
  - Bac Lieu: 585
  - Bac Ninh: 585
  - Ben Tre: 584
  - Binh Dinh: 585
  - Binh Duong: 585
  - Binh Phuoc: 585
  - Binh Thuan: 585
  - Ca Mau: 585
  - Cao Bang: 585
  - Dak Lak: 585
  - Dak Nong: 585
  - Dien Bien: 585
  - Dong Nai: 585
  - Dong Thap: 585
  - Gia Lai: 585
  - Ha Giang: 585
  - Ha Nam: 585
  - Ha Tinh: 585
  - Hai Duong: 585
  - Hau Giang: 585
  - Hoa Binh: 585
  - Hung Yen: 585
  - Khanh Hoa: 585
  - Kien Giang: 585
  - Kon Tum: 585
  - Lai Chau: 585
  - Lam Dong: 585
  - Lang Son: 585
  - Lao Cai: 585
  - Long An: 584
  - Nam Dinh: 584
  - Nghe An: 584
  - Ninh Binh: 584
  - Ninh Thuan: 584
  - Phu Tho: 584
  - Phu Yen: 584
  - Quang Binh: 584
  - Quang Nam: 584
  - Quang Ngai: 584
  - Quang Ninh: 584
  - Quang Tri: 584
  - Soc Trang: 584
  - Son La: 584
  - Tay Ninh: 584
  - Thai Binh: 584
  - Thai Nguyen: 584
  - Thanh Hoa: 584
  - Thua Thien Hue: 584
  - Tien Giang: 584
  - Tra Vinh: 584
  - Tuyen Quang: 584
  - Vinh Long: 584
  - Vinh Phuc: 584
  - Yen Bai: 583
[Bootstrap] Progress:
  - Hanoi: 589
  - Ho Chi Minh: 589
  - Hai Phong: 589
  - Da Nang: 589
  - Can Tho: 588
  - An Giang: 588
  - Ba Ria - Vung Tau: 588
  - Bac Giang: 588
  - Bac Kan: 588
  - Bac Lieu: 588
  - Bac Ninh: 588
  - Ben Tre: 587
  - Binh Dinh: 588
  - Binh Duong: 588
  - Binh Phuoc: 588
  - Binh Thuan: 588
  - Ca Mau: 588
  - Cao Bang: 588
  - Dak Lak: 588
  - Dak Nong: 588
  - Dien Bien: 588
  - Dong Nai: 587
  - Dong Thap: 587
  - Gia Lai: 587
  - Ha Giang: 587
  - Ha Nam: 587
  - Ha Tinh: 587
  - Hai Duong: 587
  - Hau Giang: 587
  - Hoa Binh: 587
  - Hung Yen: 587
  - Khanh Hoa: 587
  - Kien Giang: 587
  - Kon Tum: 587
  - Lai Chau: 587
  - Lam Dong: 587
  - Lang Son: 586
  - Lao Cai: 586
  - Long An: 585
  - Nam Dinh: 585
  - Nghe An: 585
  - Ninh Binh: 585
  - Ninh Thuan: 585
  - Phu Tho: 585
  - Phu Yen: 585
  - Quang Binh: 585
  - Quang Nam: 585
  - Quang Ngai: 585
  - Quang Ninh: 585
  - Quang Tri: 585
  - Soc Trang: 585
  - Son La: 585
  - Tay Ninh: 585
  - Thai Binh: 585
  - Thai Nguyen: 585
  - Thanh Hoa: 585
  - Thua Thien Hue: 585
  - Tien Giang: 585
  - Tra Vinh: 585
  - Tuyen Quang: 585
  - Vinh Long: 585
  - Vinh Phuc: 585
  - Yen Bai: 584
[Bootstrap] Progress:
  - Hanoi: 590
  - Ho Chi Minh: 590
  - Hai Phong: 590
  - Da Nang: 590
  - Can Tho: 589
  - An Giang: 589
  - Ba Ria - Vung Tau: 589
  - Bac Giang: 589
  - Bac Kan: 589
  - Bac Lieu: 589
  - Bac Ninh: 589
  - Ben Tre: 588
  - Binh Dinh: 589
  - Binh Duong: 589
  - Binh Phuoc: 589
  - Binh Thuan: 589
  - Ca Mau: 589
  - Cao Bang: 589
  - Dak Lak: 589
  - Dak Nong: 589
  - Dien Bien: 589
  - Dong Nai: 589
  - Dong Thap: 589
  - Gia Lai: 589
  - Ha Giang: 589
  - Ha Nam: 589
  - Ha Tinh: 589
  - Hai Duong: 589
  - Hau Giang: 589
  - Hoa Binh: 589
  - Hung Yen: 589
  - Khanh Hoa: 589
  - Kien Giang: 589
  - Kon Tum: 589
  - Lai Chau: 589
  - Lam Dong: 589
  - Lang Son: 589
  - Lao Cai: 589
  - Long An: 588
  - Nam Dinh: 588
  - Nghe An: 588
  - Ninh Binh: 588
  - Ninh Thuan: 588
  - Phu Tho: 588
  - Phu Yen: 588
  - Quang Binh: 588
  - Quang Nam: 588
  - Quang Ngai: 588
  - Quang Ninh: 588
  - Quang Tri: 588
  - Soc Trang: 588
  - Son La: 588
  - Tay Ninh: 588
  - Thai Binh: 588
  - Thai Nguyen: 588
  - Thanh Hoa: 588
  - Thua Thien Hue: 588
  - Tien Giang: 588
  - Tra Vinh: 588
  - Tuyen Quang: 588
  - Vinh Long: 588
  - Vinh Phuc: 588
  - Yen Bai: 587
[Bootstrap] Progress:
  - Hanoi: 591
  - Ho Chi Minh: 591
  - Hai Phong: 591
  - Da Nang: 591
  - Can Tho: 590
  - An Giang: 590
  - Ba Ria - Vung Tau: 590
  - Bac Giang: 590
  - Bac Kan: 590
  - Bac Lieu: 590
  - Bac Ninh: 590
  - Ben Tre: 589
  - Binh Dinh: 590
  - Binh Duong: 590
  - Binh Phuoc: 590
  - Binh Thuan: 590
  - Ca Mau: 590
  - Cao Bang: 590
  - Dak Lak: 590
  - Dak Nong: 590
  - Dien Bien: 590
  - Dong Nai: 590
  - Dong Thap: 590
  - Gia Lai: 590
  - Ha Giang: 590
  - Ha Nam: 590
  - Ha Tinh: 590
  - Hai Duong: 590
  - Hau Giang: 590
  - Hoa Binh: 590
  - Hung Yen: 590
  - Khanh Hoa: 590
  - Kien Giang: 590
  - Kon Tum: 590
  - Lai Chau: 590
  - Lam Dong: 590
  - Lang Son: 590
  - Lao Cai: 590
  - Long An: 589
  - Nam Dinh: 589
  - Nghe An: 589
  - Ninh Binh: 589
  - Ninh Thuan: 589
  - Phu Tho: 589
  - Phu Yen: 589
  - Quang Binh: 589
  - Quang Nam: 589
  - Quang Ngai: 589
  - Quang Ninh: 589
  - Quang Tri: 589
  - Soc Trang: 589
  - Son La: 589
  - Tay Ninh: 589
  - Thai Binh: 589
  - Thai Nguyen: 589
  - Thanh Hoa: 589
  - Thua Thien Hue: 589
  - Tien Giang: 589
  - Tra Vinh: 589
  - Tuyen Quang: 589
  - Vinh Long: 589
  - Vinh Phuc: 589
  - Yen Bai: 588
[Bootstrap] Progress:
  - Hanoi: 592
  - Ho Chi Minh: 592
  - Hai Phong: 592
  - Da Nang: 592
  - Can Tho: 591
  - An Giang: 591
  - Ba Ria - Vung Tau: 591
  - Bac Giang: 591
  - Bac Kan: 591
  - Bac Lieu: 591
  - Bac Ninh: 591
  - Ben Tre: 590
  - Binh Dinh: 591
  - Binh Duong: 591
  - Binh Phuoc: 591
  - Binh Thuan: 591
  - Ca Mau: 591
  - Cao Bang: 591
  - Dak Lak: 591
  - Dak Nong: 591
  - Dien Bien: 591
  - Dong Nai: 591
  - Dong Thap: 591
  - Gia Lai: 591
  - Ha Giang: 591
  - Ha Nam: 591
  - Ha Tinh: 591
  - Hai Duong: 591
  - Hau Giang: 591
  - Hoa Binh: 591
  - Hung Yen: 591
  - Khanh Hoa: 591
  - Kien Giang: 591
  - Kon Tum: 591
  - Lai Chau: 591
  - Lam Dong: 591
  - Lang Son: 591
  - Lao Cai: 591
  - Long An: 590
  - Nam Dinh: 590
  - Nghe An: 590
  - Ninh Binh: 590
  - Ninh Thuan: 590
  - Phu Tho: 590
  - Phu Yen: 590
  - Quang Binh: 590
  - Quang Nam: 590
  - Quang Ngai: 590
  - Quang Ninh: 590
  - Quang Tri: 590
  - Soc Trang: 590
  - Son La: 590
  - Tay Ninh: 590
  - Thai Binh: 590
  - Thai Nguyen: 590
  - Thanh Hoa: 590
  - Thua Thien Hue: 590
  - Tien Giang: 590
  - Tra Vinh: 590
  - Tuyen Quang: 590
  - Vinh Long: 590
  - Vinh Phuc: 590
  - Yen Bai: 589
[Bootstrap] Progress:
  - Hanoi: 593
  - Ho Chi Minh: 593
  - Hai Phong: 593
  - Da Nang: 593
  - Can Tho: 592
  - An Giang: 592
  - Ba Ria - Vung Tau: 592
  - Bac Giang: 592
  - Bac Kan: 592
  - Bac Lieu: 592
  - Bac Ninh: 592
  - Ben Tre: 591
  - Binh Dinh: 592
  - Binh Duong: 592
  - Binh Phuoc: 592
  - Binh Thuan: 592
  - Ca Mau: 592
  - Cao Bang: 592
  - Dak Lak: 592
  - Dak Nong: 592
  - Dien Bien: 592
  - Dong Nai: 592
  - Dong Thap: 592
  - Gia Lai: 592
  - Ha Giang: 592
  - Ha Nam: 592
  - Ha Tinh: 592
  - Hai Duong: 592
  - Hau Giang: 592
  - Hoa Binh: 592
  - Hung Yen: 592
  - Khanh Hoa: 592
  - Kien Giang: 592
  - Kon Tum: 592
  - Lai Chau: 592
  - Lam Dong: 592
  - Lang Son: 592
  - Lao Cai: 592
  - Long An: 591
  - Nam Dinh: 591
  - Nghe An: 591
  - Ninh Binh: 591
  - Ninh Thuan: 591
  - Phu Tho: 591
  - Phu Yen: 591
  - Quang Binh: 591
  - Quang Nam: 591
  - Quang Ngai: 591
  - Quang Ninh: 591
  - Quang Tri: 591
  - Soc Trang: 591
  - Son La: 591
  - Tay Ninh: 591
  - Thai Binh: 591
  - Thai Nguyen: 591
  - Thanh Hoa: 591
  - Thua Thien Hue: 591
  - Tien Giang: 591
  - Tra Vinh: 591
  - Tuyen Quang: 591
  - Vinh Long: 591
  - Vinh Phuc: 591
  - Yen Bai: 590
[Bootstrap] Progress:
  - Hanoi: 594
  - Ho Chi Minh: 594
  - Hai Phong: 594
  - Da Nang: 594
  - Can Tho: 593
  - An Giang: 593
  - Ba Ria - Vung Tau: 593
  - Bac Giang: 593
  - Bac Kan: 593
  - Bac Lieu: 593
  - Bac Ninh: 593
  - Ben Tre: 592
  - Binh Dinh: 593
  - Binh Duong: 593
  - Binh Phuoc: 593
  - Binh Thuan: 593
  - Ca Mau: 593
  - Cao Bang: 593
  - Dak Lak: 593
  - Dak Nong: 593
  - Dien Bien: 593
  - Dong Nai: 593
  - Dong Thap: 593
  - Gia Lai: 593
  - Ha Giang: 593
  - Ha Nam: 593
  - Ha Tinh: 593
  - Hai Duong: 593
  - Hau Giang: 593
  - Hoa Binh: 593
  - Hung Yen: 593
  - Khanh Hoa: 593
  - Kien Giang: 593
  - Kon Tum: 593
  - Lai Chau: 593
  - Lam Dong: 593
  - Lang Son: 593
  - Lao Cai: 593
  - Long An: 592
  - Nam Dinh: 592
  - Nghe An: 592
  - Ninh Binh: 592
  - Ninh Thuan: 592
  - Phu Tho: 592
  - Phu Yen: 592
  - Quang Binh: 592
  - Quang Nam: 592
  - Quang Ngai: 592
  - Quang Ninh: 592
  - Quang Tri: 592
  - Soc Trang: 592
  - Son La: 592
  - Tay Ninh: 592
  - Thai Binh: 592
  - Thai Nguyen: 592
  - Thanh Hoa: 592
  - Thua Thien Hue: 592
  - Tien Giang: 592
  - Tra Vinh: 592
  - Tuyen Quang: 592
  - Vinh Long: 592
  - Vinh Phuc: 592
  - Yen Bai: 591
[Bootstrap] Progress:
  - Hanoi: 595
  - Ho Chi Minh: 595
  - Hai Phong: 595
  - Da Nang: 595
  - Can Tho: 594
  - An Giang: 594
  - Ba Ria - Vung Tau: 594
  - Bac Giang: 594
  - Bac Kan: 594
  - Bac Lieu: 594
  - Bac Ninh: 594
  - Ben Tre: 593
  - Binh Dinh: 594
  - Binh Duong: 594
  - Binh Phuoc: 594
  - Binh Thuan: 594
  - Ca Mau: 594
  - Cao Bang: 594
  - Dak Lak: 594
  - Dak Nong: 594
  - Dien Bien: 594
  - Dong Nai: 594
  - Dong Thap: 594
  - Gia Lai: 594
  - Ha Giang: 594
  - Ha Nam: 594
  - Ha Tinh: 594
  - Hai Duong: 594
  - Hau Giang: 594
  - Hoa Binh: 594
  - Hung Yen: 594
  - Khanh Hoa: 594
  - Kien Giang: 594
  - Kon Tum: 594
  - Lai Chau: 594
  - Lam Dong: 594
  - Lang Son: 594
  - Lao Cai: 594
  - Long An: 593
  - Nam Dinh: 593
  - Nghe An: 593
  - Ninh Binh: 593
  - Ninh Thuan: 593
  - Phu Tho: 593
  - Phu Yen: 593
  - Quang Binh: 593
  - Quang Nam: 593
  - Quang Ngai: 593
  - Quang Ninh: 593
  - Quang Tri: 593
  - Soc Trang: 593
  - Son La: 593
  - Tay Ninh: 593
  - Thai Binh: 593
  - Thai Nguyen: 593
  - Thanh Hoa: 593
  - Thua Thien Hue: 593
  - Tien Giang: 593
  - Tra Vinh: 593
  - Tuyen Quang: 593
  - Vinh Long: 593
  - Vinh Phuc: 593
  - Yen Bai: 592
[Bootstrap] Progress:
  - Hanoi: 596
  - Ho Chi Minh: 596
  - Hai Phong: 596
  - Da Nang: 596
  - Can Tho: 595
  - An Giang: 595
  - Ba Ria - Vung Tau: 595
  - Bac Giang: 595
  - Bac Kan: 595
  - Bac Lieu: 595
  - Bac Ninh: 595
  - Ben Tre: 594
  - Binh Dinh: 595
  - Binh Duong: 595
  - Binh Phuoc: 595
  - Binh Thuan: 595
  - Ca Mau: 595
  - Cao Bang: 595
  - Dak Lak: 595
  - Dak Nong: 595
  - Dien Bien: 595
  - Dong Nai: 595
  - Dong Thap: 595
  - Gia Lai: 595
  - Ha Giang: 595
  - Ha Nam: 595
  - Ha Tinh: 595
  - Hai Duong: 595
  - Hau Giang: 595
  - Hoa Binh: 595
  - Hung Yen: 595
  - Khanh Hoa: 595
  - Kien Giang: 595
  - Kon Tum: 595
  - Lai Chau: 595
  - Lam Dong: 595
  - Lang Son: 595
  - Lao Cai: 595
  - Long An: 594
  - Nam Dinh: 594
  - Nghe An: 594
  - Ninh Binh: 594
  - Ninh Thuan: 594
  - Phu Tho: 594
  - Phu Yen: 594
  - Quang Binh: 594
  - Quang Nam: 594
  - Quang Ngai: 594
  - Quang Ninh: 594
  - Quang Tri: 594
  - Soc Trang: 594
  - Son La: 594
  - Tay Ninh: 594
  - Thai Binh: 594
  - Thai Nguyen: 594
  - Thanh Hoa: 594
  - Thua Thien Hue: 594
  - Tien Giang: 594
  - Tra Vinh: 594
  - Tuyen Quang: 594
  - Vinh Long: 594
  - Vinh Phuc: 594
  - Yen Bai: 593
[Bootstrap] Progress:
  - Hanoi: 597
  - Ho Chi Minh: 597
  - Hai Phong: 597
  - Da Nang: 597
  - Can Tho: 596
  - An Giang: 596
  - Ba Ria - Vung Tau: 596
  - Bac Giang: 596
  - Bac Kan: 596
  - Bac Lieu: 596
  - Bac Ninh: 596
  - Ben Tre: 595
  - Binh Dinh: 596
  - Binh Duong: 596
  - Binh Phuoc: 596
  - Binh Thuan: 596
  - Ca Mau: 596
  - Cao Bang: 596
  - Dak Lak: 596
  - Dak Nong: 596
  - Dien Bien: 596
  - Dong Nai: 596
  - Dong Thap: 596
  - Gia Lai: 596
  - Ha Giang: 596
  - Ha Nam: 596
  - Ha Tinh: 596
  - Hai Duong: 596
  - Hau Giang: 596
  - Hoa Binh: 596
  - Hung Yen: 596
  - Khanh Hoa: 596
  - Kien Giang: 596
  - Kon Tum: 596
  - Lai Chau: 596
  - Lam Dong: 596
  - Lang Son: 596
  - Lao Cai: 596
  - Long An: 595
  - Nam Dinh: 595
  - Nghe An: 595
  - Ninh Binh: 595
  - Ninh Thuan: 595
  - Phu Tho: 595
  - Phu Yen: 595
  - Quang Binh: 595
  - Quang Nam: 595
  - Quang Ngai: 595
  - Quang Ninh: 595
  - Quang Tri: 595
  - Soc Trang: 595
  - Son La: 595
  - Tay Ninh: 595
  - Thai Binh: 595
  - Thai Nguyen: 595
  - Thanh Hoa: 595
  - Thua Thien Hue: 595
  - Tien Giang: 595
  - Tra Vinh: 595
  - Tuyen Quang: 595
  - Vinh Long: 595
  - Vinh Phuc: 595
  - Yen Bai: 594
[Bootstrap] Progress:
  - Hanoi: 598
  - Ho Chi Minh: 598
  - Hai Phong: 598
  - Da Nang: 598
  - Can Tho: 597
  - An Giang: 597
  - Ba Ria - Vung Tau: 597
  - Bac Giang: 597
  - Bac Kan: 597
  - Bac Lieu: 597
  - Bac Ninh: 597
  - Ben Tre: 596
  - Binh Dinh: 597
  - Binh Duong: 597
  - Binh Phuoc: 597
  - Binh Thuan: 597
  - Ca Mau: 597
  - Cao Bang: 597
  - Dak Lak: 597
  - Dak Nong: 597
  - Dien Bien: 597
  - Dong Nai: 597
  - Dong Thap: 597
  - Gia Lai: 597
  - Ha Giang: 597
  - Ha Nam: 597
  - Ha Tinh: 597
  - Hai Duong: 597
  - Hau Giang: 597
  - Hoa Binh: 597
  - Hung Yen: 597
  - Khanh Hoa: 597
  - Kien Giang: 597
  - Kon Tum: 597
  - Lai Chau: 597
  - Lam Dong: 597
  - Lang Son: 597
  - Lao Cai: 597
  - Long An: 596
  - Nam Dinh: 596
  - Nghe An: 596
  - Ninh Binh: 596
  - Ninh Thuan: 596
  - Phu Tho: 596
  - Phu Yen: 596
  - Quang Binh: 596
  - Quang Nam: 596
  - Quang Ngai: 596
  - Quang Ninh: 596
  - Quang Tri: 596
  - Soc Trang: 596
  - Son La: 596
  - Tay Ninh: 596
  - Thai Binh: 596
  - Thai Nguyen: 596
  - Thanh Hoa: 596
  - Thua Thien Hue: 596
  - Tien Giang: 596
  - Tra Vinh: 596
  - Tuyen Quang: 596
  - Vinh Long: 596
  - Vinh Phuc: 596
  - Yen Bai: 595
[Bootstrap] Progress:
  - Hanoi: 599
  - Ho Chi Minh: 599
  - Hai Phong: 599
  - Da Nang: 599
  - Can Tho: 598
  - An Giang: 598
  - Ba Ria - Vung Tau: 598
  - Bac Giang: 598
  - Bac Kan: 598
  - Bac Lieu: 598
  - Bac Ninh: 598
  - Ben Tre: 597
  - Binh Dinh: 598
  - Binh Duong: 598
  - Binh Phuoc: 598
  - Binh Thuan: 598
  - Ca Mau: 598
  - Cao Bang: 598
  - Dak Lak: 598
  - Dak Nong: 598
  - Dien Bien: 598
  - Dong Nai: 598
  - Dong Thap: 598
  - Gia Lai: 598
  - Ha Giang: 598
  - Ha Nam: 598
  - Ha Tinh: 598
  - Hai Duong: 598
  - Hau Giang: 598
  - Hoa Binh: 598
  - Hung Yen: 598
  - Khanh Hoa: 598
  - Kien Giang: 598
  - Kon Tum: 598
  - Lai Chau: 598
  - Lam Dong: 598
  - Lang Son: 598
  - Lao Cai: 598
  - Long An: 597
  - Nam Dinh: 597
  - Nghe An: 597
  - Ninh Binh: 597
  - Ninh Thuan: 597
  - Phu Tho: 597
  - Phu Yen: 597
  - Quang Binh: 597
  - Quang Nam: 597
  - Quang Ngai: 597
  - Quang Ninh: 597
  - Quang Tri: 597
  - Soc Trang: 597
  - Son La: 597
  - Tay Ninh: 597
  - Thai Binh: 597
  - Thai Nguyen: 597
  - Thanh Hoa: 597
  - Thua Thien Hue: 597
  - Tien Giang: 597
  - Tra Vinh: 597
  - Tuyen Quang: 597
  - Vinh Long: 597
  - Vinh Phuc: 597
  - Yen Bai: 596
[Bootstrap] Progress:
  - Hanoi: 601
  - Ho Chi Minh: 601
  - Hai Phong: 601
  - Da Nang: 601
  - Can Tho: 600
  - An Giang: 600
  - Ba Ria - Vung Tau: 599
  - Bac Giang: 599
  - Bac Kan: 599
  - Bac Lieu: 599
  - Bac Ninh: 599
  - Ben Tre: 598
  - Binh Dinh: 599
  - Binh Duong: 599
  - Binh Phuoc: 599
  - Binh Thuan: 599
  - Ca Mau: 599
  - Cao Bang: 599
  - Dak Lak: 599
  - Dak Nong: 599
  - Dien Bien: 599
  - Dong Nai: 599
  - Dong Thap: 599
  - Gia Lai: 599
  - Ha Giang: 599
  - Ha Nam: 599
  - Ha Tinh: 599
  - Hai Duong: 599
  - Hau Giang: 599
  - Hoa Binh: 599
  - Hung Yen: 599
  - Khanh Hoa: 599
  - Kien Giang: 599
  - Kon Tum: 599
  - Lai Chau: 599
  - Lam Dong: 599
  - Lang Son: 599
  - Lao Cai: 599
  - Long An: 598
  - Nam Dinh: 598
  - Nghe An: 598
  - Ninh Binh: 598
  - Ninh Thuan: 598
  - Phu Tho: 598
  - Phu Yen: 598
  - Quang Binh: 598
  - Quang Nam: 598
  - Quang Ngai: 598
  - Quang Ninh: 598
  - Quang Tri: 598
  - Soc Trang: 598
  - Son La: 598
  - Tay Ninh: 598
  - Thai Binh: 598
  - Thai Nguyen: 598
  - Thanh Hoa: 598
  - Thua Thien Hue: 598
  - Tien Giang: 598
  - Tra Vinh: 598
  - Tuyen Quang: 598
  - Vinh Long: 598
  - Vinh Phuc: 598
  - Yen Bai: 597
[Bootstrap] Progress:
  - Hanoi: 603
  - Ho Chi Minh: 603
  - Hai Phong: 603
  - Da Nang: 603
  - Can Tho: 602
  - An Giang: 602
  - Ba Ria - Vung Tau: 602
  - Bac Giang: 602
  - Bac Kan: 602
  - Bac Lieu: 602
  - Bac Ninh: 602
  - Ben Tre: 601
  - Binh Dinh: 602
  - Binh Duong: 602
  - Binh Phuoc: 602
  - Binh Thuan: 602
  - Ca Mau: 602
  - Cao Bang: 602
  - Dak Lak: 602
  - Dak Nong: 602
  - Dien Bien: 602
  - Dong Nai: 602
  - Dong Thap: 602
  - Gia Lai: 602
  - Ha Giang: 602
  - Ha Nam: 602
  - Ha Tinh: 602
  - Hai Duong: 602
  - Hau Giang: 602
  - Hoa Binh: 602
  - Hung Yen: 602
  - Khanh Hoa: 602
  - Kien Giang: 602
  - Kon Tum: 602
  - Lai Chau: 602
  - Lam Dong: 602
  - Lang Son: 602
  - Lao Cai: 602
  - Long An: 601
  - Nam Dinh: 601
  - Nghe An: 601
  - Ninh Binh: 601
  - Ninh Thuan: 601
  - Phu Tho: 601
  - Phu Yen: 601
  - Quang Binh: 601
  - Quang Nam: 601
  - Quang Ngai: 601
  - Quang Ninh: 601
  - Quang Tri: 601
  - Soc Trang: 601
  - Son La: 601
  - Tay Ninh: 601
  - Thai Binh: 601
  - Thai Nguyen: 601
  - Thanh Hoa: 601
  - Thua Thien Hue: 601
  - Tien Giang: 601
  - Tra Vinh: 601
  - Tuyen Quang: 601
  - Vinh Long: 601
  - Vinh Phuc: 601
  - Yen Bai: 600
[Bootstrap] Progress:
  - Hanoi: 604
  - Ho Chi Minh: 604
  - Hai Phong: 604
  - Da Nang: 604
  - Can Tho: 603
  - An Giang: 603
  - Ba Ria - Vung Tau: 603
  - Bac Giang: 603
  - Bac Kan: 603
  - Bac Lieu: 603
  - Bac Ninh: 603
  - Ben Tre: 602
  - Binh Dinh: 603
  - Binh Duong: 603
  - Binh Phuoc: 603
  - Binh Thuan: 603
  - Ca Mau: 603
  - Cao Bang: 603
  - Dak Lak: 603
  - Dak Nong: 603
  - Dien Bien: 603
  - Dong Nai: 603
  - Dong Thap: 603
  - Gia Lai: 603
  - Ha Giang: 603
  - Ha Nam: 603
  - Ha Tinh: 603
  - Hai Duong: 603
  - Hau Giang: 603
  - Hoa Binh: 603
  - Hung Yen: 603
  - Khanh Hoa: 603
  - Kien Giang: 603
  - Kon Tum: 603
  - Lai Chau: 603
  - Lam Dong: 603
  - Lang Son: 603
  - Lao Cai: 603
  - Long An: 602
  - Nam Dinh: 602
  - Nghe An: 602
  - Ninh Binh: 602
  - Ninh Thuan: 602
  - Phu Tho: 602
  - Phu Yen: 602
  - Quang Binh: 602
  - Quang Nam: 602
  - Quang Ngai: 602
  - Quang Ninh: 602
  - Quang Tri: 602
  - Soc Trang: 602
  - Son La: 602
  - Tay Ninh: 602
  - Thai Binh: 602
  - Thai Nguyen: 602
  - Thanh Hoa: 602
  - Thua Thien Hue: 602
  - Tien Giang: 602
  - Tra Vinh: 602
  - Tuyen Quang: 602
  - Vinh Long: 602
  - Vinh Phuc: 602
  - Yen Bai: 601
[Bootstrap] Progress:
  - Hanoi: 605
  - Ho Chi Minh: 605
  - Hai Phong: 605
  - Da Nang: 605
  - Can Tho: 604
  - An Giang: 604
  - Ba Ria - Vung Tau: 604
  - Bac Giang: 604
  - Bac Kan: 604
  - Bac Lieu: 604
  - Bac Ninh: 604
  - Ben Tre: 603
  - Binh Dinh: 604
  - Binh Duong: 604
  - Binh Phuoc: 604
  - Binh Thuan: 604
  - Ca Mau: 604
  - Cao Bang: 604
  - Dak Lak: 604
  - Dak Nong: 604
  - Dien Bien: 604
  - Dong Nai: 604
  - Dong Thap: 604
  - Gia Lai: 604
  - Ha Giang: 604
  - Ha Nam: 604
  - Ha Tinh: 604
  - Hai Duong: 604
  - Hau Giang: 604
  - Hoa Binh: 604
  - Hung Yen: 604
  - Khanh Hoa: 604
  - Kien Giang: 604
  - Kon Tum: 604
  - Lai Chau: 604
  - Lam Dong: 604
  - Lang Son: 604
  - Lao Cai: 604
  - Long An: 603
  - Nam Dinh: 603
  - Nghe An: 603
  - Ninh Binh: 603
  - Ninh Thuan: 603
  - Phu Tho: 603
  - Phu Yen: 603
  - Quang Binh: 603
  - Quang Nam: 603
  - Quang Ngai: 603
  - Quang Ninh: 603
  - Quang Tri: 603
  - Soc Trang: 603
  - Son La: 603
  - Tay Ninh: 603
  - Thai Binh: 603
  - Thai Nguyen: 603
  - Thanh Hoa: 603
  - Thua Thien Hue: 603
  - Tien Giang: 603
  - Tra Vinh: 603
  - Tuyen Quang: 603
  - Vinh Long: 603
  - Vinh Phuc: 603
  - Yen Bai: 602
[Bootstrap] Progress:
  - Hanoi: 606
  - Ho Chi Minh: 606
  - Hai Phong: 606
  - Da Nang: 606
  - Can Tho: 605
  - An Giang: 605
  - Ba Ria - Vung Tau: 605
  - Bac Giang: 605
  - Bac Kan: 605
  - Bac Lieu: 605
  - Bac Ninh: 605
  - Ben Tre: 604
  - Binh Dinh: 605
  - Binh Duong: 605
  - Binh Phuoc: 605
  - Binh Thuan: 605
  - Ca Mau: 605
  - Cao Bang: 605
  - Dak Lak: 605
  - Dak Nong: 605
  - Dien Bien: 605
  - Dong Nai: 605
  - Dong Thap: 605
  - Gia Lai: 605
  - Ha Giang: 605
  - Ha Nam: 605
  - Ha Tinh: 605
  - Hai Duong: 605
  - Hau Giang: 605
  - Hoa Binh: 605
  - Hung Yen: 605
  - Khanh Hoa: 605
  - Kien Giang: 605
  - Kon Tum: 605
  - Lai Chau: 605
  - Lam Dong: 605
  - Lang Son: 605
  - Lao Cai: 605
  - Long An: 604
  - Nam Dinh: 604
  - Nghe An: 604
  - Ninh Binh: 604
  - Ninh Thuan: 604
  - Phu Tho: 604
  - Phu Yen: 604
  - Quang Binh: 604
  - Quang Nam: 604
  - Quang Ngai: 604
  - Quang Ninh: 604
  - Quang Tri: 604
  - Soc Trang: 604
  - Son La: 604
  - Tay Ninh: 604
  - Thai Binh: 604
  - Thai Nguyen: 604
  - Thanh Hoa: 604
  - Thua Thien Hue: 604
  - Tien Giang: 604
  - Tra Vinh: 604
  - Tuyen Quang: 604
  - Vinh Long: 604
  - Vinh Phuc: 604
  - Yen Bai: 603
[Bootstrap] Progress:
  - Hanoi: 607
  - Ho Chi Minh: 607
  - Hai Phong: 607
  - Da Nang: 607
  - Can Tho: 606
  - An Giang: 606
  - Ba Ria - Vung Tau: 606
  - Bac Giang: 606
  - Bac Kan: 606
  - Bac Lieu: 606
  - Bac Ninh: 606
  - Ben Tre: 605
  - Binh Dinh: 606
  - Binh Duong: 606
  - Binh Phuoc: 606
  - Binh Thuan: 606
  - Ca Mau: 606
  - Cao Bang: 606
  - Dak Lak: 606
  - Dak Nong: 606
  - Dien Bien: 606
  - Dong Nai: 606
  - Dong Thap: 606
  - Gia Lai: 606
  - Ha Giang: 606
  - Ha Nam: 606
  - Ha Tinh: 606
  - Hai Duong: 606
  - Hau Giang: 606
  - Hoa Binh: 606
  - Hung Yen: 606
  - Khanh Hoa: 606
  - Kien Giang: 606
  - Kon Tum: 606
  - Lai Chau: 606
  - Lam Dong: 606
  - Lang Son: 606
  - Lao Cai: 606
  - Long An: 605
  - Nam Dinh: 605
  - Nghe An: 605
  - Ninh Binh: 605
  - Ninh Thuan: 605
  - Phu Tho: 605
  - Phu Yen: 605
  - Quang Binh: 605
  - Quang Nam: 605
  - Quang Ngai: 605
  - Quang Ninh: 605
  - Quang Tri: 605
  - Soc Trang: 605
  - Son La: 605
  - Tay Ninh: 605
  - Thai Binh: 605
  - Thai Nguyen: 605
  - Thanh Hoa: 605
  - Thua Thien Hue: 605
  - Tien Giang: 605
  - Tra Vinh: 605
  - Tuyen Quang: 605
  - Vinh Long: 605
  - Vinh Phuc: 605
  - Yen Bai: 604
[Bootstrap] Progress:
  - Hanoi: 608
  - Ho Chi Minh: 608
  - Hai Phong: 608
  - Da Nang: 608
  - Can Tho: 607
  - An Giang: 607
  - Ba Ria - Vung Tau: 607
  - Bac Giang: 607
  - Bac Kan: 607
  - Bac Lieu: 607
  - Bac Ninh: 607
  - Ben Tre: 606
  - Binh Dinh: 607
  - Binh Duong: 607
  - Binh Phuoc: 607
  - Binh Thuan: 607
  - Ca Mau: 607
  - Cao Bang: 607
  - Dak Lak: 607
  - Dak Nong: 607
  - Dien Bien: 607
  - Dong Nai: 607
  - Dong Thap: 607
  - Gia Lai: 607
  - Ha Giang: 607
  - Ha Nam: 607
  - Ha Tinh: 607
  - Hai Duong: 607
  - Hau Giang: 607
  - Hoa Binh: 607
  - Hung Yen: 607
  - Khanh Hoa: 607
  - Kien Giang: 607
  - Kon Tum: 607
  - Lai Chau: 607
  - Lam Dong: 607
  - Lang Son: 607
  - Lao Cai: 607
  - Long An: 606
  - Nam Dinh: 606
  - Nghe An: 606
  - Ninh Binh: 606
  - Ninh Thuan: 606
  - Phu Tho: 606
  - Phu Yen: 606
  - Quang Binh: 606
  - Quang Nam: 606
  - Quang Ngai: 606
  - Quang Ninh: 606
  - Quang Tri: 606
  - Soc Trang: 606
  - Son La: 606
  - Tay Ninh: 606
  - Thai Binh: 606
  - Thai Nguyen: 606
  - Thanh Hoa: 606
  - Thua Thien Hue: 606
  - Tien Giang: 606
  - Tra Vinh: 606
  - Tuyen Quang: 606
  - Vinh Long: 606
  - Vinh Phuc: 606
  - Yen Bai: 605
[Bootstrap] Progress:
  - Hanoi: 609
  - Ho Chi Minh: 609
  - Hai Phong: 609
  - Da Nang: 609
  - Can Tho: 608
  - An Giang: 608
  - Ba Ria - Vung Tau: 608
  - Bac Giang: 608
  - Bac Kan: 608
  - Bac Lieu: 608
  - Bac Ninh: 608
  - Ben Tre: 607
  - Binh Dinh: 608
  - Binh Duong: 608
  - Binh Phuoc: 608
  - Binh Thuan: 608
  - Ca Mau: 608
  - Cao Bang: 608
  - Dak Lak: 608
  - Dak Nong: 608
  - Dien Bien: 608
  - Dong Nai: 608
  - Dong Thap: 608
  - Gia Lai: 608
  - Ha Giang: 608
  - Ha Nam: 608
  - Ha Tinh: 608
  - Hai Duong: 608
  - Hau Giang: 608
  - Hoa Binh: 608
  - Hung Yen: 608
  - Khanh Hoa: 608
  - Kien Giang: 608
  - Kon Tum: 608
  - Lai Chau: 608
  - Lam Dong: 608
  - Lang Son: 608
  - Lao Cai: 608
  - Long An: 607
  - Nam Dinh: 607
  - Nghe An: 607
  - Ninh Binh: 607
  - Ninh Thuan: 607
  - Phu Tho: 607
  - Phu Yen: 607
  - Quang Binh: 607
  - Quang Nam: 607
  - Quang Ngai: 607
  - Quang Ninh: 607
  - Quang Tri: 607
  - Soc Trang: 607
  - Son La: 607
  - Tay Ninh: 607
  - Thai Binh: 607
  - Thai Nguyen: 607
  - Thanh Hoa: 607
  - Thua Thien Hue: 607
  - Tien Giang: 607
  - Tra Vinh: 607
  - Tuyen Quang: 607
  - Vinh Long: 607
  - Vinh Phuc: 607
  - Yen Bai: 606
[Bootstrap] Progress:
  - Hanoi: 610
  - Ho Chi Minh: 610
  - Hai Phong: 610
  - Da Nang: 610
  - Can Tho: 609
  - An Giang: 609
  - Ba Ria - Vung Tau: 609
  - Bac Giang: 609
  - Bac Kan: 609
  - Bac Lieu: 609
  - Bac Ninh: 609
  - Ben Tre: 608
  - Binh Dinh: 609
  - Binh Duong: 609
  - Binh Phuoc: 609
  - Binh Thuan: 609
  - Ca Mau: 609
  - Cao Bang: 609
  - Dak Lak: 609
  - Dak Nong: 609
  - Dien Bien: 609
  - Dong Nai: 609
  - Dong Thap: 609
  - Gia Lai: 609
  - Ha Giang: 609
  - Ha Nam: 609
  - Ha Tinh: 609
  - Hai Duong: 609
  - Hau Giang: 609
  - Hoa Binh: 609
  - Hung Yen: 609
  - Khanh Hoa: 609
  - Kien Giang: 609
  - Kon Tum: 609
  - Lai Chau: 609
  - Lam Dong: 609
  - Lang Son: 609
  - Lao Cai: 609
  - Long An: 608
  - Nam Dinh: 608
  - Nghe An: 608
  - Ninh Binh: 608
  - Ninh Thuan: 608
  - Phu Tho: 608
  - Phu Yen: 608
  - Quang Binh: 608
  - Quang Nam: 608
  - Quang Ngai: 608
  - Quang Ninh: 608
  - Quang Tri: 608
  - Soc Trang: 608
  - Son La: 608
  - Tay Ninh: 608
  - Thai Binh: 608
  - Thai Nguyen: 608
  - Thanh Hoa: 608
  - Thua Thien Hue: 608
  - Tien Giang: 608
  - Tra Vinh: 608
  - Tuyen Quang: 608
  - Vinh Long: 608
  - Vinh Phuc: 608
  - Yen Bai: 607
[Bootstrap] Progress:
  - Hanoi: 611
  - Ho Chi Minh: 611
  - Hai Phong: 611
  - Da Nang: 611
  - Can Tho: 610
  - An Giang: 610
  - Ba Ria - Vung Tau: 610
  - Bac Giang: 610
  - Bac Kan: 610
  - Bac Lieu: 610
  - Bac Ninh: 610
  - Ben Tre: 609
  - Binh Dinh: 610
  - Binh Duong: 610
  - Binh Phuoc: 610
  - Binh Thuan: 610
  - Ca Mau: 610
  - Cao Bang: 610
  - Dak Lak: 610
  - Dak Nong: 610
  - Dien Bien: 610
  - Dong Nai: 610
  - Dong Thap: 610
  - Gia Lai: 610
  - Ha Giang: 610
  - Ha Nam: 610
  - Ha Tinh: 610
  - Hai Duong: 610
  - Hau Giang: 610
  - Hoa Binh: 610
  - Hung Yen: 610
  - Khanh Hoa: 610
  - Kien Giang: 610
  - Kon Tum: 610
  - Lai Chau: 610
  - Lam Dong: 610
  - Lang Son: 610
  - Lao Cai: 610
  - Long An: 609
  - Nam Dinh: 609
  - Nghe An: 609
  - Ninh Binh: 609
  - Ninh Thuan: 609
  - Phu Tho: 609
  - Phu Yen: 609
  - Quang Binh: 609
  - Quang Nam: 609
  - Quang Ngai: 609
  - Quang Ninh: 609
  - Quang Tri: 609
  - Soc Trang: 609
  - Son La: 609
  - Tay Ninh: 609
  - Thai Binh: 609
  - Thai Nguyen: 609
  - Thanh Hoa: 609
  - Thua Thien Hue: 609
  - Tien Giang: 609
  - Tra Vinh: 609
  - Tuyen Quang: 609
  - Vinh Long: 609
  - Vinh Phuc: 609
  - Yen Bai: 608
[Bootstrap] Progress:
  - Hanoi: 612
  - Ho Chi Minh: 612
  - Hai Phong: 612
  - Da Nang: 612
  - Can Tho: 611
  - An Giang: 611
  - Ba Ria - Vung Tau: 611
  - Bac Giang: 611
  - Bac Kan: 611
  - Bac Lieu: 611
  - Bac Ninh: 611
  - Ben Tre: 610
  - Binh Dinh: 611
  - Binh Duong: 611
  - Binh Phuoc: 611
  - Binh Thuan: 611
  - Ca Mau: 611
  - Cao Bang: 611
  - Dak Lak: 611
  - Dak Nong: 611
  - Dien Bien: 611
  - Dong Nai: 611
  - Dong Thap: 611
  - Gia Lai: 611
  - Ha Giang: 611
  - Ha Nam: 611
  - Ha Tinh: 611
  - Hai Duong: 611
  - Hau Giang: 611
  - Hoa Binh: 611
  - Hung Yen: 611
  - Khanh Hoa: 611
  - Kien Giang: 611
  - Kon Tum: 611
  - Lai Chau: 611
  - Lam Dong: 611
  - Lang Son: 611
  - Lao Cai: 611
  - Long An: 610
  - Nam Dinh: 610
  - Nghe An: 610
  - Ninh Binh: 610
  - Ninh Thuan: 610
  - Phu Tho: 610
  - Phu Yen: 610
  - Quang Binh: 610
  - Quang Nam: 610
  - Quang Ngai: 610
  - Quang Ninh: 610
  - Quang Tri: 610
  - Soc Trang: 610
  - Son La: 610
  - Tay Ninh: 610
  - Thai Binh: 610
  - Thai Nguyen: 610
  - Thanh Hoa: 610
  - Thua Thien Hue: 610
  - Tien Giang: 610
  - Tra Vinh: 610
  - Tuyen Quang: 610
  - Vinh Long: 610
  - Vinh Phuc: 610
  - Yen Bai: 609
[Bootstrap] Progress:
  - Hanoi: 613
  - Ho Chi Minh: 613
  - Hai Phong: 613
  - Da Nang: 613
  - Can Tho: 612
  - An Giang: 612
  - Ba Ria - Vung Tau: 612
  - Bac Giang: 612
  - Bac Kan: 612
  - Bac Lieu: 612
  - Bac Ninh: 612
  - Ben Tre: 611
  - Binh Dinh: 612
  - Binh Duong: 612
  - Binh Phuoc: 612
  - Binh Thuan: 612
  - Ca Mau: 612
  - Cao Bang: 612
  - Dak Lak: 612
  - Dak Nong: 612
  - Dien Bien: 612
  - Dong Nai: 612
  - Dong Thap: 612
  - Gia Lai: 612
  - Ha Giang: 612
  - Ha Nam: 612
  - Ha Tinh: 612
  - Hai Duong: 612
  - Hau Giang: 612
  - Hoa Binh: 612
  - Hung Yen: 612
  - Khanh Hoa: 612
  - Kien Giang: 612
  - Kon Tum: 612
  - Lai Chau: 612
  - Lam Dong: 612
  - Lang Son: 612
  - Lao Cai: 612
  - Long An: 611
  - Nam Dinh: 611
  - Nghe An: 611
  - Ninh Binh: 611
  - Ninh Thuan: 611
  - Phu Tho: 611
  - Phu Yen: 611
  - Quang Binh: 611
  - Quang Nam: 611
  - Quang Ngai: 611
  - Quang Ninh: 611
  - Quang Tri: 611
  - Soc Trang: 611
  - Son La: 611
  - Tay Ninh: 611
  - Thai Binh: 611
  - Thai Nguyen: 611
  - Thanh Hoa: 611
  - Thua Thien Hue: 611
  - Tien Giang: 611
  - Tra Vinh: 611
  - Tuyen Quang: 611
  - Vinh Long: 611
  - Vinh Phuc: 611
  - Yen Bai: 610
[Bootstrap] Progress:
  - Hanoi: 615
  - Ho Chi Minh: 615
  - Hai Phong: 615
  - Da Nang: 615
  - Can Tho: 614
  - An Giang: 614
  - Ba Ria - Vung Tau: 614
  - Bac Giang: 614
  - Bac Kan: 614
  - Bac Lieu: 614
  - Bac Ninh: 614
  - Ben Tre: 613
  - Binh Dinh: 614
  - Binh Duong: 614
  - Binh Phuoc: 614
  - Binh Thuan: 614
  - Ca Mau: 614
  - Cao Bang: 614
  - Dak Lak: 614
  - Dak Nong: 613
  - Dien Bien: 613
  - Dong Nai: 613
  - Dong Thap: 613
  - Gia Lai: 613
  - Ha Giang: 613
  - Ha Nam: 613
  - Ha Tinh: 613
  - Hai Duong: 613
  - Hau Giang: 613
  - Hoa Binh: 613
  - Hung Yen: 613
  - Khanh Hoa: 613
  - Kien Giang: 613
  - Kon Tum: 613
  - Lai Chau: 613
  - Lam Dong: 613
  - Lang Son: 613
  - Lao Cai: 613
  - Long An: 612
  - Nam Dinh: 612
  - Nghe An: 612
  - Ninh Binh: 612
  - Ninh Thuan: 612
  - Phu Tho: 612
  - Phu Yen: 612
  - Quang Binh: 612
  - Quang Nam: 612
  - Quang Ngai: 612
  - Quang Ninh: 612
  - Quang Tri: 612
  - Soc Trang: 612
  - Son La: 612
  - Tay Ninh: 612
  - Thai Binh: 612
  - Thai Nguyen: 612
  - Thanh Hoa: 612
  - Thua Thien Hue: 612
  - Tien Giang: 612
  - Tra Vinh: 612
  - Tuyen Quang: 612
  - Vinh Long: 612
  - Vinh Phuc: 612
  - Yen Bai: 611
[Bootstrap] Progress:
  - Hanoi: 616
  - Ho Chi Minh: 616
  - Hai Phong: 616
  - Da Nang: 616
  - Can Tho: 615
  - An Giang: 615
  - Ba Ria - Vung Tau: 615
  - Bac Giang: 615
  - Bac Kan: 615
  - Bac Lieu: 615
  - Bac Ninh: 615
  - Ben Tre: 614
  - Binh Dinh: 615
  - Binh Duong: 615
  - Binh Phuoc: 615
  - Binh Thuan: 615
  - Ca Mau: 615
  - Cao Bang: 615
  - Dak Lak: 615
  - Dak Nong: 615
  - Dien Bien: 615
  - Dong Nai: 615
  - Dong Thap: 615
  - Gia Lai: 615
  - Ha Giang: 615
  - Ha Nam: 615
  - Ha Tinh: 615
  - Hai Duong: 615
  - Hau Giang: 615
  - Hoa Binh: 615
  - Hung Yen: 615
  - Khanh Hoa: 615
  - Kien Giang: 615
  - Kon Tum: 615
  - Lai Chau: 615
  - Lam Dong: 615
  - Lang Son: 615
  - Lao Cai: 615
  - Long An: 614
  - Nam Dinh: 614
  - Nghe An: 614
  - Ninh Binh: 614
  - Ninh Thuan: 614
  - Phu Tho: 614
  - Phu Yen: 614
  - Quang Binh: 614
  - Quang Nam: 614
  - Quang Ngai: 614
  - Quang Ninh: 614
  - Quang Tri: 614
  - Soc Trang: 614
  - Son La: 614
  - Tay Ninh: 614
  - Thai Binh: 614
  - Thai Nguyen: 614
  - Thanh Hoa: 614
  - Thua Thien Hue: 614
  - Tien Giang: 614
  - Tra Vinh: 614
  - Tuyen Quang: 614
  - Vinh Long: 614
  - Vinh Phuc: 614
  - Yen Bai: 613
[Bootstrap] Progress:
  - Hanoi: 617
  - Ho Chi Minh: 617
  - Hai Phong: 617
  - Da Nang: 617
  - Can Tho: 616
  - An Giang: 616
  - Ba Ria - Vung Tau: 616
  - Bac Giang: 616
  - Bac Kan: 616
  - Bac Lieu: 616
  - Bac Ninh: 616
  - Ben Tre: 615
  - Binh Dinh: 616
  - Binh Duong: 616
  - Binh Phuoc: 616
  - Binh Thuan: 616
  - Ca Mau: 616
  - Cao Bang: 616
  - Dak Lak: 616
  - Dak Nong: 616
  - Dien Bien: 616
  - Dong Nai: 616
  - Dong Thap: 616
  - Gia Lai: 616
  - Ha Giang: 616
  - Ha Nam: 616
  - Ha Tinh: 616
  - Hai Duong: 616
  - Hau Giang: 616
  - Hoa Binh: 616
  - Hung Yen: 616
  - Khanh Hoa: 616
  - Kien Giang: 616
  - Kon Tum: 616
  - Lai Chau: 616
  - Lam Dong: 616
  - Lang Son: 616
  - Lao Cai: 616
  - Long An: 615
  - Nam Dinh: 615
  - Nghe An: 615
  - Ninh Binh: 615
  - Ninh Thuan: 615
  - Phu Tho: 615
  - Phu Yen: 615
  - Quang Binh: 615
  - Quang Nam: 615
  - Quang Ngai: 615
  - Quang Ninh: 615
  - Quang Tri: 615
  - Soc Trang: 615
  - Son La: 615
  - Tay Ninh: 615
  - Thai Binh: 615
  - Thai Nguyen: 615
  - Thanh Hoa: 615
  - Thua Thien Hue: 615
  - Tien Giang: 615
  - Tra Vinh: 615
  - Tuyen Quang: 615
  - Vinh Long: 615
  - Vinh Phuc: 615
  - Yen Bai: 614
[Bootstrap] Progress:
  - Hanoi: 618
  - Ho Chi Minh: 618
  - Hai Phong: 618
  - Da Nang: 618
  - Can Tho: 617
  - An Giang: 617
  - Ba Ria - Vung Tau: 617
  - Bac Giang: 617
  - Bac Kan: 617
  - Bac Lieu: 617
  - Bac Ninh: 617
  - Ben Tre: 616
  - Binh Dinh: 617
  - Binh Duong: 617
  - Binh Phuoc: 617
  - Binh Thuan: 617
  - Ca Mau: 617
  - Cao Bang: 617
  - Dak Lak: 617
  - Dak Nong: 617
  - Dien Bien: 617
  - Dong Nai: 617
  - Dong Thap: 617
  - Gia Lai: 617
  - Ha Giang: 617
  - Ha Nam: 617
  - Ha Tinh: 617
  - Hai Duong: 617
  - Hau Giang: 617
  - Hoa Binh: 617
  - Hung Yen: 617
  - Khanh Hoa: 617
  - Kien Giang: 617
  - Kon Tum: 617
  - Lai Chau: 617
  - Lam Dong: 617
  - Lang Son: 617
  - Lao Cai: 617
  - Long An: 616
  - Nam Dinh: 616
  - Nghe An: 616
  - Ninh Binh: 616
  - Ninh Thuan: 616
  - Phu Tho: 616
  - Phu Yen: 616
  - Quang Binh: 616
  - Quang Nam: 616
  - Quang Ngai: 616
  - Quang Ninh: 616
  - Quang Tri: 616
  - Soc Trang: 616
  - Son La: 616
  - Tay Ninh: 616
  - Thai Binh: 616
  - Thai Nguyen: 616
  - Thanh Hoa: 616
  - Thua Thien Hue: 616
  - Tien Giang: 616
  - Tra Vinh: 616
  - Tuyen Quang: 616
  - Vinh Long: 616
  - Vinh Phuc: 616
  - Yen Bai: 615
[Bootstrap] Progress:
  - Hanoi: 619
  - Ho Chi Minh: 619
  - Hai Phong: 619
  - Da Nang: 619
  - Can Tho: 618
  - An Giang: 618
  - Ba Ria - Vung Tau: 618
  - Bac Giang: 618
  - Bac Kan: 618
  - Bac Lieu: 618
  - Bac Ninh: 618
  - Ben Tre: 617
  - Binh Dinh: 618
  - Binh Duong: 618
  - Binh Phuoc: 618
  - Binh Thuan: 618
  - Ca Mau: 618
  - Cao Bang: 618
  - Dak Lak: 618
  - Dak Nong: 618
  - Dien Bien: 618
  - Dong Nai: 618
  - Dong Thap: 618
  - Gia Lai: 618
  - Ha Giang: 618
  - Ha Nam: 618
  - Ha Tinh: 618
  - Hai Duong: 618
  - Hau Giang: 618
  - Hoa Binh: 618
  - Hung Yen: 618
  - Khanh Hoa: 618
  - Kien Giang: 618
  - Kon Tum: 618
  - Lai Chau: 618
  - Lam Dong: 618
  - Lang Son: 618
  - Lao Cai: 618
  - Long An: 617
  - Nam Dinh: 617
  - Nghe An: 617
  - Ninh Binh: 617
  - Ninh Thuan: 617
  - Phu Tho: 617
  - Phu Yen: 617
  - Quang Binh: 617
  - Quang Nam: 617
  - Quang Ngai: 617
  - Quang Ninh: 617
  - Quang Tri: 617
  - Soc Trang: 617
  - Son La: 617
  - Tay Ninh: 617
  - Thai Binh: 617
  - Thai Nguyen: 617
  - Thanh Hoa: 617
  - Thua Thien Hue: 617
  - Tien Giang: 617
  - Tra Vinh: 617
  - Tuyen Quang: 617
  - Vinh Long: 617
  - Vinh Phuc: 617
  - Yen Bai: 616
[Bootstrap] Progress:
  - Hanoi: 622
  - Ho Chi Minh: 622
  - Hai Phong: 621
  - Da Nang: 621
  - Can Tho: 620
  - An Giang: 620
  - Ba Ria - Vung Tau: 620
  - Bac Giang: 619
  - Bac Kan: 619
  - Bac Lieu: 619
  - Bac Ninh: 619
  - Ben Tre: 618
  - Binh Dinh: 619
  - Binh Duong: 619
  - Binh Phuoc: 619
  - Binh Thuan: 619
  - Ca Mau: 619
  - Cao Bang: 619
  - Dak Lak: 619
  - Dak Nong: 619
  - Dien Bien: 619
  - Dong Nai: 619
  - Dong Thap: 619
  - Gia Lai: 619
  - Ha Giang: 619
  - Ha Nam: 619
  - Ha Tinh: 619
  - Hai Duong: 619
  - Hau Giang: 619
  - Hoa Binh: 619
  - Hung Yen: 619
  - Khanh Hoa: 619
  - Kien Giang: 619
  - Kon Tum: 619
  - Lai Chau: 619
  - Lam Dong: 619
  - Lang Son: 619
  - Lao Cai: 619
  - Long An: 618
  - Nam Dinh: 618
  - Nghe An: 618
  - Ninh Binh: 618
  - Ninh Thuan: 618
  - Phu Tho: 618
  - Phu Yen: 618
  - Quang Binh: 618
  - Quang Nam: 618
  - Quang Ngai: 618
  - Quang Ninh: 618
  - Quang Tri: 618
  - Soc Trang: 618
  - Son La: 618
  - Tay Ninh: 618
  - Thai Binh: 618
  - Thai Nguyen: 618
  - Thanh Hoa: 618
  - Thua Thien Hue: 618
  - Tien Giang: 618
  - Tra Vinh: 618
  - Tuyen Quang: 618
  - Vinh Long: 618
  - Vinh Phuc: 618
  - Yen Bai: 617
[Bootstrap] Progress:
  - Hanoi: 623
  - Ho Chi Minh: 623
  - Hai Phong: 623
  - Da Nang: 623
  - Can Tho: 622
  - An Giang: 622
  - Ba Ria - Vung Tau: 622
  - Bac Giang: 622
  - Bac Kan: 622
  - Bac Lieu: 622
  - Bac Ninh: 622
  - Ben Tre: 621
  - Binh Dinh: 622
  - Binh Duong: 622
  - Binh Phuoc: 622
  - Binh Thuan: 622
  - Ca Mau: 622
  - Cao Bang: 622
  - Dak Lak: 622
  - Dak Nong: 622
  - Dien Bien: 622
  - Dong Nai: 622
  - Dong Thap: 622
  - Gia Lai: 622
  - Ha Giang: 622
  - Ha Nam: 622
  - Ha Tinh: 622
  - Hai Duong: 622
  - Hau Giang: 622
  - Hoa Binh: 622
  - Hung Yen: 622
  - Khanh Hoa: 622
  - Kien Giang: 622
  - Kon Tum: 622
  - Lai Chau: 622
  - Lam Dong: 622
  - Lang Son: 622
  - Lao Cai: 622
  - Long An: 621
  - Nam Dinh: 621
  - Nghe An: 621
  - Ninh Binh: 621
  - Ninh Thuan: 621
  - Phu Tho: 621
  - Phu Yen: 621
  - Quang Binh: 621
  - Quang Nam: 621
  - Quang Ngai: 621
  - Quang Ninh: 621
  - Quang Tri: 621
  - Soc Trang: 621
  - Son La: 621
  - Tay Ninh: 621
  - Thai Binh: 621
  - Thai Nguyen: 621
  - Thanh Hoa: 621
  - Thua Thien Hue: 621
  - Tien Giang: 621
  - Tra Vinh: 621
  - Tuyen Quang: 621
  - Vinh Long: 621
  - Vinh Phuc: 621
  - Yen Bai: 620
[Bootstrap] Progress:
  - Hanoi: 624
  - Ho Chi Minh: 624
  - Hai Phong: 624
  - Da Nang: 624
  - Can Tho: 623
  - An Giang: 623
  - Ba Ria - Vung Tau: 623
  - Bac Giang: 623
  - Bac Kan: 623
  - Bac Lieu: 623
  - Bac Ninh: 623
  - Ben Tre: 622
  - Binh Dinh: 623
  - Binh Duong: 623
  - Binh Phuoc: 623
  - Binh Thuan: 623
  - Ca Mau: 623
  - Cao Bang: 623
  - Dak Lak: 623
  - Dak Nong: 623
  - Dien Bien: 623
  - Dong Nai: 623
  - Dong Thap: 623
  - Gia Lai: 623
  - Ha Giang: 623
  - Ha Nam: 623
  - Ha Tinh: 623
  - Hai Duong: 623
  - Hau Giang: 623
  - Hoa Binh: 623
  - Hung Yen: 623
  - Khanh Hoa: 623
  - Kien Giang: 623
  - Kon Tum: 623
  - Lai Chau: 623
  - Lam Dong: 623
  - Lang Son: 623
  - Lao Cai: 623
  - Long An: 622
  - Nam Dinh: 622
  - Nghe An: 622
  - Ninh Binh: 622
  - Ninh Thuan: 622
  - Phu Tho: 622
  - Phu Yen: 622
  - Quang Binh: 622
  - Quang Nam: 622
  - Quang Ngai: 622
  - Quang Ninh: 622
  - Quang Tri: 622
  - Soc Trang: 622
  - Son La: 622
  - Tay Ninh: 622
  - Thai Binh: 622
  - Thai Nguyen: 622
  - Thanh Hoa: 622
  - Thua Thien Hue: 622
  - Tien Giang: 622
  - Tra Vinh: 622
  - Tuyen Quang: 622
  - Vinh Long: 622
  - Vinh Phuc: 622
  - Yen Bai: 621
[Bootstrap] Progress:
  - Hanoi: 625
  - Ho Chi Minh: 625
  - Hai Phong: 625
  - Da Nang: 625
  - Can Tho: 624
  - An Giang: 624
  - Ba Ria - Vung Tau: 624
  - Bac Giang: 624
  - Bac Kan: 624
  - Bac Lieu: 624
  - Bac Ninh: 624
  - Ben Tre: 623
  - Binh Dinh: 624
  - Binh Duong: 624
  - Binh Phuoc: 624
  - Binh Thuan: 624
  - Ca Mau: 624
  - Cao Bang: 624
  - Dak Lak: 624
  - Dak Nong: 624
  - Dien Bien: 624
  - Dong Nai: 624
  - Dong Thap: 624
  - Gia Lai: 624
  - Ha Giang: 624
  - Ha Nam: 624
  - Ha Tinh: 624
  - Hai Duong: 624
  - Hau Giang: 624
  - Hoa Binh: 624
  - Hung Yen: 624
  - Khanh Hoa: 624
  - Kien Giang: 624
  - Kon Tum: 624
  - Lai Chau: 624
  - Lam Dong: 624
  - Lang Son: 624
  - Lao Cai: 624
  - Long An: 623
  - Nam Dinh: 623
  - Nghe An: 623
  - Ninh Binh: 623
  - Ninh Thuan: 623
  - Phu Tho: 623
  - Phu Yen: 623
  - Quang Binh: 623
  - Quang Nam: 623
  - Quang Ngai: 623
  - Quang Ninh: 623
  - Quang Tri: 623
  - Soc Trang: 623
  - Son La: 623
  - Tay Ninh: 623
  - Thai Binh: 623
  - Thai Nguyen: 623
  - Thanh Hoa: 623
  - Thua Thien Hue: 623
  - Tien Giang: 623
  - Tra Vinh: 623
  - Tuyen Quang: 623
  - Vinh Long: 623
  - Vinh Phuc: 623
  - Yen Bai: 622
[Bootstrap] Progress:
  - Hanoi: 626
  - Ho Chi Minh: 626
  - Hai Phong: 626
  - Da Nang: 626
  - Can Tho: 625
  - An Giang: 625
  - Ba Ria - Vung Tau: 625
  - Bac Giang: 625
  - Bac Kan: 625
  - Bac Lieu: 625
  - Bac Ninh: 625
  - Ben Tre: 624
  - Binh Dinh: 625
  - Binh Duong: 625
  - Binh Phuoc: 625
  - Binh Thuan: 625
  - Ca Mau: 625
  - Cao Bang: 625
  - Dak Lak: 625
  - Dak Nong: 625
  - Dien Bien: 625
  - Dong Nai: 625
  - Dong Thap: 625
  - Gia Lai: 625
  - Ha Giang: 625
  - Ha Nam: 625
  - Ha Tinh: 625
  - Hai Duong: 625
  - Hau Giang: 625
  - Hoa Binh: 625
  - Hung Yen: 625
  - Khanh Hoa: 625
  - Kien Giang: 625
  - Kon Tum: 625
  - Lai Chau: 625
  - Lam Dong: 625
  - Lang Son: 625
  - Lao Cai: 625
  - Long An: 624
  - Nam Dinh: 624
  - Nghe An: 624
  - Ninh Binh: 624
  - Ninh Thuan: 624
  - Phu Tho: 624
  - Phu Yen: 624
  - Quang Binh: 624
  - Quang Nam: 624
  - Quang Ngai: 624
  - Quang Ninh: 624
  - Quang Tri: 624
  - Soc Trang: 624
  - Son La: 624
  - Tay Ninh: 624
  - Thai Binh: 624
  - Thai Nguyen: 624
  - Thanh Hoa: 624
  - Thua Thien Hue: 624
  - Tien Giang: 624
  - Tra Vinh: 624
  - Tuyen Quang: 624
  - Vinh Long: 624
  - Vinh Phuc: 624
  - Yen Bai: 623
[Bootstrap] Progress:
  - Hanoi: 628
  - Ho Chi Minh: 628
  - Hai Phong: 628
  - Da Nang: 628
  - Can Tho: 627
  - An Giang: 627
  - Ba Ria - Vung Tau: 627
  - Bac Giang: 627
  - Bac Kan: 627
  - Bac Lieu: 627
  - Bac Ninh: 627
  - Ben Tre: 626
  - Binh Dinh: 627
  - Binh Duong: 627
  - Binh Phuoc: 627
  - Binh Thuan: 627
  - Ca Mau: 627
  - Cao Bang: 627
  - Dak Lak: 627
  - Dak Nong: 627
  - Dien Bien: 627
  - Dong Nai: 627
  - Dong Thap: 627
  - Gia Lai: 627
  - Ha Giang: 627
  - Ha Nam: 627
  - Ha Tinh: 627
  - Hai Duong: 627
  - Hau Giang: 627
  - Hoa Binh: 627
  - Hung Yen: 627
  - Khanh Hoa: 627
  - Kien Giang: 627
  - Kon Tum: 627
  - Lai Chau: 627
  - Lam Dong: 627
  - Lang Son: 627
  - Lao Cai: 627
  - Long An: 626
  - Nam Dinh: 626
  - Nghe An: 626
  - Ninh Binh: 626
  - Ninh Thuan: 626
  - Phu Tho: 626
  - Phu Yen: 626
  - Quang Binh: 626
  - Quang Nam: 626
  - Quang Ngai: 626
  - Quang Ninh: 626
  - Quang Tri: 626
  - Soc Trang: 626
  - Son La: 626
  - Tay Ninh: 626
  - Thai Binh: 626
  - Thai Nguyen: 626
  - Thanh Hoa: 625
  - Thua Thien Hue: 625
  - Tien Giang: 625
  - Tra Vinh: 625
  - Tuyen Quang: 625
  - Vinh Long: 625
  - Vinh Phuc: 625
  - Yen Bai: 624
[Bootstrap] Progress:
  - Hanoi: 629
  - Ho Chi Minh: 629
  - Hai Phong: 629
  - Da Nang: 629
  - Can Tho: 628
  - An Giang: 628
  - Ba Ria - Vung Tau: 628
  - Bac Giang: 628
  - Bac Kan: 628
  - Bac Lieu: 628
  - Bac Ninh: 628
  - Ben Tre: 627
  - Binh Dinh: 628
  - Binh Duong: 628
  - Binh Phuoc: 628
  - Binh Thuan: 628
  - Ca Mau: 628
  - Cao Bang: 628
  - Dak Lak: 628
  - Dak Nong: 628
  - Dien Bien: 628
  - Dong Nai: 628
  - Dong Thap: 628
  - Gia Lai: 628
  - Ha Giang: 628
  - Ha Nam: 628
  - Ha Tinh: 628
  - Hai Duong: 628
  - Hau Giang: 628
  - Hoa Binh: 628
  - Hung Yen: 628
  - Khanh Hoa: 628
  - Kien Giang: 628
  - Kon Tum: 628
  - Lai Chau: 628
  - Lam Dong: 628
  - Lang Son: 628
  - Lao Cai: 628
  - Long An: 627
  - Nam Dinh: 627
  - Nghe An: 627
  - Ninh Binh: 627
  - Ninh Thuan: 627
  - Phu Tho: 627
  - Phu Yen: 627
  - Quang Binh: 627
  - Quang Nam: 627
  - Quang Ngai: 627
  - Quang Ninh: 627
  - Quang Tri: 627
  - Soc Trang: 627
  - Son La: 627
  - Tay Ninh: 627
  - Thai Binh: 627
  - Thai Nguyen: 627
  - Thanh Hoa: 627
  - Thua Thien Hue: 627
  - Tien Giang: 627
  - Tra Vinh: 627
  - Tuyen Quang: 627
  - Vinh Long: 627
  - Vinh Phuc: 627
  - Yen Bai: 626
[Bootstrap] Progress:
  - Hanoi: 630
  - Ho Chi Minh: 630
  - Hai Phong: 630
  - Da Nang: 630
  - Can Tho: 629
  - An Giang: 629
  - Ba Ria - Vung Tau: 629
  - Bac Giang: 629
  - Bac Kan: 629
  - Bac Lieu: 629
  - Bac Ninh: 629
  - Ben Tre: 628
  - Binh Dinh: 629
  - Binh Duong: 629
  - Binh Phuoc: 629
  - Binh Thuan: 629
  - Ca Mau: 629
  - Cao Bang: 629
  - Dak Lak: 629
  - Dak Nong: 629
  - Dien Bien: 629
  - Dong Nai: 629
  - Dong Thap: 629
  - Gia Lai: 629
  - Ha Giang: 629
  - Ha Nam: 629
  - Ha Tinh: 629
  - Hai Duong: 629
  - Hau Giang: 629
  - Hoa Binh: 629
  - Hung Yen: 629
  - Khanh Hoa: 629
  - Kien Giang: 629
  - Kon Tum: 629
  - Lai Chau: 629
  - Lam Dong: 629
  - Lang Son: 629
  - Lao Cai: 629
  - Long An: 628
  - Nam Dinh: 628
  - Nghe An: 628
  - Ninh Binh: 628
  - Ninh Thuan: 628
  - Phu Tho: 628
  - Phu Yen: 628
  - Quang Binh: 628
  - Quang Nam: 628
  - Quang Ngai: 628
  - Quang Ninh: 628
  - Quang Tri: 628
  - Soc Trang: 628
  - Son La: 628
  - Tay Ninh: 628
  - Thai Binh: 628
  - Thai Nguyen: 628
  - Thanh Hoa: 628
  - Thua Thien Hue: 628
  - Tien Giang: 628
  - Tra Vinh: 628
  - Tuyen Quang: 628
  - Vinh Long: 628
  - Vinh Phuc: 628
  - Yen Bai: 627
[Bootstrap] Progress:
  - Hanoi: 631
  - Ho Chi Minh: 631
  - Hai Phong: 631
  - Da Nang: 631
  - Can Tho: 630
  - An Giang: 630
  - Ba Ria - Vung Tau: 630
  - Bac Giang: 630
  - Bac Kan: 630
  - Bac Lieu: 630
  - Bac Ninh: 630
  - Ben Tre: 629
  - Binh Dinh: 630
  - Binh Duong: 630
  - Binh Phuoc: 630
  - Binh Thuan: 630
  - Ca Mau: 630
  - Cao Bang: 630
  - Dak Lak: 630
  - Dak Nong: 630
  - Dien Bien: 630
  - Dong Nai: 630
  - Dong Thap: 630
  - Gia Lai: 630
  - Ha Giang: 630
  - Ha Nam: 630
  - Ha Tinh: 630
  - Hai Duong: 630
  - Hau Giang: 630
  - Hoa Binh: 630
  - Hung Yen: 630
  - Khanh Hoa: 630
  - Kien Giang: 630
  - Kon Tum: 630
  - Lai Chau: 630
  - Lam Dong: 630
  - Lang Son: 630
  - Lao Cai: 630
  - Long An: 629
  - Nam Dinh: 629
  - Nghe An: 629
  - Ninh Binh: 629
  - Ninh Thuan: 629
  - Phu Tho: 629
  - Phu Yen: 629
  - Quang Binh: 629
  - Quang Nam: 629
  - Quang Ngai: 629
  - Quang Ninh: 629
  - Quang Tri: 629
  - Soc Trang: 629
  - Son La: 629
  - Tay Ninh: 629
  - Thai Binh: 629
  - Thai Nguyen: 629
  - Thanh Hoa: 629
  - Thua Thien Hue: 629
  - Tien Giang: 629
  - Tra Vinh: 629
  - Tuyen Quang: 629
  - Vinh Long: 629
  - Vinh Phuc: 629
  - Yen Bai: 628
[Bootstrap] Progress:
  - Hanoi: 632
  - Ho Chi Minh: 632
  - Hai Phong: 632
  - Da Nang: 632
  - Can Tho: 631
  - An Giang: 631
  - Ba Ria - Vung Tau: 631
  - Bac Giang: 631
  - Bac Kan: 631
  - Bac Lieu: 631
  - Bac Ninh: 631
  - Ben Tre: 630
  - Binh Dinh: 631
  - Binh Duong: 631
  - Binh Phuoc: 631
  - Binh Thuan: 631
  - Ca Mau: 631
  - Cao Bang: 631
  - Dak Lak: 631
  - Dak Nong: 631
  - Dien Bien: 631
  - Dong Nai: 631
  - Dong Thap: 631
  - Gia Lai: 631
  - Ha Giang: 631
  - Ha Nam: 631
  - Ha Tinh: 631
  - Hai Duong: 631
  - Hau Giang: 631
  - Hoa Binh: 631
  - Hung Yen: 631
  - Khanh Hoa: 631
  - Kien Giang: 631
  - Kon Tum: 631
  - Lai Chau: 631
  - Lam Dong: 631
  - Lang Son: 631
  - Lao Cai: 631
  - Long An: 630
  - Nam Dinh: 630
  - Nghe An: 630
  - Ninh Binh: 630
  - Ninh Thuan: 630
  - Phu Tho: 630
  - Phu Yen: 630
  - Quang Binh: 630
  - Quang Nam: 630
  - Quang Ngai: 630
  - Quang Ninh: 630
  - Quang Tri: 630
  - Soc Trang: 630
  - Son La: 630
  - Tay Ninh: 630
  - Thai Binh: 630
  - Thai Nguyen: 630
  - Thanh Hoa: 630
  - Thua Thien Hue: 630
  - Tien Giang: 630
  - Tra Vinh: 630
  - Tuyen Quang: 630
  - Vinh Long: 630
  - Vinh Phuc: 630
  - Yen Bai: 629
[Bootstrap] Progress:
  - Hanoi: 634
  - Ho Chi Minh: 634
  - Hai Phong: 634
  - Da Nang: 634
  - Can Tho: 633
  - An Giang: 633
  - Ba Ria - Vung Tau: 633
  - Bac Giang: 633
  - Bac Kan: 633
  - Bac Lieu: 633
  - Bac Ninh: 633
  - Ben Tre: 632
  - Binh Dinh: 633
  - Binh Duong: 633
  - Binh Phuoc: 633
  - Binh Thuan: 633
  - Ca Mau: 633
  - Cao Bang: 633
  - Dak Lak: 633
  - Dak Nong: 633
  - Dien Bien: 633
  - Dong Nai: 633
  - Dong Thap: 633
  - Gia Lai: 633
  - Ha Giang: 633
  - Ha Nam: 633
  - Ha Tinh: 633
  - Hai Duong: 633
  - Hau Giang: 633
  - Hoa Binh: 633
  - Hung Yen: 633
  - Khanh Hoa: 633
  - Kien Giang: 633
  - Kon Tum: 633
  - Lai Chau: 633
  - Lam Dong: 633
  - Lang Son: 633
  - Lao Cai: 633
  - Long An: 632
  - Nam Dinh: 632
  - Nghe An: 632
  - Ninh Binh: 632
  - Ninh Thuan: 632
  - Phu Tho: 632
  - Phu Yen: 632
  - Quang Binh: 632
  - Quang Nam: 632
  - Quang Ngai: 631
  - Quang Ninh: 631
  - Quang Tri: 631
  - Soc Trang: 631
  - Son La: 631
  - Tay Ninh: 631
  - Thai Binh: 631
  - Thai Nguyen: 631
  - Thanh Hoa: 631
  - Thua Thien Hue: 631
  - Tien Giang: 631
  - Tra Vinh: 631
  - Tuyen Quang: 631
  - Vinh Long: 631
  - Vinh Phuc: 631
  - Yen Bai: 630
[Bootstrap] Progress:
  - Hanoi: 635
  - Ho Chi Minh: 635
  - Hai Phong: 635
  - Da Nang: 635
  - Can Tho: 634
  - An Giang: 634
  - Ba Ria - Vung Tau: 634
  - Bac Giang: 634
  - Bac Kan: 634
  - Bac Lieu: 634
  - Bac Ninh: 634
  - Ben Tre: 633
  - Binh Dinh: 634
  - Binh Duong: 634
  - Binh Phuoc: 634
  - Binh Thuan: 634
  - Ca Mau: 634
  - Cao Bang: 634
  - Dak Lak: 634
  - Dak Nong: 634
  - Dien Bien: 634
  - Dong Nai: 634
  - Dong Thap: 634
  - Gia Lai: 634
  - Ha Giang: 634
  - Ha Nam: 634
  - Ha Tinh: 634
  - Hai Duong: 634
  - Hau Giang: 634
  - Hoa Binh: 634
  - Hung Yen: 634
  - Khanh Hoa: 634
  - Kien Giang: 634
  - Kon Tum: 634
  - Lai Chau: 634
  - Lam Dong: 634
  - Lang Son: 634
  - Lao Cai: 634
  - Long An: 633
  - Nam Dinh: 633
  - Nghe An: 633
  - Ninh Binh: 633
  - Ninh Thuan: 633
  - Phu Tho: 633
  - Phu Yen: 633
  - Quang Binh: 633
  - Quang Nam: 633
  - Quang Ngai: 633
  - Quang Ninh: 633
  - Quang Tri: 633
  - Soc Trang: 633
  - Son La: 633
  - Tay Ninh: 633
  - Thai Binh: 633
  - Thai Nguyen: 633
  - Thanh Hoa: 633
  - Thua Thien Hue: 633
  - Tien Giang: 633
  - Tra Vinh: 633
  - Tuyen Quang: 633
  - Vinh Long: 633
  - Vinh Phuc: 633
  - Yen Bai: 632
[Bootstrap] Progress:
  - Hanoi: 636
  - Ho Chi Minh: 636
  - Hai Phong: 636
  - Da Nang: 636
  - Can Tho: 635
  - An Giang: 635
  - Ba Ria - Vung Tau: 635
  - Bac Giang: 635
  - Bac Kan: 635
  - Bac Lieu: 635
  - Bac Ninh: 635
  - Ben Tre: 634
  - Binh Dinh: 635
  - Binh Duong: 635
  - Binh Phuoc: 635
  - Binh Thuan: 635
  - Ca Mau: 635
  - Cao Bang: 635
  - Dak Lak: 635
  - Dak Nong: 635
  - Dien Bien: 635
  - Dong Nai: 635
  - Dong Thap: 635
  - Gia Lai: 635
  - Ha Giang: 635
  - Ha Nam: 635
  - Ha Tinh: 635
  - Hai Duong: 635
  - Hau Giang: 635
  - Hoa Binh: 635
  - Hung Yen: 635
  - Khanh Hoa: 635
  - Kien Giang: 635
  - Kon Tum: 635
  - Lai Chau: 635
  - Lam Dong: 635
  - Lang Son: 635
  - Lao Cai: 635
  - Long An: 634
  - Nam Dinh: 634
  - Nghe An: 634
  - Ninh Binh: 634
  - Ninh Thuan: 634
  - Phu Tho: 634
  - Phu Yen: 634
  - Quang Binh: 634
  - Quang Nam: 634
  - Quang Ngai: 634
  - Quang Ninh: 634
  - Quang Tri: 634
  - Soc Trang: 634
  - Son La: 634
  - Tay Ninh: 634
  - Thai Binh: 634
  - Thai Nguyen: 634
  - Thanh Hoa: 634
  - Thua Thien Hue: 634
  - Tien Giang: 634
  - Tra Vinh: 634
  - Tuyen Quang: 634
  - Vinh Long: 634
  - Vinh Phuc: 634
  - Yen Bai: 633
[Bootstrap] Progress:
  - Hanoi: 637
  - Ho Chi Minh: 637
  - Hai Phong: 637
  - Da Nang: 637
  - Can Tho: 636
  - An Giang: 636
  - Ba Ria - Vung Tau: 636
  - Bac Giang: 636
  - Bac Kan: 636
  - Bac Lieu: 636
  - Bac Ninh: 636
  - Ben Tre: 635
  - Binh Dinh: 636
  - Binh Duong: 636
  - Binh Phuoc: 636
  - Binh Thuan: 636
  - Ca Mau: 636
  - Cao Bang: 636
  - Dak Lak: 636
  - Dak Nong: 636
  - Dien Bien: 636
  - Dong Nai: 636
  - Dong Thap: 636
  - Gia Lai: 636
  - Ha Giang: 636
  - Ha Nam: 636
  - Ha Tinh: 636
  - Hai Duong: 636
  - Hau Giang: 636
  - Hoa Binh: 636
  - Hung Yen: 636
  - Khanh Hoa: 636
  - Kien Giang: 636
  - Kon Tum: 636
  - Lai Chau: 636
  - Lam Dong: 636
  - Lang Son: 636
  - Lao Cai: 636
  - Long An: 635
  - Nam Dinh: 635
  - Nghe An: 635
  - Ninh Binh: 635
  - Ninh Thuan: 635
  - Phu Tho: 635
  - Phu Yen: 635
  - Quang Binh: 635
  - Quang Nam: 635
  - Quang Ngai: 635
  - Quang Ninh: 635
  - Quang Tri: 635
  - Soc Trang: 635
  - Son La: 635
  - Tay Ninh: 635
  - Thai Binh: 635
  - Thai Nguyen: 635
  - Thanh Hoa: 635
  - Thua Thien Hue: 635
  - Tien Giang: 635
  - Tra Vinh: 635
  - Tuyen Quang: 635
  - Vinh Long: 635
  - Vinh Phuc: 635
  - Yen Bai: 634
[Bootstrap] Progress:
  - Hanoi: 638
  - Ho Chi Minh: 638
  - Hai Phong: 638
  - Da Nang: 638
  - Can Tho: 637
  - An Giang: 637
  - Ba Ria - Vung Tau: 637
  - Bac Giang: 637
  - Bac Kan: 637
  - Bac Lieu: 637
  - Bac Ninh: 637
  - Ben Tre: 636
  - Binh Dinh: 637
  - Binh Duong: 637
  - Binh Phuoc: 637
  - Binh Thuan: 637
  - Ca Mau: 637
  - Cao Bang: 637
  - Dak Lak: 637
  - Dak Nong: 637
  - Dien Bien: 637
  - Dong Nai: 637
  - Dong Thap: 637
  - Gia Lai: 637
  - Ha Giang: 637
  - Ha Nam: 637
  - Ha Tinh: 637
  - Hai Duong: 637
  - Hau Giang: 637
  - Hoa Binh: 637
  - Hung Yen: 637
  - Khanh Hoa: 637
  - Kien Giang: 637
  - Kon Tum: 637
  - Lai Chau: 637
  - Lam Dong: 637
  - Lang Son: 637
  - Lao Cai: 637
  - Long An: 636
  - Nam Dinh: 636
  - Nghe An: 636
  - Ninh Binh: 636
  - Ninh Thuan: 636
  - Phu Tho: 636
  - Phu Yen: 636
  - Quang Binh: 636
  - Quang Nam: 636
  - Quang Ngai: 636
  - Quang Ninh: 636
  - Quang Tri: 636
  - Soc Trang: 636
  - Son La: 636
  - Tay Ninh: 636
  - Thai Binh: 636
  - Thai Nguyen: 636
  - Thanh Hoa: 636
  - Thua Thien Hue: 636
  - Tien Giang: 636
  - Tra Vinh: 636
  - Tuyen Quang: 636
  - Vinh Long: 636
  - Vinh Phuc: 636
  - Yen Bai: 635
[Bootstrap] Progress:
  - Hanoi: 640
  - Ho Chi Minh: 640
  - Hai Phong: 640
  - Da Nang: 640
  - Can Tho: 639
  - An Giang: 639
  - Ba Ria - Vung Tau: 639
  - Bac Giang: 639
  - Bac Kan: 639
  - Bac Lieu: 639
  - Bac Ninh: 639
  - Ben Tre: 638
  - Binh Dinh: 639
  - Binh Duong: 639
  - Binh Phuoc: 639
  - Binh Thuan: 639
  - Ca Mau: 639
  - Cao Bang: 639
  - Dak Lak: 639
  - Dak Nong: 639
  - Dien Bien: 639
  - Dong Nai: 639
  - Dong Thap: 639
  - Gia Lai: 639
  - Ha Giang: 639
  - Ha Nam: 639
  - Ha Tinh: 639
  - Hai Duong: 639
  - Hau Giang: 639
  - Hoa Binh: 639
  - Hung Yen: 639
  - Khanh Hoa: 639
  - Kien Giang: 639
  - Kon Tum: 639
  - Lai Chau: 639
  - Lam Dong: 639
  - Lang Son: 639
  - Lao Cai: 639
  - Long An: 638
  - Nam Dinh: 638
  - Nghe An: 638
  - Ninh Binh: 638
  - Ninh Thuan: 638
  - Phu Tho: 637
  - Phu Yen: 637
  - Quang Binh: 637
  - Quang Nam: 637
  - Quang Ngai: 637
  - Quang Ninh: 637
  - Quang Tri: 637
  - Soc Trang: 637
  - Son La: 637
  - Tay Ninh: 637
  - Thai Binh: 637
  - Thai Nguyen: 637
  - Thanh Hoa: 637
  - Thua Thien Hue: 637
  - Tien Giang: 637
  - Tra Vinh: 637
  - Tuyen Quang: 637
  - Vinh Long: 637
  - Vinh Phuc: 637
  - Yen Bai: 636
[Bootstrap] Progress:
  - Hanoi: 641
  - Ho Chi Minh: 641
  - Hai Phong: 641
  - Da Nang: 641
  - Can Tho: 640
  - An Giang: 640
  - Ba Ria - Vung Tau: 640
  - Bac Giang: 640
  - Bac Kan: 640
  - Bac Lieu: 640
  - Bac Ninh: 640
  - Ben Tre: 639
  - Binh Dinh: 640
  - Binh Duong: 640
  - Binh Phuoc: 640
  - Binh Thuan: 640
  - Ca Mau: 640
  - Cao Bang: 640
  - Dak Lak: 640
  - Dak Nong: 640
  - Dien Bien: 640
  - Dong Nai: 640
  - Dong Thap: 640
  - Gia Lai: 640
  - Ha Giang: 640
  - Ha Nam: 640
  - Ha Tinh: 640
  - Hai Duong: 640
  - Hau Giang: 640
  - Hoa Binh: 640
  - Hung Yen: 640
  - Khanh Hoa: 640
  - Kien Giang: 640
  - Kon Tum: 640
  - Lai Chau: 640
  - Lam Dong: 640
  - Lang Son: 640
  - Lao Cai: 640
  - Long An: 639
  - Nam Dinh: 639
  - Nghe An: 639
  - Ninh Binh: 639
  - Ninh Thuan: 639
  - Phu Tho: 639
  - Phu Yen: 639
  - Quang Binh: 639
  - Quang Nam: 639
  - Quang Ngai: 639
  - Quang Ninh: 639
  - Quang Tri: 639
  - Soc Trang: 639
  - Son La: 639
  - Tay Ninh: 639
  - Thai Binh: 639
  - Thai Nguyen: 639
  - Thanh Hoa: 639
  - Thua Thien Hue: 639
  - Tien Giang: 639
  - Tra Vinh: 639
  - Tuyen Quang: 639
  - Vinh Long: 639
  - Vinh Phuc: 639
  - Yen Bai: 638
[Bootstrap] Progress:
  - Hanoi: 642
  - Ho Chi Minh: 642
  - Hai Phong: 642
  - Da Nang: 642
  - Can Tho: 641
  - An Giang: 641
  - Ba Ria - Vung Tau: 641
  - Bac Giang: 641
  - Bac Kan: 641
  - Bac Lieu: 641
  - Bac Ninh: 641
  - Ben Tre: 640
  - Binh Dinh: 641
  - Binh Duong: 641
  - Binh Phuoc: 641
  - Binh Thuan: 641
  - Ca Mau: 641
  - Cao Bang: 641
  - Dak Lak: 641
  - Dak Nong: 641
  - Dien Bien: 641
  - Dong Nai: 641
  - Dong Thap: 641
  - Gia Lai: 641
  - Ha Giang: 641
  - Ha Nam: 641
  - Ha Tinh: 641
  - Hai Duong: 641
  - Hau Giang: 641
  - Hoa Binh: 641
  - Hung Yen: 641
  - Khanh Hoa: 641
  - Kien Giang: 641
  - Kon Tum: 641
  - Lai Chau: 641
  - Lam Dong: 641
  - Lang Son: 641
  - Lao Cai: 641
  - Long An: 640
  - Nam Dinh: 640
  - Nghe An: 640
  - Ninh Binh: 640
  - Ninh Thuan: 640
  - Phu Tho: 640
  - Phu Yen: 640
  - Quang Binh: 640
  - Quang Nam: 640
  - Quang Ngai: 640
  - Quang Ninh: 640
  - Quang Tri: 640
  - Soc Trang: 640
  - Son La: 640
  - Tay Ninh: 640
  - Thai Binh: 640
  - Thai Nguyen: 640
  - Thanh Hoa: 640
  - Thua Thien Hue: 640
  - Tien Giang: 640
  - Tra Vinh: 640
  - Tuyen Quang: 640
  - Vinh Long: 640
  - Vinh Phuc: 640
  - Yen Bai: 639
[Bootstrap] Progress:
  - Hanoi: 643
  - Ho Chi Minh: 643
  - Hai Phong: 643
  - Da Nang: 643
  - Can Tho: 642
  - An Giang: 642
  - Ba Ria - Vung Tau: 642
  - Bac Giang: 642
  - Bac Kan: 642
  - Bac Lieu: 642
  - Bac Ninh: 642
  - Ben Tre: 641
  - Binh Dinh: 642
  - Binh Duong: 642
  - Binh Phuoc: 642
  - Binh Thuan: 642
  - Ca Mau: 642
  - Cao Bang: 642
  - Dak Lak: 642
  - Dak Nong: 642
  - Dien Bien: 642
  - Dong Nai: 642
  - Dong Thap: 642
  - Gia Lai: 642
  - Ha Giang: 642
  - Ha Nam: 642
  - Ha Tinh: 642
  - Hai Duong: 642
  - Hau Giang: 642
  - Hoa Binh: 642
  - Hung Yen: 642
  - Khanh Hoa: 642
  - Kien Giang: 642
  - Kon Tum: 642
  - Lai Chau: 642
  - Lam Dong: 642
  - Lang Son: 642
  - Lao Cai: 642
  - Long An: 641
  - Nam Dinh: 641
  - Nghe An: 641
  - Ninh Binh: 641
  - Ninh Thuan: 641
  - Phu Tho: 641
  - Phu Yen: 641
  - Quang Binh: 641
  - Quang Nam: 641
  - Quang Ngai: 641
  - Quang Ninh: 641
  - Quang Tri: 641
  - Soc Trang: 641
  - Son La: 641
  - Tay Ninh: 641
  - Thai Binh: 641
  - Thai Nguyen: 641
  - Thanh Hoa: 641
  - Thua Thien Hue: 641
  - Tien Giang: 641
  - Tra Vinh: 641
  - Tuyen Quang: 641
  - Vinh Long: 641
  - Vinh Phuc: 641
  - Yen Bai: 640
[Bootstrap] Progress:
  - Hanoi: 644
  - Ho Chi Minh: 644
  - Hai Phong: 644
  - Da Nang: 644
  - Can Tho: 643
  - An Giang: 643
  - Ba Ria - Vung Tau: 643
  - Bac Giang: 643
  - Bac Kan: 643
  - Bac Lieu: 643
  - Bac Ninh: 643
  - Ben Tre: 642
  - Binh Dinh: 643
  - Binh Duong: 643
  - Binh Phuoc: 643
  - Binh Thuan: 643
  - Ca Mau: 643
  - Cao Bang: 643
  - Dak Lak: 643
  - Dak Nong: 643
  - Dien Bien: 643
  - Dong Nai: 643
  - Dong Thap: 643
  - Gia Lai: 643
  - Ha Giang: 643
  - Ha Nam: 643
  - Ha Tinh: 643
  - Hai Duong: 643
  - Hau Giang: 643
  - Hoa Binh: 643
  - Hung Yen: 643
  - Khanh Hoa: 643
  - Kien Giang: 643
  - Kon Tum: 643
  - Lai Chau: 643
  - Lam Dong: 643
  - Lang Son: 643
  - Lao Cai: 643
  - Long An: 642
  - Nam Dinh: 642
  - Nghe An: 642
  - Ninh Binh: 642
  - Ninh Thuan: 642
  - Phu Tho: 642
  - Phu Yen: 642
  - Quang Binh: 642
  - Quang Nam: 642
  - Quang Ngai: 642
  - Quang Ninh: 642
  - Quang Tri: 642
  - Soc Trang: 642
  - Son La: 642
  - Tay Ninh: 642
  - Thai Binh: 642
  - Thai Nguyen: 642
  - Thanh Hoa: 642
  - Thua Thien Hue: 642
  - Tien Giang: 642
  - Tra Vinh: 642
  - Tuyen Quang: 642
  - Vinh Long: 642
  - Vinh Phuc: 642
  - Yen Bai: 641
[Bootstrap] Progress:
  - Hanoi: 647
  - Ho Chi Minh: 647
  - Hai Phong: 647
  - Da Nang: 647
  - Can Tho: 646
  - An Giang: 646
  - Ba Ria - Vung Tau: 646
  - Bac Giang: 646
  - Bac Kan: 644
  - Bac Lieu: 644
  - Bac Ninh: 644
  - Ben Tre: 643
  - Binh Dinh: 644
  - Binh Duong: 644
  - Binh Phuoc: 644
  - Binh Thuan: 644
  - Ca Mau: 644
  - Cao Bang: 644
  - Dak Lak: 644
  - Dak Nong: 644
  - Dien Bien: 644
  - Dong Nai: 644
  - Dong Thap: 644
  - Gia Lai: 644
  - Ha Giang: 644
  - Ha Nam: 644
  - Ha Tinh: 644
  - Hai Duong: 644
  - Hau Giang: 644
  - Hoa Binh: 644
  - Hung Yen: 644
  - Khanh Hoa: 644
  - Kien Giang: 644
  - Kon Tum: 644
  - Lai Chau: 644
  - Lam Dong: 644
  - Lang Son: 644
  - Lao Cai: 644
  - Long An: 643
  - Nam Dinh: 643
  - Nghe An: 643
  - Ninh Binh: 643
  - Ninh Thuan: 643
  - Phu Tho: 643
  - Phu Yen: 643
  - Quang Binh: 643
  - Quang Nam: 643
  - Quang Ngai: 643
  - Quang Ninh: 643
  - Quang Tri: 643
  - Soc Trang: 643
  - Son La: 643
  - Tay Ninh: 643
  - Thai Binh: 643
  - Thai Nguyen: 643
  - Thanh Hoa: 643
  - Thua Thien Hue: 643
  - Tien Giang: 643
  - Tra Vinh: 643
  - Tuyen Quang: 643
  - Vinh Long: 643
  - Vinh Phuc: 643
  - Yen Bai: 642
[Bootstrap] Progress:
  - Hanoi: 648
  - Ho Chi Minh: 648
  - Hai Phong: 648
  - Da Nang: 648
  - Can Tho: 647
  - An Giang: 647
  - Ba Ria - Vung Tau: 647
  - Bac Giang: 647
  - Bac Kan: 647
  - Bac Lieu: 647
  - Bac Ninh: 647
  - Ben Tre: 646
  - Binh Dinh: 647
  - Binh Duong: 647
  - Binh Phuoc: 647
  - Binh Thuan: 647
  - Ca Mau: 647
  - Cao Bang: 647
  - Dak Lak: 647
  - Dak Nong: 647
  - Dien Bien: 647
  - Dong Nai: 647
  - Dong Thap: 647
  - Gia Lai: 647
  - Ha Giang: 647
  - Ha Nam: 647
  - Ha Tinh: 647
  - Hai Duong: 647
  - Hau Giang: 647
  - Hoa Binh: 647
  - Hung Yen: 647
  - Khanh Hoa: 647
  - Kien Giang: 647
  - Kon Tum: 647
  - Lai Chau: 647
  - Lam Dong: 647
  - Lang Son: 647
  - Lao Cai: 647
  - Long An: 646
  - Nam Dinh: 646
  - Nghe An: 646
  - Ninh Binh: 646
  - Ninh Thuan: 646
  - Phu Tho: 646
  - Phu Yen: 646
  - Quang Binh: 646
  - Quang Nam: 646
  - Quang Ngai: 646
  - Quang Ninh: 646
  - Quang Tri: 646
  - Soc Trang: 646
  - Son La: 646
  - Tay Ninh: 646
  - Thai Binh: 646
  - Thai Nguyen: 646
  - Thanh Hoa: 646
  - Thua Thien Hue: 646
  - Tien Giang: 646
  - Tra Vinh: 646
  - Tuyen Quang: 646
  - Vinh Long: 646
  - Vinh Phuc: 646
  - Yen Bai: 645
[Bootstrap] Progress:
  - Hanoi: 649
  - Ho Chi Minh: 649
  - Hai Phong: 649
  - Da Nang: 649
  - Can Tho: 648
  - An Giang: 648
  - Ba Ria - Vung Tau: 648
  - Bac Giang: 648
  - Bac Kan: 648
  - Bac Lieu: 648
  - Bac Ninh: 648
  - Ben Tre: 647
  - Binh Dinh: 648
  - Binh Duong: 648
  - Binh Phuoc: 648
  - Binh Thuan: 648
  - Ca Mau: 648
  - Cao Bang: 648
  - Dak Lak: 648
  - Dak Nong: 648
  - Dien Bien: 648
  - Dong Nai: 648
  - Dong Thap: 648
  - Gia Lai: 648
  - Ha Giang: 648
  - Ha Nam: 648
  - Ha Tinh: 648
  - Hai Duong: 648
  - Hau Giang: 648
  - Hoa Binh: 648
  - Hung Yen: 648
  - Khanh Hoa: 648
  - Kien Giang: 648
  - Kon Tum: 648
  - Lai Chau: 648
  - Lam Dong: 648
  - Lang Son: 648
  - Lao Cai: 648
  - Long An: 647
  - Nam Dinh: 647
  - Nghe An: 647
  - Ninh Binh: 647
  - Ninh Thuan: 647
  - Phu Tho: 647
  - Phu Yen: 647
  - Quang Binh: 647
  - Quang Nam: 647
  - Quang Ngai: 647
  - Quang Ninh: 647
  - Quang Tri: 647
  - Soc Trang: 647
  - Son La: 647
  - Tay Ninh: 647
  - Thai Binh: 647
  - Thai Nguyen: 647
  - Thanh Hoa: 647
  - Thua Thien Hue: 647
  - Tien Giang: 647
  - Tra Vinh: 647
  - Tuyen Quang: 647
  - Vinh Long: 647
  - Vinh Phuc: 647
  - Yen Bai: 646
[Bootstrap] Progress:
  - Hanoi: 650
  - Ho Chi Minh: 650
  - Hai Phong: 650
  - Da Nang: 650
  - Can Tho: 649
  - An Giang: 649
  - Ba Ria - Vung Tau: 649
  - Bac Giang: 649
  - Bac Kan: 649
  - Bac Lieu: 649
  - Bac Ninh: 649
  - Ben Tre: 648
  - Binh Dinh: 649
  - Binh Duong: 649
  - Binh Phuoc: 649
  - Binh Thuan: 649
  - Ca Mau: 649
  - Cao Bang: 649
  - Dak Lak: 649
  - Dak Nong: 649
  - Dien Bien: 649
  - Dong Nai: 649
  - Dong Thap: 649
  - Gia Lai: 649
  - Ha Giang: 649
  - Ha Nam: 649
  - Ha Tinh: 649
  - Hai Duong: 649
  - Hau Giang: 649
  - Hoa Binh: 649
  - Hung Yen: 649
  - Khanh Hoa: 649
  - Kien Giang: 649
  - Kon Tum: 649
  - Lai Chau: 649
  - Lam Dong: 649
  - Lang Son: 649
  - Lao Cai: 649
  - Long An: 648
  - Nam Dinh: 648
  - Nghe An: 648
  - Ninh Binh: 648
  - Ninh Thuan: 648
  - Phu Tho: 648
  - Phu Yen: 648
  - Quang Binh: 648
  - Quang Nam: 648
  - Quang Ngai: 648
  - Quang Ninh: 648
  - Quang Tri: 648
  - Soc Trang: 648
  - Son La: 648
  - Tay Ninh: 648
  - Thai Binh: 648
  - Thai Nguyen: 648
  - Thanh Hoa: 648
  - Thua Thien Hue: 648
  - Tien Giang: 648
  - Tra Vinh: 648
  - Tuyen Quang: 648
  - Vinh Long: 648
  - Vinh Phuc: 648
  - Yen Bai: 647
[Bootstrap] Progress:
  - Hanoi: 651
  - Ho Chi Minh: 651
  - Hai Phong: 651
  - Da Nang: 651
  - Can Tho: 650
  - An Giang: 650
  - Ba Ria - Vung Tau: 650
  - Bac Giang: 650
  - Bac Kan: 650
  - Bac Lieu: 650
  - Bac Ninh: 650
  - Ben Tre: 649
  - Binh Dinh: 650
  - Binh Duong: 650
  - Binh Phuoc: 650
  - Binh Thuan: 650
  - Ca Mau: 650
  - Cao Bang: 650
  - Dak Lak: 650
  - Dak Nong: 650
  - Dien Bien: 650
  - Dong Nai: 650
  - Dong Thap: 650
  - Gia Lai: 650
  - Ha Giang: 650
  - Ha Nam: 650
  - Ha Tinh: 650
  - Hai Duong: 650
  - Hau Giang: 650
  - Hoa Binh: 650
  - Hung Yen: 650
  - Khanh Hoa: 650
  - Kien Giang: 650
  - Kon Tum: 650
  - Lai Chau: 650
  - Lam Dong: 650
  - Lang Son: 650
  - Lao Cai: 650
  - Long An: 649
  - Nam Dinh: 649
  - Nghe An: 649
  - Ninh Binh: 649
  - Ninh Thuan: 649
  - Phu Tho: 649
  - Phu Yen: 649
  - Quang Binh: 649
  - Quang Nam: 649
  - Quang Ngai: 649
  - Quang Ninh: 649
  - Quang Tri: 649
  - Soc Trang: 649
  - Son La: 649
  - Tay Ninh: 649
  - Thai Binh: 649
  - Thai Nguyen: 649
  - Thanh Hoa: 649
  - Thua Thien Hue: 649
  - Tien Giang: 649
  - Tra Vinh: 649
  - Tuyen Quang: 649
  - Vinh Long: 649
  - Vinh Phuc: 649
  - Yen Bai: 648
[Bootstrap] Progress:
  - Hanoi: 652
  - Ho Chi Minh: 652
  - Hai Phong: 652
  - Da Nang: 652
  - Can Tho: 651
  - An Giang: 651
  - Ba Ria - Vung Tau: 651
  - Bac Giang: 651
  - Bac Kan: 651
  - Bac Lieu: 651
  - Bac Ninh: 651
  - Ben Tre: 650
  - Binh Dinh: 651
  - Binh Duong: 651
  - Binh Phuoc: 651
  - Binh Thuan: 651
  - Ca Mau: 651
  - Cao Bang: 651
  - Dak Lak: 651
  - Dak Nong: 651
  - Dien Bien: 651
  - Dong Nai: 651
  - Dong Thap: 651
  - Gia Lai: 651
  - Ha Giang: 651
  - Ha Nam: 651
  - Ha Tinh: 651
  - Hai Duong: 651
  - Hau Giang: 651
  - Hoa Binh: 651
  - Hung Yen: 651
  - Khanh Hoa: 651
  - Kien Giang: 651
  - Kon Tum: 651
  - Lai Chau: 651
  - Lam Dong: 651
  - Lang Son: 651
  - Lao Cai: 651
  - Long An: 650
  - Nam Dinh: 650
  - Nghe An: 650
  - Ninh Binh: 650
  - Ninh Thuan: 650
  - Phu Tho: 650
  - Phu Yen: 650
  - Quang Binh: 650
  - Quang Nam: 650
  - Quang Ngai: 650
  - Quang Ninh: 650
  - Quang Tri: 650
  - Soc Trang: 650
  - Son La: 650
  - Tay Ninh: 650
  - Thai Binh: 650
  - Thai Nguyen: 650
  - Thanh Hoa: 650
  - Thua Thien Hue: 650
  - Tien Giang: 649
  - Tra Vinh: 650
  - Tuyen Quang: 650
  - Vinh Long: 650
  - Vinh Phuc: 650
  - Yen Bai: 649
[Bootstrap] Progress:
  - Hanoi: 655
  - Ho Chi Minh: 655
  - Hai Phong: 655
  - Da Nang: 655
  - Can Tho: 654
  - An Giang: 654
  - Ba Ria - Vung Tau: 654
  - Bac Giang: 654
  - Bac Kan: 654
  - Bac Lieu: 654
  - Bac Ninh: 654
  - Ben Tre: 653
  - Binh Dinh: 654
  - Binh Duong: 654
  - Binh Phuoc: 654
  - Binh Thuan: 654
  - Ca Mau: 654
  - Cao Bang: 654
  - Dak Lak: 654
  - Dak Nong: 654
  - Dien Bien: 654
  - Dong Nai: 654
  - Dong Thap: 654
  - Gia Lai: 654
  - Ha Giang: 654
  - Ha Nam: 654
  - Ha Tinh: 654
  - Hai Duong: 654
  - Hau Giang: 654
  - Hoa Binh: 654
  - Hung Yen: 654
  - Khanh Hoa: 654
  - Kien Giang: 654
  - Kon Tum: 654
  - Lai Chau: 654
  - Lam Dong: 654
  - Lang Son: 654
  - Lao Cai: 654
  - Long An: 653
  - Nam Dinh: 653
  - Nghe An: 653
  - Ninh Binh: 652
  - Ninh Thuan: 652
  - Phu Tho: 652
  - Phu Yen: 652
  - Quang Binh: 651
  - Quang Nam: 651
  - Quang Ngai: 651
  - Quang Ninh: 651
  - Quang Tri: 651
  - Soc Trang: 651
  - Son La: 651
  - Tay Ninh: 651
  - Thai Binh: 651
  - Thai Nguyen: 651
  - Thanh Hoa: 651
  - Thua Thien Hue: 651
  - Tien Giang: 650
  - Tra Vinh: 651
  - Tuyen Quang: 651
  - Vinh Long: 651
  - Vinh Phuc: 651
  - Yen Bai: 650
[Bootstrap] Progress:
  - Hanoi: 656
  - Ho Chi Minh: 656
  - Hai Phong: 656
  - Da Nang: 656
  - Can Tho: 655
  - An Giang: 655
  - Ba Ria - Vung Tau: 655
  - Bac Giang: 655
  - Bac Kan: 655
  - Bac Lieu: 655
  - Bac Ninh: 655
  - Ben Tre: 654
  - Binh Dinh: 655
  - Binh Duong: 655
  - Binh Phuoc: 655
  - Binh Thuan: 655
  - Ca Mau: 655
  - Cao Bang: 655
  - Dak Lak: 655
  - Dak Nong: 655
  - Dien Bien: 655
  - Dong Nai: 655
  - Dong Thap: 655
  - Gia Lai: 655
  - Ha Giang: 655
  - Ha Nam: 655
  - Ha Tinh: 655
  - Hai Duong: 655
  - Hau Giang: 655
  - Hoa Binh: 655
  - Hung Yen: 655
  - Khanh Hoa: 655
  - Kien Giang: 655
  - Kon Tum: 655
  - Lai Chau: 655
  - Lam Dong: 655
  - Lang Son: 655
  - Lao Cai: 655
  - Long An: 654
  - Nam Dinh: 654
  - Nghe An: 654
  - Ninh Binh: 654
  - Ninh Thuan: 654
  - Phu Tho: 654
  - Phu Yen: 654
  - Quang Binh: 654
  - Quang Nam: 654
  - Quang Ngai: 654
  - Quang Ninh: 654
  - Quang Tri: 654
  - Soc Trang: 654
  - Son La: 654
  - Tay Ninh: 654
  - Thai Binh: 654
  - Thai Nguyen: 654
  - Thanh Hoa: 654
  - Thua Thien Hue: 654
  - Tien Giang: 653
  - Tra Vinh: 654
  - Tuyen Quang: 654
  - Vinh Long: 654
  - Vinh Phuc: 654
  - Yen Bai: 653
[Bootstrap] Progress:
  - Hanoi: 657
  - Ho Chi Minh: 657
  - Hai Phong: 657
  - Da Nang: 657
  - Can Tho: 656
  - An Giang: 656
  - Ba Ria - Vung Tau: 656
  - Bac Giang: 656
  - Bac Kan: 656
  - Bac Lieu: 656
  - Bac Ninh: 656
  - Ben Tre: 655
  - Binh Dinh: 656
  - Binh Duong: 656
  - Binh Phuoc: 656
  - Binh Thuan: 656
  - Ca Mau: 656
  - Cao Bang: 656
  - Dak Lak: 656
  - Dak Nong: 656
  - Dien Bien: 656
  - Dong Nai: 656
  - Dong Thap: 656
  - Gia Lai: 656
  - Ha Giang: 656
  - Ha Nam: 656
  - Ha Tinh: 656
  - Hai Duong: 656
  - Hau Giang: 656
  - Hoa Binh: 656
  - Hung Yen: 656
  - Khanh Hoa: 656
  - Kien Giang: 656
  - Kon Tum: 656
  - Lai Chau: 656
  - Lam Dong: 656
  - Lang Son: 656
  - Lao Cai: 656
  - Long An: 655
  - Nam Dinh: 655
  - Nghe An: 655
  - Ninh Binh: 655
  - Ninh Thuan: 655
  - Phu Tho: 655
  - Phu Yen: 655
  - Quang Binh: 655
  - Quang Nam: 655
  - Quang Ngai: 655
  - Quang Ninh: 655
  - Quang Tri: 655
  - Soc Trang: 655
  - Son La: 655
  - Tay Ninh: 655
  - Thai Binh: 655
  - Thai Nguyen: 655
  - Thanh Hoa: 655
  - Thua Thien Hue: 655
  - Tien Giang: 654
  - Tra Vinh: 655
  - Tuyen Quang: 655
  - Vinh Long: 655
  - Vinh Phuc: 655
  - Yen Bai: 654
[Bootstrap] Progress:
  - Hanoi: 658
  - Ho Chi Minh: 658
  - Hai Phong: 658
  - Da Nang: 658
  - Can Tho: 657
  - An Giang: 657
  - Ba Ria - Vung Tau: 657
  - Bac Giang: 657
  - Bac Kan: 657
  - Bac Lieu: 657
  - Bac Ninh: 657
  - Ben Tre: 656
  - Binh Dinh: 657
  - Binh Duong: 657
  - Binh Phuoc: 657
  - Binh Thuan: 657
  - Ca Mau: 657
  - Cao Bang: 657
  - Dak Lak: 657
  - Dak Nong: 657
  - Dien Bien: 657
  - Dong Nai: 657
  - Dong Thap: 657
  - Gia Lai: 657
  - Ha Giang: 657
  - Ha Nam: 657
  - Ha Tinh: 657
  - Hai Duong: 657
  - Hau Giang: 657
  - Hoa Binh: 657
  - Hung Yen: 657
  - Khanh Hoa: 657
  - Kien Giang: 657
  - Kon Tum: 657
  - Lai Chau: 657
  - Lam Dong: 657
  - Lang Son: 657
  - Lao Cai: 657
  - Long An: 656
  - Nam Dinh: 656
  - Nghe An: 656
  - Ninh Binh: 656
  - Ninh Thuan: 656
  - Phu Tho: 656
  - Phu Yen: 656
  - Quang Binh: 656
  - Quang Nam: 656
  - Quang Ngai: 656
  - Quang Ninh: 656
  - Quang Tri: 656
  - Soc Trang: 656
  - Son La: 656
  - Tay Ninh: 656
  - Thai Binh: 656
  - Thai Nguyen: 656
  - Thanh Hoa: 656
  - Thua Thien Hue: 656
  - Tien Giang: 655
  - Tra Vinh: 656
  - Tuyen Quang: 656
  - Vinh Long: 656
  - Vinh Phuc: 656
  - Yen Bai: 655
[Bootstrap] Progress:
  - Hanoi: 659
  - Ho Chi Minh: 659
  - Hai Phong: 659
  - Da Nang: 659
  - Can Tho: 658
  - An Giang: 658
  - Ba Ria - Vung Tau: 658
  - Bac Giang: 658
  - Bac Kan: 658
  - Bac Lieu: 658
  - Bac Ninh: 658
  - Ben Tre: 657
  - Binh Dinh: 658
  - Binh Duong: 658
  - Binh Phuoc: 658
  - Binh Thuan: 658
  - Ca Mau: 658
  - Cao Bang: 658
  - Dak Lak: 658
  - Dak Nong: 658
  - Dien Bien: 658
  - Dong Nai: 658
  - Dong Thap: 658
  - Gia Lai: 658
  - Ha Giang: 658
  - Ha Nam: 658
  - Ha Tinh: 658
  - Hai Duong: 658
  - Hau Giang: 658
  - Hoa Binh: 658
  - Hung Yen: 658
  - Khanh Hoa: 658
  - Kien Giang: 658
  - Kon Tum: 658
  - Lai Chau: 658
  - Lam Dong: 658
  - Lang Son: 658
  - Lao Cai: 658
  - Long An: 657
  - Nam Dinh: 657
  - Nghe An: 657
  - Ninh Binh: 657
  - Ninh Thuan: 657
  - Phu Tho: 657
  - Phu Yen: 657
  - Quang Binh: 657
  - Quang Nam: 657
  - Quang Ngai: 657
  - Quang Ninh: 657
  - Quang Tri: 657
  - Soc Trang: 657
  - Son La: 657
  - Tay Ninh: 657
  - Thai Binh: 657
  - Thai Nguyen: 657
  - Thanh Hoa: 657
  - Thua Thien Hue: 657
  - Tien Giang: 656
  - Tra Vinh: 657
  - Tuyen Quang: 657
  - Vinh Long: 657
  - Vinh Phuc: 657
  - Yen Bai: 656
[Bootstrap] Progress:
  - Hanoi: 662
  - Ho Chi Minh: 662
  - Hai Phong: 662
  - Da Nang: 662
  - Can Tho: 661
  - An Giang: 661
  - Ba Ria - Vung Tau: 661
  - Bac Giang: 661
  - Bac Kan: 661
  - Bac Lieu: 661
  - Bac Ninh: 660
  - Ben Tre: 659
  - Binh Dinh: 660
  - Binh Duong: 660
  - Binh Phuoc: 660
  - Binh Thuan: 659
  - Ca Mau: 659
  - Cao Bang: 659
  - Dak Lak: 659
  - Dak Nong: 659
  - Dien Bien: 659
  - Dong Nai: 659
  - Dong Thap: 659
  - Gia Lai: 659
  - Ha Giang: 659
  - Ha Nam: 659
  - Ha Tinh: 659
  - Hai Duong: 659
  - Hau Giang: 659
  - Hoa Binh: 659
  - Hung Yen: 659
  - Khanh Hoa: 659
  - Kien Giang: 659
  - Kon Tum: 659
  - Lai Chau: 659
  - Lam Dong: 659
  - Lang Son: 659
  - Lao Cai: 659
  - Long An: 658
  - Nam Dinh: 658
  - Nghe An: 658
  - Ninh Binh: 658
  - Ninh Thuan: 658
  - Phu Tho: 658
  - Phu Yen: 658
  - Quang Binh: 658
  - Quang Nam: 658
  - Quang Ngai: 658
  - Quang Ninh: 658
  - Quang Tri: 658
  - Soc Trang: 658
  - Son La: 658
  - Tay Ninh: 658
  - Thai Binh: 658
  - Thai Nguyen: 658
  - Thanh Hoa: 658
  - Thua Thien Hue: 658
  - Tien Giang: 657
  - Tra Vinh: 658
  - Tuyen Quang: 658
  - Vinh Long: 658
  - Vinh Phuc: 658
  - Yen Bai: 657
[Bootstrap] Progress:
  - Hanoi: 663
  - Ho Chi Minh: 663
  - Hai Phong: 663
  - Da Nang: 663
  - Can Tho: 662
  - An Giang: 662
  - Ba Ria - Vung Tau: 662
  - Bac Giang: 662
  - Bac Kan: 662
  - Bac Lieu: 662
  - Bac Ninh: 662
  - Ben Tre: 661
  - Binh Dinh: 662
  - Binh Duong: 662
  - Binh Phuoc: 662
  - Binh Thuan: 662
  - Ca Mau: 662
  - Cao Bang: 662
  - Dak Lak: 662
  - Dak Nong: 662
  - Dien Bien: 662
  - Dong Nai: 662
  - Dong Thap: 662
  - Gia Lai: 662
  - Ha Giang: 662
  - Ha Nam: 662
  - Ha Tinh: 662
  - Hai Duong: 662
  - Hau Giang: 662
  - Hoa Binh: 662
  - Hung Yen: 662
  - Khanh Hoa: 662
  - Kien Giang: 662
  - Kon Tum: 662
  - Lai Chau: 662
  - Lam Dong: 662
  - Lang Son: 662
  - Lao Cai: 662
  - Long An: 661
  - Nam Dinh: 661
  - Nghe An: 661
  - Ninh Binh: 661
  - Ninh Thuan: 661
  - Phu Tho: 661
  - Phu Yen: 661
  - Quang Binh: 661
  - Quang Nam: 661
  - Quang Ngai: 661
  - Quang Ninh: 661
  - Quang Tri: 661
  - Soc Trang: 661
  - Son La: 661
  - Tay Ninh: 661
  - Thai Binh: 661
  - Thai Nguyen: 661
  - Thanh Hoa: 661
  - Thua Thien Hue: 661
  - Tien Giang: 660
  - Tra Vinh: 661
  - Tuyen Quang: 661
  - Vinh Long: 661
  - Vinh Phuc: 661
  - Yen Bai: 659
[Bootstrap] Progress:
  - Hanoi: 664
  - Ho Chi Minh: 664
  - Hai Phong: 664
  - Da Nang: 664
  - Can Tho: 663
  - An Giang: 663
  - Ba Ria - Vung Tau: 663
  - Bac Giang: 663
  - Bac Kan: 663
  - Bac Lieu: 663
  - Bac Ninh: 663
  - Ben Tre: 662
  - Binh Dinh: 663
  - Binh Duong: 663
  - Binh Phuoc: 663
  - Binh Thuan: 663
  - Ca Mau: 663
  - Cao Bang: 663
  - Dak Lak: 663
  - Dak Nong: 663
  - Dien Bien: 663
  - Dong Nai: 663
  - Dong Thap: 663
  - Gia Lai: 663
  - Ha Giang: 663
  - Ha Nam: 663
  - Ha Tinh: 663
  - Hai Duong: 663
  - Hau Giang: 663
  - Hoa Binh: 663
  - Hung Yen: 663
  - Khanh Hoa: 663
  - Kien Giang: 663
  - Kon Tum: 663
  - Lai Chau: 663
  - Lam Dong: 663
  - Lang Son: 663
  - Lao Cai: 663
  - Long An: 662
  - Nam Dinh: 662
  - Nghe An: 662
  - Ninh Binh: 662
  - Ninh Thuan: 662
  - Phu Tho: 662
  - Phu Yen: 662
  - Quang Binh: 662
  - Quang Nam: 662
  - Quang Ngai: 662
  - Quang Ninh: 662
  - Quang Tri: 662
  - Soc Trang: 662
  - Son La: 662
  - Tay Ninh: 662
  - Thai Binh: 662
  - Thai Nguyen: 662
  - Thanh Hoa: 662
  - Thua Thien Hue: 662
  - Tien Giang: 661
  - Tra Vinh: 662
  - Tuyen Quang: 662
  - Vinh Long: 662
  - Vinh Phuc: 662
  - Yen Bai: 661
[Bootstrap] Progress:
  - Hanoi: 665
  - Ho Chi Minh: 665
  - Hai Phong: 665
  - Da Nang: 665
  - Can Tho: 664
  - An Giang: 664
  - Ba Ria - Vung Tau: 664
  - Bac Giang: 664
  - Bac Kan: 664
  - Bac Lieu: 664
  - Bac Ninh: 664
  - Ben Tre: 663
  - Binh Dinh: 664
  - Binh Duong: 664
  - Binh Phuoc: 664
  - Binh Thuan: 664
  - Ca Mau: 664
  - Cao Bang: 664
  - Dak Lak: 664
  - Dak Nong: 664
  - Dien Bien: 664
  - Dong Nai: 664
  - Dong Thap: 664
  - Gia Lai: 664
  - Ha Giang: 664
  - Ha Nam: 664
  - Ha Tinh: 664
  - Hai Duong: 664
  - Hau Giang: 664
  - Hoa Binh: 664
  - Hung Yen: 664
  - Khanh Hoa: 664
  - Kien Giang: 664
  - Kon Tum: 664
  - Lai Chau: 664
  - Lam Dong: 664
  - Lang Son: 664
  - Lao Cai: 664
  - Long An: 663
  - Nam Dinh: 663
  - Nghe An: 663
  - Ninh Binh: 663
  - Ninh Thuan: 663
  - Phu Tho: 663
  - Phu Yen: 663
  - Quang Binh: 663
  - Quang Nam: 663
  - Quang Ngai: 663
  - Quang Ninh: 663
  - Quang Tri: 663
  - Soc Trang: 663
  - Son La: 663
  - Tay Ninh: 663
  - Thai Binh: 663
  - Thai Nguyen: 663
  - Thanh Hoa: 663
  - Thua Thien Hue: 663
  - Tien Giang: 662
  - Tra Vinh: 663
  - Tuyen Quang: 663
  - Vinh Long: 663
  - Vinh Phuc: 663
  - Yen Bai: 662
[Bootstrap] Progress:
  - Hanoi: 666
  - Ho Chi Minh: 666
  - Hai Phong: 666
  - Da Nang: 666
  - Can Tho: 665
  - An Giang: 665
  - Ba Ria - Vung Tau: 665
  - Bac Giang: 665
  - Bac Kan: 665
  - Bac Lieu: 665
  - Bac Ninh: 665
  - Ben Tre: 664
  - Binh Dinh: 665
  - Binh Duong: 665
  - Binh Phuoc: 665
  - Binh Thuan: 665
  - Ca Mau: 665
  - Cao Bang: 665
  - Dak Lak: 665
  - Dak Nong: 665
  - Dien Bien: 665
  - Dong Nai: 665
  - Dong Thap: 665
  - Gia Lai: 665
  - Ha Giang: 665
  - Ha Nam: 665
  - Ha Tinh: 665
  - Hai Duong: 665
  - Hau Giang: 665
  - Hoa Binh: 665
  - Hung Yen: 665
  - Khanh Hoa: 665
  - Kien Giang: 665
  - Kon Tum: 665
  - Lai Chau: 665
  - Lam Dong: 665
  - Lang Son: 665
  - Lao Cai: 665
  - Long An: 664
  - Nam Dinh: 664
  - Nghe An: 664
  - Ninh Binh: 664
  - Ninh Thuan: 664
  - Phu Tho: 664
  - Phu Yen: 664
  - Quang Binh: 664
  - Quang Nam: 664
  - Quang Ngai: 664
  - Quang Ninh: 664
  - Quang Tri: 664
  - Soc Trang: 664
  - Son La: 664
  - Tay Ninh: 664
  - Thai Binh: 664
  - Thai Nguyen: 664
  - Thanh Hoa: 664
  - Thua Thien Hue: 664
  - Tien Giang: 663
  - Tra Vinh: 664
  - Tuyen Quang: 664
  - Vinh Long: 664
  - Vinh Phuc: 664
  - Yen Bai: 663
[Bootstrap] Progress:
  - Hanoi: 667
  - Ho Chi Minh: 667
  - Hai Phong: 667
  - Da Nang: 667
  - Can Tho: 666
  - An Giang: 666
  - Ba Ria - Vung Tau: 666
  - Bac Giang: 666
  - Bac Kan: 666
  - Bac Lieu: 666
  - Bac Ninh: 666
  - Ben Tre: 665
  - Binh Dinh: 666
  - Binh Duong: 666
  - Binh Phuoc: 666
  - Binh Thuan: 666
  - Ca Mau: 666
  - Cao Bang: 666
  - Dak Lak: 666
  - Dak Nong: 666
  - Dien Bien: 666
  - Dong Nai: 666
  - Dong Thap: 666
  - Gia Lai: 666
  - Ha Giang: 666
  - Ha Nam: 666
  - Ha Tinh: 666
  - Hai Duong: 666
  - Hau Giang: 666
  - Hoa Binh: 666
  - Hung Yen: 666
  - Khanh Hoa: 666
  - Kien Giang: 666
  - Kon Tum: 666
  - Lai Chau: 666
  - Lam Dong: 666
  - Lang Son: 666
  - Lao Cai: 666
  - Long An: 665
  - Nam Dinh: 665
  - Nghe An: 665
  - Ninh Binh: 665
  - Ninh Thuan: 665
  - Phu Tho: 665
  - Phu Yen: 665
  - Quang Binh: 665
  - Quang Nam: 665
  - Quang Ngai: 665
  - Quang Ninh: 665
  - Quang Tri: 665
  - Soc Trang: 665
  - Son La: 665
  - Tay Ninh: 665
  - Thai Binh: 665
  - Thai Nguyen: 665
  - Thanh Hoa: 665
  - Thua Thien Hue: 665
  - Tien Giang: 664
  - Tra Vinh: 665
  - Tuyen Quang: 665
  - Vinh Long: 665
  - Vinh Phuc: 665
  - Yen Bai: 664
[Bootstrap] Progress:
  - Hanoi: 669
  - Ho Chi Minh: 669
  - Hai Phong: 669
  - Da Nang: 669
  - Can Tho: 668
  - An Giang: 668
  - Ba Ria - Vung Tau: 668
  - Bac Giang: 668
  - Bac Kan: 668
  - Bac Lieu: 668
  - Bac Ninh: 668
  - Ben Tre: 667
  - Binh Dinh: 668
  - Binh Duong: 668
  - Binh Phuoc: 668
  - Binh Thuan: 668
  - Ca Mau: 668
  - Cao Bang: 668
  - Dak Lak: 668
  - Dak Nong: 668
  - Dien Bien: 668
  - Dong Nai: 668
  - Dong Thap: 668
  - Gia Lai: 668
  - Ha Giang: 668
  - Ha Nam: 668
  - Ha Tinh: 668
  - Hai Duong: 668
  - Hau Giang: 668
  - Hoa Binh: 668
  - Hung Yen: 668
  - Khanh Hoa: 668
  - Kien Giang: 668
  - Kon Tum: 667
  - Lai Chau: 668
  - Lam Dong: 668
  - Lang Son: 668
  - Lao Cai: 668
  - Long An: 667
  - Nam Dinh: 667
  - Nghe An: 667
  - Ninh Binh: 667
  - Ninh Thuan: 667
  - Phu Tho: 667
  - Phu Yen: 667
  - Quang Binh: 667
  - Quang Nam: 667
  - Quang Ngai: 667
  - Quang Ninh: 667
  - Quang Tri: 667
  - Soc Trang: 666
  - Son La: 666
  - Tay Ninh: 666
  - Thai Binh: 666
  - Thai Nguyen: 666
  - Thanh Hoa: 666
  - Thua Thien Hue: 666
  - Tien Giang: 665
  - Tra Vinh: 666
  - Tuyen Quang: 666
  - Vinh Long: 666
  - Vinh Phuc: 666
  - Yen Bai: 665
[Bootstrap] Progress:
  - Hanoi: 670
  - Ho Chi Minh: 670
  - Hai Phong: 670
  - Da Nang: 670
  - Can Tho: 669
  - An Giang: 669
  - Ba Ria - Vung Tau: 669
  - Bac Giang: 669
  - Bac Kan: 669
  - Bac Lieu: 669
  - Bac Ninh: 669
  - Ben Tre: 668
  - Binh Dinh: 669
  - Binh Duong: 669
  - Binh Phuoc: 669
  - Binh Thuan: 669
  - Ca Mau: 669
  - Cao Bang: 669
  - Dak Lak: 669
  - Dak Nong: 669
  - Dien Bien: 669
  - Dong Nai: 669
  - Dong Thap: 669
  - Gia Lai: 669
  - Ha Giang: 669
  - Ha Nam: 669
  - Ha Tinh: 669
  - Hai Duong: 669
  - Hau Giang: 669
  - Hoa Binh: 669
  - Hung Yen: 669
  - Khanh Hoa: 669
  - Kien Giang: 669
  - Kon Tum: 668
  - Lai Chau: 669
  - Lam Dong: 669
  - Lang Son: 669
  - Lao Cai: 669
  - Long An: 668
  - Nam Dinh: 668
  - Nghe An: 668
  - Ninh Binh: 668
  - Ninh Thuan: 668
  - Phu Tho: 668
  - Phu Yen: 668
  - Quang Binh: 668
  - Quang Nam: 668
  - Quang Ngai: 668
  - Quang Ninh: 668
  - Quang Tri: 668
  - Soc Trang: 668
  - Son La: 668
  - Tay Ninh: 668
  - Thai Binh: 668
  - Thai Nguyen: 668
  - Thanh Hoa: 668
  - Thua Thien Hue: 668
  - Tien Giang: 667
  - Tra Vinh: 668
  - Tuyen Quang: 668
  - Vinh Long: 668
  - Vinh Phuc: 668
  - Yen Bai: 667
[Bootstrap] Progress:
  - Hanoi: 671
  - Ho Chi Minh: 671
  - Hai Phong: 671
  - Da Nang: 671
  - Can Tho: 670
  - An Giang: 670
  - Ba Ria - Vung Tau: 670
  - Bac Giang: 670
  - Bac Kan: 670
  - Bac Lieu: 670
  - Bac Ninh: 670
  - Ben Tre: 669
  - Binh Dinh: 670
  - Binh Duong: 670
  - Binh Phuoc: 670
  - Binh Thuan: 670
  - Ca Mau: 670
  - Cao Bang: 670
  - Dak Lak: 670
  - Dak Nong: 670
  - Dien Bien: 670
  - Dong Nai: 670
  - Dong Thap: 670
  - Gia Lai: 670
  - Ha Giang: 670
  - Ha Nam: 670
  - Ha Tinh: 670
  - Hai Duong: 670
  - Hau Giang: 670
  - Hoa Binh: 670
  - Hung Yen: 670
  - Khanh Hoa: 670
  - Kien Giang: 670
  - Kon Tum: 669
  - Lai Chau: 670
  - Lam Dong: 670
  - Lang Son: 670
  - Lao Cai: 670
  - Long An: 669
  - Nam Dinh: 669
  - Nghe An: 669
  - Ninh Binh: 669
  - Ninh Thuan: 669
  - Phu Tho: 669
  - Phu Yen: 669
  - Quang Binh: 669
  - Quang Nam: 669
  - Quang Ngai: 669
  - Quang Ninh: 669
  - Quang Tri: 669
  - Soc Trang: 669
  - Son La: 669
  - Tay Ninh: 669
  - Thai Binh: 669
  - Thai Nguyen: 669
  - Thanh Hoa: 669
  - Thua Thien Hue: 669
  - Tien Giang: 668
  - Tra Vinh: 669
  - Tuyen Quang: 669
  - Vinh Long: 669
  - Vinh Phuc: 669
  - Yen Bai: 668
[Bootstrap] Progress:
  - Hanoi: 672
  - Ho Chi Minh: 672
  - Hai Phong: 672
  - Da Nang: 672
  - Can Tho: 671
  - An Giang: 671
  - Ba Ria - Vung Tau: 671
  - Bac Giang: 671
  - Bac Kan: 671
  - Bac Lieu: 671
  - Bac Ninh: 671
  - Ben Tre: 670
  - Binh Dinh: 671
  - Binh Duong: 671
  - Binh Phuoc: 671
  - Binh Thuan: 671
  - Ca Mau: 671
  - Cao Bang: 671
  - Dak Lak: 671
  - Dak Nong: 671
  - Dien Bien: 671
  - Dong Nai: 671
  - Dong Thap: 671
  - Gia Lai: 671
  - Ha Giang: 671
  - Ha Nam: 671
  - Ha Tinh: 671
  - Hai Duong: 671
  - Hau Giang: 671
  - Hoa Binh: 671
  - Hung Yen: 671
  - Khanh Hoa: 671
  - Kien Giang: 671
  - Kon Tum: 670
  - Lai Chau: 671
  - Lam Dong: 671
  - Lang Son: 671
  - Lao Cai: 671
  - Long An: 670
  - Nam Dinh: 670
  - Nghe An: 670
  - Ninh Binh: 670
  - Ninh Thuan: 670
  - Phu Tho: 670
  - Phu Yen: 670
  - Quang Binh: 670
  - Quang Nam: 670
  - Quang Ngai: 670
  - Quang Ninh: 670
  - Quang Tri: 670
  - Soc Trang: 670
  - Son La: 670
  - Tay Ninh: 670
  - Thai Binh: 670
  - Thai Nguyen: 670
  - Thanh Hoa: 670
  - Thua Thien Hue: 670
  - Tien Giang: 669
  - Tra Vinh: 670
  - Tuyen Quang: 670
  - Vinh Long: 670
  - Vinh Phuc: 670
  - Yen Bai: 669
[Bootstrap] Progress:
  - Hanoi: 673
  - Ho Chi Minh: 673
  - Hai Phong: 673
  - Da Nang: 673
  - Can Tho: 672
  - An Giang: 672
  - Ba Ria - Vung Tau: 672
  - Bac Giang: 672
  - Bac Kan: 672
  - Bac Lieu: 672
  - Bac Ninh: 672
  - Ben Tre: 671
  - Binh Dinh: 672
  - Binh Duong: 672
  - Binh Phuoc: 672
  - Binh Thuan: 672
  - Ca Mau: 672
  - Cao Bang: 672
  - Dak Lak: 672
  - Dak Nong: 672
  - Dien Bien: 672
  - Dong Nai: 672
  - Dong Thap: 672
  - Gia Lai: 672
  - Ha Giang: 672
  - Ha Nam: 672
  - Ha Tinh: 672
  - Hai Duong: 672
  - Hau Giang: 672
  - Hoa Binh: 672
  - Hung Yen: 672
  - Khanh Hoa: 672
  - Kien Giang: 672
  - Kon Tum: 671
  - Lai Chau: 672
  - Lam Dong: 672
  - Lang Son: 672
  - Lao Cai: 672
  - Long An: 671
  - Nam Dinh: 671
  - Nghe An: 671
  - Ninh Binh: 671
  - Ninh Thuan: 671
  - Phu Tho: 671
  - Phu Yen: 671
  - Quang Binh: 671
  - Quang Nam: 671
  - Quang Ngai: 671
  - Quang Ninh: 671
  - Quang Tri: 671
  - Soc Trang: 671
  - Son La: 671
  - Tay Ninh: 671
  - Thai Binh: 671
  - Thai Nguyen: 671
  - Thanh Hoa: 671
  - Thua Thien Hue: 671
  - Tien Giang: 670
  - Tra Vinh: 671
  - Tuyen Quang: 671
  - Vinh Long: 671
  - Vinh Phuc: 671
  - Yen Bai: 670
[Bootstrap] Progress:
  - Hanoi: 676
  - Ho Chi Minh: 676
  - Hai Phong: 676
  - Da Nang: 675
  - Can Tho: 674
  - An Giang: 674
  - Ba Ria - Vung Tau: 674
  - Bac Giang: 674
  - Bac Kan: 673
  - Bac Lieu: 673
  - Bac Ninh: 673
  - Ben Tre: 672
  - Binh Dinh: 673
  - Binh Duong: 673
  - Binh Phuoc: 673
  - Binh Thuan: 673
  - Ca Mau: 673
  - Cao Bang: 673
  - Dak Lak: 673
  - Dak Nong: 673
  - Dien Bien: 673
  - Dong Nai: 673
  - Dong Thap: 673
  - Gia Lai: 673
  - Ha Giang: 673
  - Ha Nam: 673
  - Ha Tinh: 673
  - Hai Duong: 673
  - Hau Giang: 673
  - Hoa Binh: 673
  - Hung Yen: 673
  - Khanh Hoa: 673
  - Kien Giang: 673
  - Kon Tum: 672
  - Lai Chau: 673
  - Lam Dong: 673
  - Lang Son: 673
  - Lao Cai: 673
  - Long An: 672
  - Nam Dinh: 672
  - Nghe An: 672
  - Ninh Binh: 672
  - Ninh Thuan: 672
  - Phu Tho: 672
  - Phu Yen: 672
  - Quang Binh: 672
  - Quang Nam: 672
  - Quang Ngai: 672
  - Quang Ninh: 672
  - Quang Tri: 672
  - Soc Trang: 672
  - Son La: 672
  - Tay Ninh: 672
  - Thai Binh: 672
  - Thai Nguyen: 672
  - Thanh Hoa: 672
  - Thua Thien Hue: 672
  - Tien Giang: 671
  - Tra Vinh: 672
  - Tuyen Quang: 672
  - Vinh Long: 672
  - Vinh Phuc: 672
  - Yen Bai: 671
[Bootstrap] Progress:
  - Hanoi: 677
  - Ho Chi Minh: 677
  - Hai Phong: 677
  - Da Nang: 676
  - Can Tho: 676
  - An Giang: 676
  - Ba Ria - Vung Tau: 676
  - Bac Giang: 676
  - Bac Kan: 676
  - Bac Lieu: 676
  - Bac Ninh: 676
  - Ben Tre: 675
  - Binh Dinh: 676
  - Binh Duong: 676
  - Binh Phuoc: 676
  - Binh Thuan: 676
  - Ca Mau: 676
  - Cao Bang: 676
  - Dak Lak: 676
  - Dak Nong: 676
  - Dien Bien: 676
  - Dong Nai: 676
  - Dong Thap: 676
  - Gia Lai: 676
  - Ha Giang: 676
  - Ha Nam: 676
  - Ha Tinh: 676
  - Hai Duong: 676
  - Hau Giang: 676
  - Hoa Binh: 676
  - Hung Yen: 676
  - Khanh Hoa: 676
  - Kien Giang: 676
  - Kon Tum: 675
  - Lai Chau: 676
  - Lam Dong: 676
  - Lang Son: 676
  - Lao Cai: 676
  - Long An: 675
  - Nam Dinh: 675
  - Nghe An: 675
  - Ninh Binh: 675
  - Ninh Thuan: 675
  - Phu Tho: 675
  - Phu Yen: 675
  - Quang Binh: 675
  - Quang Nam: 675
  - Quang Ngai: 675
  - Quang Ninh: 675
  - Quang Tri: 675
  - Soc Trang: 675
  - Son La: 675
  - Tay Ninh: 675
  - Thai Binh: 675
  - Thai Nguyen: 674
  - Thanh Hoa: 673
  - Thua Thien Hue: 673
  - Tien Giang: 672
  - Tra Vinh: 673
  - Tuyen Quang: 673
  - Vinh Long: 673
  - Vinh Phuc: 673
  - Yen Bai: 672
[Bootstrap] Progress:
  - Hanoi: 678
  - Ho Chi Minh: 678
  - Hai Phong: 678
  - Da Nang: 677
  - Can Tho: 677
  - An Giang: 677
  - Ba Ria - Vung Tau: 677
  - Bac Giang: 677
  - Bac Kan: 677
  - Bac Lieu: 677
  - Bac Ninh: 677
  - Ben Tre: 676
  - Binh Dinh: 677
  - Binh Duong: 677
  - Binh Phuoc: 677
  - Binh Thuan: 677
  - Ca Mau: 677
  - Cao Bang: 677
  - Dak Lak: 677
  - Dak Nong: 677
  - Dien Bien: 677
  - Dong Nai: 677
  - Dong Thap: 677
  - Gia Lai: 677
  - Ha Giang: 677
  - Ha Nam: 677
  - Ha Tinh: 677
  - Hai Duong: 677
  - Hau Giang: 677
  - Hoa Binh: 677
  - Hung Yen: 677
  - Khanh Hoa: 677
  - Kien Giang: 677
  - Kon Tum: 676
  - Lai Chau: 677
  - Lam Dong: 677
  - Lang Son: 677
  - Lao Cai: 677
  - Long An: 676
  - Nam Dinh: 676
  - Nghe An: 676
  - Ninh Binh: 676
  - Ninh Thuan: 676
  - Phu Tho: 676
  - Phu Yen: 676
  - Quang Binh: 676
  - Quang Nam: 676
  - Quang Ngai: 676
  - Quang Ninh: 676
  - Quang Tri: 676
  - Soc Trang: 676
  - Son La: 676
  - Tay Ninh: 676
  - Thai Binh: 676
  - Thai Nguyen: 676
  - Thanh Hoa: 676
  - Thua Thien Hue: 676
  - Tien Giang: 675
  - Tra Vinh: 676
  - Tuyen Quang: 676
  - Vinh Long: 676
  - Vinh Phuc: 676
  - Yen Bai: 675
[Bootstrap] Progress:
  - Hanoi: 679
  - Ho Chi Minh: 679
  - Hai Phong: 679
  - Da Nang: 678
  - Can Tho: 678
  - An Giang: 678
  - Ba Ria - Vung Tau: 678
  - Bac Giang: 678
  - Bac Kan: 678
  - Bac Lieu: 678
  - Bac Ninh: 678
  - Ben Tre: 677
  - Binh Dinh: 678
  - Binh Duong: 678
  - Binh Phuoc: 678
  - Binh Thuan: 678
  - Ca Mau: 678
  - Cao Bang: 678
  - Dak Lak: 678
  - Dak Nong: 678
  - Dien Bien: 678
  - Dong Nai: 678
  - Dong Thap: 678
  - Gia Lai: 678
  - Ha Giang: 678
  - Ha Nam: 678
  - Ha Tinh: 678
  - Hai Duong: 678
  - Hau Giang: 678
  - Hoa Binh: 678
  - Hung Yen: 678
  - Khanh Hoa: 678
  - Kien Giang: 678
  - Kon Tum: 677
  - Lai Chau: 678
  - Lam Dong: 678
  - Lang Son: 678
  - Lao Cai: 678
  - Long An: 677
  - Nam Dinh: 677
  - Nghe An: 677
  - Ninh Binh: 677
  - Ninh Thuan: 677
  - Phu Tho: 677
  - Phu Yen: 677
  - Quang Binh: 677
  - Quang Nam: 677
  - Quang Ngai: 677
  - Quang Ninh: 677
  - Quang Tri: 677
  - Soc Trang: 677
  - Son La: 677
  - Tay Ninh: 677
  - Thai Binh: 677
  - Thai Nguyen: 677
  - Thanh Hoa: 677
  - Thua Thien Hue: 677
  - Tien Giang: 676
  - Tra Vinh: 677
  - Tuyen Quang: 677
  - Vinh Long: 677
  - Vinh Phuc: 677
  - Yen Bai: 676
[Bootstrap] Progress:
  - Hanoi: 680
  - Ho Chi Minh: 680
  - Hai Phong: 680
  - Da Nang: 679
  - Can Tho: 679
  - An Giang: 679
  - Ba Ria - Vung Tau: 679
  - Bac Giang: 679
  - Bac Kan: 679
  - Bac Lieu: 679
  - Bac Ninh: 679
  - Ben Tre: 678
  - Binh Dinh: 679
  - Binh Duong: 679
  - Binh Phuoc: 679
  - Binh Thuan: 679
  - Ca Mau: 679
  - Cao Bang: 679
  - Dak Lak: 679
  - Dak Nong: 679
  - Dien Bien: 679
  - Dong Nai: 679
  - Dong Thap: 679
  - Gia Lai: 679
  - Ha Giang: 679
  - Ha Nam: 679
  - Ha Tinh: 679
  - Hai Duong: 679
  - Hau Giang: 679
  - Hoa Binh: 679
  - Hung Yen: 679
  - Khanh Hoa: 679
  - Kien Giang: 679
  - Kon Tum: 678
  - Lai Chau: 679
  - Lam Dong: 679
  - Lang Son: 679
  - Lao Cai: 679
  - Long An: 678
  - Nam Dinh: 678
  - Nghe An: 678
  - Ninh Binh: 678
  - Ninh Thuan: 678
  - Phu Tho: 678
  - Phu Yen: 678
  - Quang Binh: 678
  - Quang Nam: 678
  - Quang Ngai: 678
  - Quang Ninh: 678
  - Quang Tri: 678
  - Soc Trang: 678
  - Son La: 678
  - Tay Ninh: 678
  - Thai Binh: 678
  - Thai Nguyen: 678
  - Thanh Hoa: 678
  - Thua Thien Hue: 678
  - Tien Giang: 677
  - Tra Vinh: 678
  - Tuyen Quang: 678
  - Vinh Long: 678
  - Vinh Phuc: 678
  - Yen Bai: 677
[Bootstrap] Progress:
  - Hanoi: 681
  - Ho Chi Minh: 681
  - Hai Phong: 681
  - Da Nang: 680
  - Can Tho: 680
  - An Giang: 680
  - Ba Ria - Vung Tau: 680
  - Bac Giang: 680
  - Bac Kan: 680
  - Bac Lieu: 680
  - Bac Ninh: 680
  - Ben Tre: 679
  - Binh Dinh: 680
  - Binh Duong: 680
  - Binh Phuoc: 680
  - Binh Thuan: 680
  - Ca Mau: 680
  - Cao Bang: 680
  - Dak Lak: 680
  - Dak Nong: 680
  - Dien Bien: 680
  - Dong Nai: 680
  - Dong Thap: 680
  - Gia Lai: 680
  - Ha Giang: 680
  - Ha Nam: 680
  - Ha Tinh: 680
  - Hai Duong: 680
  - Hau Giang: 680
  - Hoa Binh: 680
  - Hung Yen: 680
  - Khanh Hoa: 680
  - Kien Giang: 680
  - Kon Tum: 679
  - Lai Chau: 680
  - Lam Dong: 680
  - Lang Son: 680
  - Lao Cai: 680
  - Long An: 679
  - Nam Dinh: 679
  - Nghe An: 679
  - Ninh Binh: 679
  - Ninh Thuan: 679
  - Phu Tho: 679
  - Phu Yen: 679
  - Quang Binh: 679
  - Quang Nam: 679
  - Quang Ngai: 679
  - Quang Ninh: 679
  - Quang Tri: 679
  - Soc Trang: 679
  - Son La: 679
  - Tay Ninh: 679
  - Thai Binh: 679
  - Thai Nguyen: 679
  - Thanh Hoa: 679
  - Thua Thien Hue: 679
  - Tien Giang: 678
  - Tra Vinh: 679
  - Tuyen Quang: 679
  - Vinh Long: 679
  - Vinh Phuc: 679
  - Yen Bai: 678
[Bootstrap] Progress:
  - Hanoi: 684
  - Ho Chi Minh: 684
  - Hai Phong: 684
  - Da Nang: 683
  - Can Tho: 683
  - An Giang: 683
  - Ba Ria - Vung Tau: 683
  - Bac Giang: 683
  - Bac Kan: 683
  - Bac Lieu: 683
  - Bac Ninh: 683
  - Ben Tre: 682
  - Binh Dinh: 683
  - Binh Duong: 683
  - Binh Phuoc: 683
  - Binh Thuan: 683
  - Ca Mau: 683
  - Cao Bang: 683
  - Dak Lak: 683
  - Dak Nong: 683
  - Dien Bien: 683
  - Dong Nai: 683
  - Dong Thap: 683
  - Gia Lai: 683
  - Ha Giang: 682
  - Ha Nam: 682
  - Ha Tinh: 682
  - Hai Duong: 681
  - Hau Giang: 681
  - Hoa Binh: 681
  - Hung Yen: 681
  - Khanh Hoa: 681
  - Kien Giang: 681
  - Kon Tum: 680
  - Lai Chau: 681
  - Lam Dong: 681
  - Lang Son: 681
  - Lao Cai: 681
  - Long An: 680
  - Nam Dinh: 680
  - Nghe An: 680
  - Ninh Binh: 680
  - Ninh Thuan: 680
  - Phu Tho: 680
  - Phu Yen: 680
  - Quang Binh: 680
  - Quang Nam: 680
  - Quang Ngai: 680
  - Quang Ninh: 680
  - Quang Tri: 680
  - Soc Trang: 680
  - Son La: 680
  - Tay Ninh: 680
  - Thai Binh: 680
  - Thai Nguyen: 680
  - Thanh Hoa: 680
  - Thua Thien Hue: 680
  - Tien Giang: 679
  - Tra Vinh: 680
  - Tuyen Quang: 680
  - Vinh Long: 680
  - Vinh Phuc: 680
  - Yen Bai: 679
[Bootstrap] Progress:
  - Hanoi: 685
  - Ho Chi Minh: 685
  - Hai Phong: 685
  - Da Nang: 684
  - Can Tho: 684
  - An Giang: 684
  - Ba Ria - Vung Tau: 684
  - Bac Giang: 684
  - Bac Kan: 684
  - Bac Lieu: 684
  - Bac Ninh: 684
  - Ben Tre: 683
  - Binh Dinh: 684
  - Binh Duong: 684
  - Binh Phuoc: 684
  - Binh Thuan: 684
  - Ca Mau: 684
  - Cao Bang: 684
  - Dak Lak: 684
  - Dak Nong: 684
  - Dien Bien: 684
  - Dong Nai: 684
  - Dong Thap: 684
  - Gia Lai: 684
  - Ha Giang: 684
  - Ha Nam: 684
  - Ha Tinh: 684
  - Hai Duong: 684
  - Hau Giang: 684
  - Hoa Binh: 684
  - Hung Yen: 684
  - Khanh Hoa: 684
  - Kien Giang: 684
  - Kon Tum: 683
  - Lai Chau: 684
  - Lam Dong: 684
  - Lang Son: 684
  - Lao Cai: 684
  - Long An: 683
  - Nam Dinh: 683
  - Nghe An: 683
  - Ninh Binh: 683
  - Ninh Thuan: 683
  - Phu Tho: 683
  - Phu Yen: 683
  - Quang Binh: 683
  - Quang Nam: 683
  - Quang Ngai: 683
  - Quang Ninh: 683
  - Quang Tri: 683
  - Soc Trang: 683
  - Son La: 683
  - Tay Ninh: 683
  - Thai Binh: 683
  - Thai Nguyen: 683
  - Thanh Hoa: 683
  - Thua Thien Hue: 683
  - Tien Giang: 682
  - Tra Vinh: 683
  - Tuyen Quang: 683
  - Vinh Long: 683
  - Vinh Phuc: 683
  - Yen Bai: 682
[Bootstrap] Progress:
  - Hanoi: 686
  - Ho Chi Minh: 686
  - Hai Phong: 686
  - Da Nang: 685
  - Can Tho: 685
  - An Giang: 685
  - Ba Ria - Vung Tau: 685
  - Bac Giang: 685
  - Bac Kan: 685
  - Bac Lieu: 685
  - Bac Ninh: 685
  - Ben Tre: 684
  - Binh Dinh: 685
  - Binh Duong: 685
  - Binh Phuoc: 685
  - Binh Thuan: 685
  - Ca Mau: 685
  - Cao Bang: 685
  - Dak Lak: 685
  - Dak Nong: 685
  - Dien Bien: 685
  - Dong Nai: 685
  - Dong Thap: 685
  - Gia Lai: 685
  - Ha Giang: 685
  - Ha Nam: 685
  - Ha Tinh: 685
  - Hai Duong: 685
  - Hau Giang: 685
  - Hoa Binh: 685
  - Hung Yen: 685
  - Khanh Hoa: 685
  - Kien Giang: 685
  - Kon Tum: 684
  - Lai Chau: 685
  - Lam Dong: 685
  - Lang Son: 685
  - Lao Cai: 685
  - Long An: 684
  - Nam Dinh: 684
  - Nghe An: 684
  - Ninh Binh: 684
  - Ninh Thuan: 684
  - Phu Tho: 684
  - Phu Yen: 684
  - Quang Binh: 684
  - Quang Nam: 684
  - Quang Ngai: 684
  - Quang Ninh: 684
  - Quang Tri: 684
  - Soc Trang: 684
  - Son La: 684
  - Tay Ninh: 684
  - Thai Binh: 684
  - Thai Nguyen: 684
  - Thanh Hoa: 684
  - Thua Thien Hue: 684
  - Tien Giang: 683
  - Tra Vinh: 684
  - Tuyen Quang: 684
  - Vinh Long: 684
  - Vinh Phuc: 684
  - Yen Bai: 683
[Bootstrap] Progress:
  - Hanoi: 687
  - Ho Chi Minh: 687
  - Hai Phong: 687
  - Da Nang: 686
  - Can Tho: 686
  - An Giang: 686
  - Ba Ria - Vung Tau: 686
  - Bac Giang: 686
  - Bac Kan: 686
  - Bac Lieu: 686
  - Bac Ninh: 686
  - Ben Tre: 685
  - Binh Dinh: 686
  - Binh Duong: 686
  - Binh Phuoc: 686
  - Binh Thuan: 686
  - Ca Mau: 686
  - Cao Bang: 686
  - Dak Lak: 686
  - Dak Nong: 686
  - Dien Bien: 686
  - Dong Nai: 686
  - Dong Thap: 686
  - Gia Lai: 686
  - Ha Giang: 686
  - Ha Nam: 686
  - Ha Tinh: 686
  - Hai Duong: 686
  - Hau Giang: 686
  - Hoa Binh: 686
  - Hung Yen: 686
  - Khanh Hoa: 686
  - Kien Giang: 686
  - Kon Tum: 685
  - Lai Chau: 686
  - Lam Dong: 686
  - Lang Son: 686
  - Lao Cai: 686
  - Long An: 685
  - Nam Dinh: 685
  - Nghe An: 685
  - Ninh Binh: 685
  - Ninh Thuan: 685
  - Phu Tho: 685
  - Phu Yen: 685
  - Quang Binh: 685
  - Quang Nam: 685
  - Quang Ngai: 685
  - Quang Ninh: 685
  - Quang Tri: 685
  - Soc Trang: 685
  - Son La: 685
  - Tay Ninh: 685
  - Thai Binh: 685
  - Thai Nguyen: 685
  - Thanh Hoa: 685
  - Thua Thien Hue: 685
  - Tien Giang: 684
  - Tra Vinh: 685
  - Tuyen Quang: 685
  - Vinh Long: 685
  - Vinh Phuc: 685
  - Yen Bai: 684
[Bootstrap] Progress:
  - Hanoi: 688
  - Ho Chi Minh: 688
  - Hai Phong: 688
  - Da Nang: 687
  - Can Tho: 687
  - An Giang: 687
  - Ba Ria - Vung Tau: 687
  - Bac Giang: 687
  - Bac Kan: 687
  - Bac Lieu: 687
  - Bac Ninh: 687
  - Ben Tre: 686
  - Binh Dinh: 687
  - Binh Duong: 687
  - Binh Phuoc: 687
  - Binh Thuan: 687
  - Ca Mau: 687
  - Cao Bang: 687
  - Dak Lak: 687
  - Dak Nong: 687
  - Dien Bien: 687
  - Dong Nai: 687
  - Dong Thap: 687
  - Gia Lai: 687
  - Ha Giang: 687
  - Ha Nam: 687
  - Ha Tinh: 687
  - Hai Duong: 687
  - Hau Giang: 687
  - Hoa Binh: 687
  - Hung Yen: 687
  - Khanh Hoa: 687
  - Kien Giang: 687
  - Kon Tum: 686
  - Lai Chau: 687
  - Lam Dong: 687
  - Lang Son: 687
  - Lao Cai: 687
  - Long An: 686
  - Nam Dinh: 686
  - Nghe An: 686
  - Ninh Binh: 686
  - Ninh Thuan: 686
  - Phu Tho: 686
  - Phu Yen: 686
  - Quang Binh: 686
  - Quang Nam: 686
  - Quang Ngai: 686
  - Quang Ninh: 686
  - Quang Tri: 686
  - Soc Trang: 686
  - Son La: 686
  - Tay Ninh: 686
  - Thai Binh: 686
  - Thai Nguyen: 686
  - Thanh Hoa: 686
  - Thua Thien Hue: 686
  - Tien Giang: 685
  - Tra Vinh: 686
  - Tuyen Quang: 686
  - Vinh Long: 686
  - Vinh Phuc: 686
  - Yen Bai: 685
[Bootstrap] Progress:
  - Hanoi: 689
  - Ho Chi Minh: 689
  - Hai Phong: 689
  - Da Nang: 688
  - Can Tho: 688
  - An Giang: 688
  - Ba Ria - Vung Tau: 688
  - Bac Giang: 688
  - Bac Kan: 688
  - Bac Lieu: 688
  - Bac Ninh: 688
  - Ben Tre: 687
  - Binh Dinh: 688
  - Binh Duong: 688
  - Binh Phuoc: 688
  - Binh Thuan: 688
  - Ca Mau: 688
  - Cao Bang: 688
  - Dak Lak: 688
  - Dak Nong: 688
  - Dien Bien: 688
  - Dong Nai: 688
  - Dong Thap: 688
  - Gia Lai: 688
  - Ha Giang: 688
  - Ha Nam: 688
  - Ha Tinh: 688
  - Hai Duong: 688
  - Hau Giang: 688
  - Hoa Binh: 688
  - Hung Yen: 688
  - Khanh Hoa: 688
  - Kien Giang: 688
  - Kon Tum: 687
  - Lai Chau: 688
  - Lam Dong: 688
  - Lang Son: 688
  - Lao Cai: 688
  - Long An: 687
  - Nam Dinh: 687
  - Nghe An: 687
  - Ninh Binh: 687
  - Ninh Thuan: 687
  - Phu Tho: 687
  - Phu Yen: 687
  - Quang Binh: 687
  - Quang Nam: 687
  - Quang Ngai: 687
  - Quang Ninh: 687
  - Quang Tri: 687
  - Soc Trang: 687
  - Son La: 687
  - Tay Ninh: 687
  - Thai Binh: 687
  - Thai Nguyen: 687
  - Thanh Hoa: 687
  - Thua Thien Hue: 687
  - Tien Giang: 686
  - Tra Vinh: 687
  - Tuyen Quang: 687
  - Vinh Long: 687
  - Vinh Phuc: 687
  - Yen Bai: 686
[Bootstrap] Progress:
  - Hanoi: 690
  - Ho Chi Minh: 690
  - Hai Phong: 690
  - Da Nang: 689
  - Can Tho: 689
  - An Giang: 689
  - Ba Ria - Vung Tau: 689
  - Bac Giang: 689
  - Bac Kan: 689
  - Bac Lieu: 689
  - Bac Ninh: 689
  - Ben Tre: 688
  - Binh Dinh: 689
  - Binh Duong: 689
  - Binh Phuoc: 689
  - Binh Thuan: 689
  - Ca Mau: 689
  - Cao Bang: 689
  - Dak Lak: 689
  - Dak Nong: 689
  - Dien Bien: 689
  - Dong Nai: 689
  - Dong Thap: 689
  - Gia Lai: 689
  - Ha Giang: 689
  - Ha Nam: 689
  - Ha Tinh: 689
  - Hai Duong: 689
  - Hau Giang: 689
  - Hoa Binh: 689
  - Hung Yen: 689
  - Khanh Hoa: 689
  - Kien Giang: 689
  - Kon Tum: 688
  - Lai Chau: 689
  - Lam Dong: 689
  - Lang Son: 689
  - Lao Cai: 689
  - Long An: 688
  - Nam Dinh: 688
  - Nghe An: 688
  - Ninh Binh: 688
  - Ninh Thuan: 688
  - Phu Tho: 688
  - Phu Yen: 688
  - Quang Binh: 688
  - Quang Nam: 688
  - Quang Ngai: 688
  - Quang Ninh: 688
  - Quang Tri: 688
  - Soc Trang: 688
  - Son La: 688
  - Tay Ninh: 688
  - Thai Binh: 688
  - Thai Nguyen: 688
  - Thanh Hoa: 688
  - Thua Thien Hue: 688
  - Tien Giang: 687
  - Tra Vinh: 688
  - Tuyen Quang: 688
  - Vinh Long: 688
  - Vinh Phuc: 688
  - Yen Bai: 687
[Bootstrap] Progress:
  - Hanoi: 691
  - Ho Chi Minh: 691
  - Hai Phong: 691
  - Da Nang: 690
  - Can Tho: 690
  - An Giang: 690
  - Ba Ria - Vung Tau: 690
  - Bac Giang: 690
  - Bac Kan: 690
  - Bac Lieu: 690
  - Bac Ninh: 690
  - Ben Tre: 689
  - Binh Dinh: 690
  - Binh Duong: 690
  - Binh Phuoc: 690
  - Binh Thuan: 690
  - Ca Mau: 690
  - Cao Bang: 690
  - Dak Lak: 690
  - Dak Nong: 690
  - Dien Bien: 690
  - Dong Nai: 690
  - Dong Thap: 690
  - Gia Lai: 690
  - Ha Giang: 690
  - Ha Nam: 690
  - Ha Tinh: 690
  - Hai Duong: 690
  - Hau Giang: 690
  - Hoa Binh: 690
  - Hung Yen: 690
  - Khanh Hoa: 690
  - Kien Giang: 690
  - Kon Tum: 689
  - Lai Chau: 690
  - Lam Dong: 690
  - Lang Son: 690
  - Lao Cai: 690
  - Long An: 689
  - Nam Dinh: 689
  - Nghe An: 689
  - Ninh Binh: 689
  - Ninh Thuan: 689
  - Phu Tho: 689
  - Phu Yen: 689
  - Quang Binh: 689
  - Quang Nam: 689
  - Quang Ngai: 689
  - Quang Ninh: 689
  - Quang Tri: 689
  - Soc Trang: 689
  - Son La: 689
  - Tay Ninh: 689
  - Thai Binh: 689
  - Thai Nguyen: 689
  - Thanh Hoa: 689
  - Thua Thien Hue: 689
  - Tien Giang: 688
  - Tra Vinh: 689
  - Tuyen Quang: 689
  - Vinh Long: 689
  - Vinh Phuc: 689
  - Yen Bai: 688
[Bootstrap] Progress:
  - Hanoi: 692
  - Ho Chi Minh: 692
  - Hai Phong: 692
  - Da Nang: 691
  - Can Tho: 691
  - An Giang: 691
  - Ba Ria - Vung Tau: 691
  - Bac Giang: 691
  - Bac Kan: 691
  - Bac Lieu: 691
  - Bac Ninh: 691
  - Ben Tre: 690
  - Binh Dinh: 691
  - Binh Duong: 691
  - Binh Phuoc: 691
  - Binh Thuan: 691
  - Ca Mau: 691
  - Cao Bang: 691
  - Dak Lak: 691
  - Dak Nong: 691
  - Dien Bien: 691
  - Dong Nai: 691
  - Dong Thap: 691
  - Gia Lai: 691
  - Ha Giang: 691
  - Ha Nam: 691
  - Ha Tinh: 691
  - Hai Duong: 691
  - Hau Giang: 691
  - Hoa Binh: 691
  - Hung Yen: 691
  - Khanh Hoa: 691
  - Kien Giang: 691
  - Kon Tum: 690
  - Lai Chau: 691
  - Lam Dong: 691
  - Lang Son: 691
  - Lao Cai: 691
  - Long An: 690
  - Nam Dinh: 690
  - Nghe An: 690
  - Ninh Binh: 690
  - Ninh Thuan: 690
  - Phu Tho: 690
  - Phu Yen: 690
  - Quang Binh: 690
  - Quang Nam: 690
  - Quang Ngai: 690
  - Quang Ninh: 690
  - Quang Tri: 690
  - Soc Trang: 690
  - Son La: 690
  - Tay Ninh: 690
  - Thai Binh: 690
  - Thai Nguyen: 690
  - Thanh Hoa: 690
  - Thua Thien Hue: 690
  - Tien Giang: 689
  - Tra Vinh: 690
  - Tuyen Quang: 690
  - Vinh Long: 690
  - Vinh Phuc: 690
  - Yen Bai: 689
[Bootstrap] Progress:
  - Hanoi: 695
  - Ho Chi Minh: 695
  - Hai Phong: 695
  - Da Nang: 694
  - Can Tho: 694
  - An Giang: 694
  - Ba Ria - Vung Tau: 694
  - Bac Giang: 694
  - Bac Kan: 694
  - Bac Lieu: 694
  - Bac Ninh: 694
  - Ben Tre: 693
  - Binh Dinh: 694
  - Binh Duong: 694
  - Binh Phuoc: 694
  - Binh Thuan: 694
  - Ca Mau: 694
  - Cao Bang: 694
  - Dak Lak: 694
  - Dak Nong: 694
  - Dien Bien: 694
  - Dong Nai: 694
  - Dong Thap: 694
  - Gia Lai: 694
  - Ha Giang: 694
  - Ha Nam: 694
  - Ha Tinh: 694
  - Hai Duong: 694
  - Hau Giang: 694
  - Hoa Binh: 694
  - Hung Yen: 694
  - Khanh Hoa: 694
  - Kien Giang: 694
  - Kon Tum: 693
  - Lai Chau: 694
  - Lam Dong: 694
  - Lang Son: 694
  - Lao Cai: 694
  - Long An: 693
  - Nam Dinh: 693
  - Nghe An: 693
  - Ninh Binh: 693
  - Ninh Thuan: 693
  - Phu Tho: 693
  - Phu Yen: 693
  - Quang Binh: 693
  - Quang Nam: 693
  - Quang Ngai: 693
  - Quang Ninh: 693
  - Quang Tri: 693
  - Soc Trang: 693
  - Son La: 693
  - Tay Ninh: 693
  - Thai Binh: 693
  - Thai Nguyen: 693
  - Thanh Hoa: 693
  - Thua Thien Hue: 693
  - Tien Giang: 692
  - Tra Vinh: 693
  - Tuyen Quang: 693
  - Vinh Long: 693
  - Vinh Phuc: 693
  - Yen Bai: 692
[Bootstrap] Progress:
  - Hanoi: 696
  - Ho Chi Minh: 696
  - Hai Phong: 696
  - Da Nang: 695
  - Can Tho: 695
  - An Giang: 695
  - Ba Ria - Vung Tau: 695
  - Bac Giang: 695
  - Bac Kan: 695
  - Bac Lieu: 695
  - Bac Ninh: 695
  - Ben Tre: 694
  - Binh Dinh: 695
  - Binh Duong: 695
  - Binh Phuoc: 695
  - Binh Thuan: 695
  - Ca Mau: 695
  - Cao Bang: 695
  - Dak Lak: 695
  - Dak Nong: 695
  - Dien Bien: 695
  - Dong Nai: 695
  - Dong Thap: 695
  - Gia Lai: 695
  - Ha Giang: 695
  - Ha Nam: 695
  - Ha Tinh: 695
  - Hai Duong: 695
  - Hau Giang: 695
  - Hoa Binh: 695
  - Hung Yen: 695
  - Khanh Hoa: 695
  - Kien Giang: 695
  - Kon Tum: 694
  - Lai Chau: 695
  - Lam Dong: 695
  - Lang Son: 695
  - Lao Cai: 695
  - Long An: 694
  - Nam Dinh: 694
  - Nghe An: 694
  - Ninh Binh: 694
  - Ninh Thuan: 694
  - Phu Tho: 694
  - Phu Yen: 694
  - Quang Binh: 694
  - Quang Nam: 694
  - Quang Ngai: 694
  - Quang Ninh: 694
  - Quang Tri: 694
  - Soc Trang: 694
  - Son La: 694
  - Tay Ninh: 694
  - Thai Binh: 694
  - Thai Nguyen: 694
  - Thanh Hoa: 694
  - Thua Thien Hue: 694
  - Tien Giang: 693
  - Tra Vinh: 694
  - Tuyen Quang: 694
  - Vinh Long: 694
  - Vinh Phuc: 694
  - Yen Bai: 693
[Bootstrap] Progress:
  - Hanoi: 697
  - Ho Chi Minh: 697
  - Hai Phong: 697
  - Da Nang: 696
  - Can Tho: 696
  - An Giang: 696
  - Ba Ria - Vung Tau: 696
  - Bac Giang: 696
  - Bac Kan: 696
  - Bac Lieu: 696
  - Bac Ninh: 696
  - Ben Tre: 695
  - Binh Dinh: 696
  - Binh Duong: 696
  - Binh Phuoc: 696
  - Binh Thuan: 696
  - Ca Mau: 696
  - Cao Bang: 696
  - Dak Lak: 696
  - Dak Nong: 696
  - Dien Bien: 696
  - Dong Nai: 696
  - Dong Thap: 696
  - Gia Lai: 696
  - Ha Giang: 696
  - Ha Nam: 696
  - Ha Tinh: 696
  - Hai Duong: 696
  - Hau Giang: 696
  - Hoa Binh: 696
  - Hung Yen: 696
  - Khanh Hoa: 696
  - Kien Giang: 696
  - Kon Tum: 695
  - Lai Chau: 696
  - Lam Dong: 696
  - Lang Son: 696
  - Lao Cai: 696
  - Long An: 695
  - Nam Dinh: 695
  - Nghe An: 695
  - Ninh Binh: 695
  - Ninh Thuan: 695
  - Phu Tho: 695
  - Phu Yen: 695
  - Quang Binh: 695
  - Quang Nam: 695
  - Quang Ngai: 695
  - Quang Ninh: 695
  - Quang Tri: 695
  - Soc Trang: 695
  - Son La: 695
  - Tay Ninh: 695
  - Thai Binh: 695
  - Thai Nguyen: 695
  - Thanh Hoa: 695
  - Thua Thien Hue: 695
  - Tien Giang: 694
  - Tra Vinh: 695
  - Tuyen Quang: 695
  - Vinh Long: 695
  - Vinh Phuc: 695
  - Yen Bai: 694
[Bootstrap] Progress:
  - Hanoi: 698
  - Ho Chi Minh: 698
  - Hai Phong: 698
  - Da Nang: 697
  - Can Tho: 697
  - An Giang: 697
  - Ba Ria - Vung Tau: 697
  - Bac Giang: 697
  - Bac Kan: 697
  - Bac Lieu: 697
  - Bac Ninh: 697
  - Ben Tre: 696
  - Binh Dinh: 697
  - Binh Duong: 697
  - Binh Phuoc: 697
  - Binh Thuan: 697
  - Ca Mau: 697
  - Cao Bang: 697
  - Dak Lak: 697
  - Dak Nong: 697
  - Dien Bien: 697
  - Dong Nai: 697
  - Dong Thap: 697
  - Gia Lai: 697
  - Ha Giang: 697
  - Ha Nam: 697
  - Ha Tinh: 697
  - Hai Duong: 697
  - Hau Giang: 697
  - Hoa Binh: 697
  - Hung Yen: 697
  - Khanh Hoa: 697
  - Kien Giang: 697
  - Kon Tum: 696
  - Lai Chau: 697
  - Lam Dong: 697
  - Lang Son: 697
  - Lao Cai: 697
  - Long An: 696
  - Nam Dinh: 696
  - Nghe An: 696
  - Ninh Binh: 696
  - Ninh Thuan: 696
  - Phu Tho: 696
  - Phu Yen: 696
  - Quang Binh: 696
  - Quang Nam: 696
  - Quang Ngai: 696
  - Quang Ninh: 696
  - Quang Tri: 696
  - Soc Trang: 696
  - Son La: 696
  - Tay Ninh: 696
  - Thai Binh: 696
  - Thai Nguyen: 696
  - Thanh Hoa: 696
  - Thua Thien Hue: 696
  - Tien Giang: 695
  - Tra Vinh: 696
  - Tuyen Quang: 696
  - Vinh Long: 696
  - Vinh Phuc: 696
  - Yen Bai: 695
[Bootstrap] Progress:
  - Hanoi: 699
  - Ho Chi Minh: 699
  - Hai Phong: 699
  - Da Nang: 698
  - Can Tho: 698
  - An Giang: 698
  - Ba Ria - Vung Tau: 698
  - Bac Giang: 698
  - Bac Kan: 698
  - Bac Lieu: 698
  - Bac Ninh: 698
  - Ben Tre: 697
  - Binh Dinh: 698
  - Binh Duong: 698
  - Binh Phuoc: 698
  - Binh Thuan: 698
  - Ca Mau: 698
  - Cao Bang: 698
  - Dak Lak: 698
  - Dak Nong: 698
  - Dien Bien: 698
  - Dong Nai: 698
  - Dong Thap: 698
  - Gia Lai: 698
  - Ha Giang: 698
  - Ha Nam: 698
  - Ha Tinh: 698
  - Hai Duong: 698
  - Hau Giang: 698
  - Hoa Binh: 698
  - Hung Yen: 698
  - Khanh Hoa: 698
  - Kien Giang: 698
  - Kon Tum: 697
  - Lai Chau: 698
  - Lam Dong: 698
  - Lang Son: 698
  - Lao Cai: 698
  - Long An: 697
  - Nam Dinh: 697
  - Nghe An: 697
  - Ninh Binh: 697
  - Ninh Thuan: 697
  - Phu Tho: 697
  - Phu Yen: 697
  - Quang Binh: 697
  - Quang Nam: 697
  - Quang Ngai: 697
  - Quang Ninh: 697
  - Quang Tri: 697
  - Soc Trang: 697
  - Son La: 697
  - Tay Ninh: 697
  - Thai Binh: 697
  - Thai Nguyen: 697
  - Thanh Hoa: 697
  - Thua Thien Hue: 697
  - Tien Giang: 696
  - Tra Vinh: 697
  - Tuyen Quang: 697
  - Vinh Long: 697
  - Vinh Phuc: 697
  - Yen Bai: 696
[Bootstrap] Progress:
  - Hanoi: 700
  - Ho Chi Minh: 700
  - Hai Phong: 700
  - Da Nang: 699
  - Can Tho: 699
  - An Giang: 699
  - Ba Ria - Vung Tau: 699
  - Bac Giang: 699
  - Bac Kan: 699
  - Bac Lieu: 699
  - Bac Ninh: 699
  - Ben Tre: 698
  - Binh Dinh: 699
  - Binh Duong: 699
  - Binh Phuoc: 699
  - Binh Thuan: 699
  - Ca Mau: 699
  - Cao Bang: 699
  - Dak Lak: 699
  - Dak Nong: 699
  - Dien Bien: 699
  - Dong Nai: 699
  - Dong Thap: 699
  - Gia Lai: 699
  - Ha Giang: 699
  - Ha Nam: 699
  - Ha Tinh: 699
  - Hai Duong: 699
  - Hau Giang: 699
  - Hoa Binh: 699
  - Hung Yen: 699
  - Khanh Hoa: 699
  - Kien Giang: 699
  - Kon Tum: 698
  - Lai Chau: 699
  - Lam Dong: 699
  - Lang Son: 699
  - Lao Cai: 699
  - Long An: 698
  - Nam Dinh: 698
  - Nghe An: 698
  - Ninh Binh: 698
  - Ninh Thuan: 698
  - Phu Tho: 698
  - Phu Yen: 698
  - Quang Binh: 698
  - Quang Nam: 698
  - Quang Ngai: 698
  - Quang Ninh: 698
  - Quang Tri: 698
  - Soc Trang: 698
  - Son La: 698
  - Tay Ninh: 698
  - Thai Binh: 698
  - Thai Nguyen: 698
  - Thanh Hoa: 698
  - Thua Thien Hue: 698
  - Tien Giang: 697
  - Tra Vinh: 698
  - Tuyen Quang: 698
  - Vinh Long: 698
  - Vinh Phuc: 698
  - Yen Bai: 697
[Bootstrap] Progress:
  - Hanoi: 701
  - Ho Chi Minh: 701
  - Hai Phong: 701
  - Da Nang: 700
  - Can Tho: 700
  - An Giang: 700
  - Ba Ria - Vung Tau: 700
  - Bac Giang: 700
  - Bac Kan: 700
  - Bac Lieu: 700
  - Bac Ninh: 700
  - Ben Tre: 699
  - Binh Dinh: 700
  - Binh Duong: 700
  - Binh Phuoc: 700
  - Binh Thuan: 700
  - Ca Mau: 700
  - Cao Bang: 700
  - Dak Lak: 700
  - Dak Nong: 700
  - Dien Bien: 700
  - Dong Nai: 700
  - Dong Thap: 700
  - Gia Lai: 700
  - Ha Giang: 700
  - Ha Nam: 700
  - Ha Tinh: 700
  - Hai Duong: 700
  - Hau Giang: 700
  - Hoa Binh: 700
  - Hung Yen: 700
  - Khanh Hoa: 700
  - Kien Giang: 700
  - Kon Tum: 699
  - Lai Chau: 700
  - Lam Dong: 700
  - Lang Son: 700
  - Lao Cai: 700
  - Long An: 699
  - Nam Dinh: 699
  - Nghe An: 699
  - Ninh Binh: 699
  - Ninh Thuan: 699
  - Phu Tho: 699
  - Phu Yen: 699
  - Quang Binh: 699
  - Quang Nam: 699
  - Quang Ngai: 699
  - Quang Ninh: 699
  - Quang Tri: 699
  - Soc Trang: 699
  - Son La: 699
  - Tay Ninh: 699
  - Thai Binh: 699
  - Thai Nguyen: 699
  - Thanh Hoa: 699
  - Thua Thien Hue: 699
  - Tien Giang: 698
  - Tra Vinh: 699
  - Tuyen Quang: 699
  - Vinh Long: 699
  - Vinh Phuc: 699
  - Yen Bai: 698
[Bootstrap] Progress:
  - Hanoi: 702
  - Ho Chi Minh: 702
  - Hai Phong: 702
  - Da Nang: 701
  - Can Tho: 701
  - An Giang: 701
  - Ba Ria - Vung Tau: 701
  - Bac Giang: 701
  - Bac Kan: 701
  - Bac Lieu: 701
  - Bac Ninh: 701
  - Ben Tre: 700
  - Binh Dinh: 701
  - Binh Duong: 701
  - Binh Phuoc: 701
  - Binh Thuan: 701
  - Ca Mau: 701
  - Cao Bang: 701
  - Dak Lak: 701
  - Dak Nong: 701
  - Dien Bien: 701
  - Dong Nai: 701
  - Dong Thap: 701
  - Gia Lai: 701
  - Ha Giang: 701
  - Ha Nam: 701
  - Ha Tinh: 701
  - Hai Duong: 701
  - Hau Giang: 701
  - Hoa Binh: 701
  - Hung Yen: 701
  - Khanh Hoa: 701
  - Kien Giang: 701
  - Kon Tum: 700
  - Lai Chau: 701
  - Lam Dong: 701
  - Lang Son: 701
  - Lao Cai: 701
  - Long An: 700
  - Nam Dinh: 700
  - Nghe An: 700
  - Ninh Binh: 700
  - Ninh Thuan: 700
  - Phu Tho: 700
  - Phu Yen: 700
  - Quang Binh: 700
  - Quang Nam: 700
  - Quang Ngai: 700
  - Quang Ninh: 700
  - Quang Tri: 700
  - Soc Trang: 700
  - Son La: 700
  - Tay Ninh: 700
  - Thai Binh: 700
  - Thai Nguyen: 700
  - Thanh Hoa: 700
  - Thua Thien Hue: 700
  - Tien Giang: 699
  - Tra Vinh: 700
  - Tuyen Quang: 700
  - Vinh Long: 700
  - Vinh Phuc: 700
  - Yen Bai: 699
[Bootstrap] Progress:
  - Hanoi: 703
  - Ho Chi Minh: 703
  - Hai Phong: 703
  - Da Nang: 702
  - Can Tho: 702
  - An Giang: 702
  - Ba Ria - Vung Tau: 702
  - Bac Giang: 702
  - Bac Kan: 702
  - Bac Lieu: 702
  - Bac Ninh: 702
  - Ben Tre: 701
  - Binh Dinh: 702
  - Binh Duong: 702
  - Binh Phuoc: 702
  - Binh Thuan: 702
  - Ca Mau: 702
  - Cao Bang: 702
  - Dak Lak: 702
  - Dak Nong: 702
  - Dien Bien: 702
  - Dong Nai: 702
  - Dong Thap: 702
  - Gia Lai: 702
  - Ha Giang: 702
  - Ha Nam: 702
  - Ha Tinh: 702
  - Hai Duong: 702
  - Hau Giang: 702
  - Hoa Binh: 702
  - Hung Yen: 702
  - Khanh Hoa: 702
  - Kien Giang: 702
  - Kon Tum: 701
  - Lai Chau: 702
  - Lam Dong: 702
  - Lang Son: 702
  - Lao Cai: 702
  - Long An: 701
  - Nam Dinh: 701
  - Nghe An: 701
  - Ninh Binh: 701
  - Ninh Thuan: 701
  - Phu Tho: 701
  - Phu Yen: 701
  - Quang Binh: 701
  - Quang Nam: 701
  - Quang Ngai: 701
  - Quang Ninh: 701
  - Quang Tri: 701
  - Soc Trang: 701
  - Son La: 701
  - Tay Ninh: 701
  - Thai Binh: 701
  - Thai Nguyen: 701
  - Thanh Hoa: 701
  - Thua Thien Hue: 701
  - Tien Giang: 700
  - Tra Vinh: 701
  - Tuyen Quang: 701
  - Vinh Long: 701
  - Vinh Phuc: 701
  - Yen Bai: 700
[Bootstrap] Progress:
  - Hanoi: 704
  - Ho Chi Minh: 704
  - Hai Phong: 704
  - Da Nang: 703
  - Can Tho: 703
  - An Giang: 703
  - Ba Ria - Vung Tau: 703
  - Bac Giang: 703
  - Bac Kan: 703
  - Bac Lieu: 703
  - Bac Ninh: 703
  - Ben Tre: 702
  - Binh Dinh: 703
  - Binh Duong: 703
  - Binh Phuoc: 703
  - Binh Thuan: 703
  - Ca Mau: 703
  - Cao Bang: 703
  - Dak Lak: 703
  - Dak Nong: 703
  - Dien Bien: 703
  - Dong Nai: 703
  - Dong Thap: 703
  - Gia Lai: 703
  - Ha Giang: 703
  - Ha Nam: 703
  - Ha Tinh: 703
  - Hai Duong: 703
  - Hau Giang: 703
  - Hoa Binh: 703
  - Hung Yen: 703
  - Khanh Hoa: 703
  - Kien Giang: 703
  - Kon Tum: 702
  - Lai Chau: 703
  - Lam Dong: 703
  - Lang Son: 703
  - Lao Cai: 703
  - Long An: 702
  - Nam Dinh: 702
  - Nghe An: 702
  - Ninh Binh: 702
  - Ninh Thuan: 702
  - Phu Tho: 702
  - Phu Yen: 702
  - Quang Binh: 702
  - Quang Nam: 702
  - Quang Ngai: 702
  - Quang Ninh: 702
  - Quang Tri: 702
  - Soc Trang: 702
  - Son La: 702
  - Tay Ninh: 702
  - Thai Binh: 702
  - Thai Nguyen: 702
  - Thanh Hoa: 702
  - Thua Thien Hue: 702
  - Tien Giang: 701
  - Tra Vinh: 702
  - Tuyen Quang: 702
  - Vinh Long: 702
  - Vinh Phuc: 702
  - Yen Bai: 701
[Bootstrap] Progress:
  - Hanoi: 705
  - Ho Chi Minh: 705
  - Hai Phong: 705
  - Da Nang: 704
  - Can Tho: 704
  - An Giang: 704
  - Ba Ria - Vung Tau: 704
  - Bac Giang: 704
  - Bac Kan: 704
  - Bac Lieu: 704
  - Bac Ninh: 704
  - Ben Tre: 703
  - Binh Dinh: 704
  - Binh Duong: 704
  - Binh Phuoc: 704
  - Binh Thuan: 704
  - Ca Mau: 704
  - Cao Bang: 704
  - Dak Lak: 704
  - Dak Nong: 704
  - Dien Bien: 704
  - Dong Nai: 704
  - Dong Thap: 704
  - Gia Lai: 704
  - Ha Giang: 704
  - Ha Nam: 704
  - Ha Tinh: 704
  - Hai Duong: 704
  - Hau Giang: 704
  - Hoa Binh: 704
  - Hung Yen: 704
  - Khanh Hoa: 704
  - Kien Giang: 704
  - Kon Tum: 703
  - Lai Chau: 704
  - Lam Dong: 704
  - Lang Son: 703
  - Lao Cai: 704
  - Long An: 703
  - Nam Dinh: 703
  - Nghe An: 703
  - Ninh Binh: 703
  - Ninh Thuan: 703
  - Phu Tho: 703
  - Phu Yen: 703
  - Quang Binh: 703
  - Quang Nam: 703
  - Quang Ngai: 703
  - Quang Ninh: 703
  - Quang Tri: 703
  - Soc Trang: 703
  - Son La: 703
  - Tay Ninh: 703
  - Thai Binh: 703
  - Thai Nguyen: 703
  - Thanh Hoa: 703
  - Thua Thien Hue: 703
  - Tien Giang: 702
  - Tra Vinh: 703
  - Tuyen Quang: 703
  - Vinh Long: 703
  - Vinh Phuc: 703
  - Yen Bai: 702
[Bootstrap] Progress:
  - Hanoi: 708
  - Ho Chi Minh: 708
  - Hai Phong: 708
  - Da Nang: 707
  - Can Tho: 707
  - An Giang: 707
  - Ba Ria - Vung Tau: 707
  - Bac Giang: 707
  - Bac Kan: 707
  - Bac Lieu: 707
  - Bac Ninh: 707
  - Ben Tre: 706
  - Binh Dinh: 707
  - Binh Duong: 707
  - Binh Phuoc: 707
  - Binh Thuan: 707
  - Ca Mau: 707
  - Cao Bang: 707
  - Dak Lak: 707
  - Dak Nong: 707
  - Dien Bien: 707
  - Dong Nai: 707
  - Dong Thap: 707
  - Gia Lai: 707
  - Ha Giang: 707
  - Ha Nam: 707
  - Ha Tinh: 707
  - Hai Duong: 707
  - Hau Giang: 707
  - Hoa Binh: 707
  - Hung Yen: 707
  - Khanh Hoa: 707
  - Kien Giang: 707
  - Kon Tum: 706
  - Lai Chau: 707
  - Lam Dong: 707
  - Lang Son: 706
  - Lao Cai: 707
  - Long An: 706
  - Nam Dinh: 706
  - Nghe An: 706
  - Ninh Binh: 706
  - Ninh Thuan: 706
  - Phu Tho: 706
  - Phu Yen: 706
  - Quang Binh: 706
  - Quang Nam: 705
  - Quang Ngai: 705
  - Quang Ninh: 705
  - Quang Tri: 705
  - Soc Trang: 705
  - Son La: 705
  - Tay Ninh: 705
  - Thai Binh: 705
  - Thai Nguyen: 705
  - Thanh Hoa: 705
  - Thua Thien Hue: 705
  - Tien Giang: 704
  - Tra Vinh: 705
  - Tuyen Quang: 705
  - Vinh Long: 705
  - Vinh Phuc: 705
  - Yen Bai: 704
[Bootstrap] Progress:
  - Hanoi: 709
  - Ho Chi Minh: 709
  - Hai Phong: 709
  - Da Nang: 708
  - Can Tho: 708
  - An Giang: 708
  - Ba Ria - Vung Tau: 708
  - Bac Giang: 708
  - Bac Kan: 708
  - Bac Lieu: 708
  - Bac Ninh: 708
  - Ben Tre: 707
  - Binh Dinh: 708
  - Binh Duong: 708
  - Binh Phuoc: 708
  - Binh Thuan: 708
  - Ca Mau: 708
  - Cao Bang: 708
  - Dak Lak: 708
  - Dak Nong: 708
  - Dien Bien: 708
  - Dong Nai: 708
  - Dong Thap: 708
  - Gia Lai: 708
  - Ha Giang: 708
  - Ha Nam: 708
  - Ha Tinh: 708
  - Hai Duong: 708
  - Hau Giang: 708
  - Hoa Binh: 708
  - Hung Yen: 708
  - Khanh Hoa: 708
  - Kien Giang: 708
  - Kon Tum: 707
  - Lai Chau: 708
  - Lam Dong: 708
  - Lang Son: 707
  - Lao Cai: 708
  - Long An: 707
  - Nam Dinh: 707
  - Nghe An: 707
  - Ninh Binh: 707
  - Ninh Thuan: 707
  - Phu Tho: 707
  - Phu Yen: 707
  - Quang Binh: 707
  - Quang Nam: 707
  - Quang Ngai: 707
  - Quang Ninh: 707
  - Quang Tri: 707
  - Soc Trang: 707
  - Son La: 707
  - Tay Ninh: 707
  - Thai Binh: 707
  - Thai Nguyen: 707
  - Thanh Hoa: 707
  - Thua Thien Hue: 707
  - Tien Giang: 706
  - Tra Vinh: 707
  - Tuyen Quang: 707
  - Vinh Long: 707
  - Vinh Phuc: 707
  - Yen Bai: 706
[Bootstrap] Progress:
  - Hanoi: 710
  - Ho Chi Minh: 710
  - Hai Phong: 710
  - Da Nang: 709
  - Can Tho: 709
  - An Giang: 709
  - Ba Ria - Vung Tau: 709
  - Bac Giang: 709
  - Bac Kan: 709
  - Bac Lieu: 709
  - Bac Ninh: 709
  - Ben Tre: 708
  - Binh Dinh: 709
  - Binh Duong: 709
  - Binh Phuoc: 709
  - Binh Thuan: 709
  - Ca Mau: 709
  - Cao Bang: 709
  - Dak Lak: 709
  - Dak Nong: 709
  - Dien Bien: 709
  - Dong Nai: 709
  - Dong Thap: 709
  - Gia Lai: 709
  - Ha Giang: 709
  - Ha Nam: 709
  - Ha Tinh: 709
  - Hai Duong: 709
  - Hau Giang: 709
  - Hoa Binh: 709
  - Hung Yen: 709
  - Khanh Hoa: 709
  - Kien Giang: 709
  - Kon Tum: 708
  - Lai Chau: 709
  - Lam Dong: 709
  - Lang Son: 708
  - Lao Cai: 709
  - Long An: 708
  - Nam Dinh: 708
  - Nghe An: 708
  - Ninh Binh: 708
  - Ninh Thuan: 708
  - Phu Tho: 708
  - Phu Yen: 708
  - Quang Binh: 708
  - Quang Nam: 708
  - Quang Ngai: 708
  - Quang Ninh: 708
  - Quang Tri: 708
  - Soc Trang: 708
  - Son La: 708
  - Tay Ninh: 708
  - Thai Binh: 708
  - Thai Nguyen: 708
  - Thanh Hoa: 708
  - Thua Thien Hue: 708
  - Tien Giang: 707
  - Tra Vinh: 708
  - Tuyen Quang: 708
  - Vinh Long: 708
  - Vinh Phuc: 708
  - Yen Bai: 707
[Bootstrap] Progress:
  - Hanoi: 711
  - Ho Chi Minh: 711
  - Hai Phong: 711
  - Da Nang: 710
  - Can Tho: 710
  - An Giang: 710
  - Ba Ria - Vung Tau: 710
  - Bac Giang: 710
  - Bac Kan: 710
  - Bac Lieu: 710
  - Bac Ninh: 710
  - Ben Tre: 709
  - Binh Dinh: 710
  - Binh Duong: 710
  - Binh Phuoc: 710
  - Binh Thuan: 710
  - Ca Mau: 710
  - Cao Bang: 710
  - Dak Lak: 710
  - Dak Nong: 710
  - Dien Bien: 710
  - Dong Nai: 710
  - Dong Thap: 710
  - Gia Lai: 710
  - Ha Giang: 710
  - Ha Nam: 710
  - Ha Tinh: 710
  - Hai Duong: 710
  - Hau Giang: 710
  - Hoa Binh: 710
  - Hung Yen: 710
  - Khanh Hoa: 710
  - Kien Giang: 710
  - Kon Tum: 709
  - Lai Chau: 710
  - Lam Dong: 710
  - Lang Son: 709
  - Lao Cai: 710
  - Long An: 709
  - Nam Dinh: 709
  - Nghe An: 709
  - Ninh Binh: 709
  - Ninh Thuan: 709
  - Phu Tho: 709
  - Phu Yen: 709
  - Quang Binh: 709
  - Quang Nam: 709
  - Quang Ngai: 709
  - Quang Ninh: 709
  - Quang Tri: 709
  - Soc Trang: 709
  - Son La: 709
  - Tay Ninh: 709
  - Thai Binh: 709
  - Thai Nguyen: 709
  - Thanh Hoa: 709
  - Thua Thien Hue: 709
  - Tien Giang: 708
  - Tra Vinh: 709
  - Tuyen Quang: 709
  - Vinh Long: 709
  - Vinh Phuc: 709
  - Yen Bai: 708
[Bootstrap] Progress:
  - Hanoi: 712
  - Ho Chi Minh: 712
  - Hai Phong: 712
  - Da Nang: 711
  - Can Tho: 711
  - An Giang: 711
  - Ba Ria - Vung Tau: 711
  - Bac Giang: 711
  - Bac Kan: 711
  - Bac Lieu: 711
  - Bac Ninh: 711
  - Ben Tre: 710
  - Binh Dinh: 711
  - Binh Duong: 711
  - Binh Phuoc: 711
  - Binh Thuan: 711
  - Ca Mau: 711
  - Cao Bang: 711
  - Dak Lak: 711
  - Dak Nong: 711
  - Dien Bien: 711
  - Dong Nai: 711
  - Dong Thap: 711
  - Gia Lai: 711
  - Ha Giang: 711
  - Ha Nam: 711
  - Ha Tinh: 711
  - Hai Duong: 711
  - Hau Giang: 711
  - Hoa Binh: 711
  - Hung Yen: 711
  - Khanh Hoa: 711
  - Kien Giang: 711
  - Kon Tum: 710
  - Lai Chau: 711
  - Lam Dong: 711
  - Lang Son: 710
  - Lao Cai: 711
  - Long An: 710
  - Nam Dinh: 710
  - Nghe An: 710
  - Ninh Binh: 710
  - Ninh Thuan: 710
  - Phu Tho: 710
  - Phu Yen: 710
  - Quang Binh: 710
  - Quang Nam: 710
  - Quang Ngai: 710
  - Quang Ninh: 710
  - Quang Tri: 710
  - Soc Trang: 710
  - Son La: 710
  - Tay Ninh: 710
  - Thai Binh: 710
  - Thai Nguyen: 710
  - Thanh Hoa: 710
  - Thua Thien Hue: 710
  - Tien Giang: 709
  - Tra Vinh: 710
  - Tuyen Quang: 710
  - Vinh Long: 710
  - Vinh Phuc: 710
  - Yen Bai: 709
[Bootstrap] Progress:
  - Hanoi: 713
  - Ho Chi Minh: 713
  - Hai Phong: 713
  - Da Nang: 712
  - Can Tho: 712
  - An Giang: 712
  - Ba Ria - Vung Tau: 712
  - Bac Giang: 712
  - Bac Kan: 712
  - Bac Lieu: 712
  - Bac Ninh: 712
  - Ben Tre: 711
  - Binh Dinh: 712
  - Binh Duong: 712
  - Binh Phuoc: 712
  - Binh Thuan: 712
  - Ca Mau: 712
  - Cao Bang: 712
  - Dak Lak: 712
  - Dak Nong: 712
  - Dien Bien: 712
  - Dong Nai: 712
  - Dong Thap: 712
  - Gia Lai: 712
  - Ha Giang: 712
  - Ha Nam: 712
  - Ha Tinh: 712
  - Hai Duong: 712
  - Hau Giang: 712
  - Hoa Binh: 712
  - Hung Yen: 712
  - Khanh Hoa: 712
  - Kien Giang: 712
  - Kon Tum: 711
  - Lai Chau: 712
  - Lam Dong: 712
  - Lang Son: 711
  - Lao Cai: 712
  - Long An: 711
  - Nam Dinh: 711
  - Nghe An: 711
  - Ninh Binh: 711
  - Ninh Thuan: 711
  - Phu Tho: 711
  - Phu Yen: 711
  - Quang Binh: 711
  - Quang Nam: 711
  - Quang Ngai: 711
  - Quang Ninh: 711
  - Quang Tri: 711
  - Soc Trang: 711
  - Son La: 711
  - Tay Ninh: 711
  - Thai Binh: 711
  - Thai Nguyen: 711
  - Thanh Hoa: 711
  - Thua Thien Hue: 711
  - Tien Giang: 710
  - Tra Vinh: 711
  - Tuyen Quang: 711
  - Vinh Long: 711
  - Vinh Phuc: 711
  - Yen Bai: 710
[Bootstrap] Progress:
  - Hanoi: 714
  - Ho Chi Minh: 714
  - Hai Phong: 714
  - Da Nang: 713
  - Can Tho: 713
  - An Giang: 713
  - Ba Ria - Vung Tau: 713
  - Bac Giang: 713
  - Bac Kan: 713
  - Bac Lieu: 713
  - Bac Ninh: 713
  - Ben Tre: 712
  - Binh Dinh: 713
  - Binh Duong: 713
  - Binh Phuoc: 713
  - Binh Thuan: 713
  - Ca Mau: 713
  - Cao Bang: 713
  - Dak Lak: 713
  - Dak Nong: 713
  - Dien Bien: 713
  - Dong Nai: 713
  - Dong Thap: 713
  - Gia Lai: 713
  - Ha Giang: 713
  - Ha Nam: 713
  - Ha Tinh: 713
  - Hai Duong: 713
  - Hau Giang: 713
  - Hoa Binh: 713
  - Hung Yen: 713
  - Khanh Hoa: 713
  - Kien Giang: 713
  - Kon Tum: 712
  - Lai Chau: 713
  - Lam Dong: 713
  - Lang Son: 712
  - Lao Cai: 713
  - Long An: 712
  - Nam Dinh: 712
  - Nghe An: 712
  - Ninh Binh: 712
  - Ninh Thuan: 712
  - Phu Tho: 712
  - Phu Yen: 712
  - Quang Binh: 712
  - Quang Nam: 712
  - Quang Ngai: 712
  - Quang Ninh: 712
  - Quang Tri: 712
  - Soc Trang: 712
  - Son La: 712
  - Tay Ninh: 712
  - Thai Binh: 712
  - Thai Nguyen: 712
  - Thanh Hoa: 712
  - Thua Thien Hue: 712
  - Tien Giang: 711
  - Tra Vinh: 712
  - Tuyen Quang: 712
  - Vinh Long: 712
  - Vinh Phuc: 712
  - Yen Bai: 711
[Bootstrap] Progress:
  - Hanoi: 715
  - Ho Chi Minh: 715
  - Hai Phong: 715
  - Da Nang: 714
  - Can Tho: 714
  - An Giang: 714
  - Ba Ria - Vung Tau: 714
  - Bac Giang: 714
  - Bac Kan: 714
  - Bac Lieu: 714
  - Bac Ninh: 714
  - Ben Tre: 713
  - Binh Dinh: 714
  - Binh Duong: 714
  - Binh Phuoc: 714
  - Binh Thuan: 714
  - Ca Mau: 714
  - Cao Bang: 714
  - Dak Lak: 714
  - Dak Nong: 714
  - Dien Bien: 714
  - Dong Nai: 714
  - Dong Thap: 714
  - Gia Lai: 714
  - Ha Giang: 714
  - Ha Nam: 714
  - Ha Tinh: 714
  - Hai Duong: 714
  - Hau Giang: 714
  - Hoa Binh: 714
  - Hung Yen: 714
  - Khanh Hoa: 714
  - Kien Giang: 714
  - Kon Tum: 713
  - Lai Chau: 714
  - Lam Dong: 714
  - Lang Son: 713
  - Lao Cai: 714
  - Long An: 713
  - Nam Dinh: 713
  - Nghe An: 713
  - Ninh Binh: 713
  - Ninh Thuan: 713
  - Phu Tho: 713
  - Phu Yen: 713
  - Quang Binh: 713
  - Quang Nam: 713
  - Quang Ngai: 713
  - Quang Ninh: 713
  - Quang Tri: 713
  - Soc Trang: 713
  - Son La: 713
  - Tay Ninh: 713
  - Thai Binh: 713
  - Thai Nguyen: 713
  - Thanh Hoa: 713
  - Thua Thien Hue: 713
  - Tien Giang: 712
  - Tra Vinh: 713
  - Tuyen Quang: 713
  - Vinh Long: 713
  - Vinh Phuc: 713
  - Yen Bai: 712
[Bootstrap] Progress:
  - Hanoi: 716
  - Ho Chi Minh: 716
  - Hai Phong: 716
  - Da Nang: 715
  - Can Tho: 715
  - An Giang: 715
  - Ba Ria - Vung Tau: 715
  - Bac Giang: 715
  - Bac Kan: 715
  - Bac Lieu: 715
  - Bac Ninh: 715
  - Ben Tre: 714
  - Binh Dinh: 715
  - Binh Duong: 715
  - Binh Phuoc: 715
  - Binh Thuan: 715
  - Ca Mau: 715
  - Cao Bang: 715
  - Dak Lak: 715
  - Dak Nong: 715
  - Dien Bien: 715
  - Dong Nai: 715
  - Dong Thap: 715
  - Gia Lai: 715
  - Ha Giang: 715
  - Ha Nam: 715
  - Ha Tinh: 715
  - Hai Duong: 715
  - Hau Giang: 715
  - Hoa Binh: 715
  - Hung Yen: 715
  - Khanh Hoa: 715
  - Kien Giang: 715
  - Kon Tum: 714
  - Lai Chau: 715
  - Lam Dong: 715
  - Lang Son: 714
  - Lao Cai: 715
  - Long An: 714
  - Nam Dinh: 714
  - Nghe An: 714
  - Ninh Binh: 714
  - Ninh Thuan: 714
  - Phu Tho: 714
  - Phu Yen: 714
  - Quang Binh: 714
  - Quang Nam: 714
  - Quang Ngai: 714
  - Quang Ninh: 714
  - Quang Tri: 714
  - Soc Trang: 714
  - Son La: 714
  - Tay Ninh: 714
  - Thai Binh: 714
  - Thai Nguyen: 714
  - Thanh Hoa: 714
  - Thua Thien Hue: 714
  - Tien Giang: 713
  - Tra Vinh: 714
  - Tuyen Quang: 714
  - Vinh Long: 714
  - Vinh Phuc: 714
  - Yen Bai: 713
[Bootstrap] Progress:
  - Hanoi: 717
  - Ho Chi Minh: 717
  - Hai Phong: 717
  - Da Nang: 716
  - Can Tho: 716
  - An Giang: 716
  - Ba Ria - Vung Tau: 716
  - Bac Giang: 716
  - Bac Kan: 716
  - Bac Lieu: 716
  - Bac Ninh: 716
  - Ben Tre: 715
  - Binh Dinh: 716
  - Binh Duong: 716
  - Binh Phuoc: 716
  - Binh Thuan: 716
  - Ca Mau: 716
  - Cao Bang: 716
  - Dak Lak: 716
  - Dak Nong: 716
  - Dien Bien: 716
  - Dong Nai: 716
  - Dong Thap: 716
  - Gia Lai: 716
  - Ha Giang: 716
  - Ha Nam: 716
  - Ha Tinh: 716
  - Hai Duong: 716
  - Hau Giang: 716
  - Hoa Binh: 716
  - Hung Yen: 716
  - Khanh Hoa: 716
  - Kien Giang: 716
  - Kon Tum: 715
  - Lai Chau: 716
  - Lam Dong: 716
  - Lang Son: 715
  - Lao Cai: 716
  - Long An: 715
  - Nam Dinh: 715
  - Nghe An: 715
  - Ninh Binh: 715
  - Ninh Thuan: 715
  - Phu Tho: 715
  - Phu Yen: 715
  - Quang Binh: 715
  - Quang Nam: 715
  - Quang Ngai: 715
  - Quang Ninh: 715
  - Quang Tri: 715
  - Soc Trang: 715
  - Son La: 715
  - Tay Ninh: 715
  - Thai Binh: 715
  - Thai Nguyen: 715
  - Thanh Hoa: 715
  - Thua Thien Hue: 715
  - Tien Giang: 714
  - Tra Vinh: 715
  - Tuyen Quang: 715
  - Vinh Long: 715
  - Vinh Phuc: 715
  - Yen Bai: 714
[Bootstrap] Progress:
  - Hanoi: 718
  - Ho Chi Minh: 718
  - Hai Phong: 718
  - Da Nang: 717
  - Can Tho: 717
  - An Giang: 717
  - Ba Ria - Vung Tau: 717
  - Bac Giang: 717
  - Bac Kan: 717
  - Bac Lieu: 717
  - Bac Ninh: 717
  - Ben Tre: 716
  - Binh Dinh: 717
  - Binh Duong: 717
  - Binh Phuoc: 717
  - Binh Thuan: 717
  - Ca Mau: 717
  - Cao Bang: 717
  - Dak Lak: 717
  - Dak Nong: 717
  - Dien Bien: 717
  - Dong Nai: 717
  - Dong Thap: 717
  - Gia Lai: 717
  - Ha Giang: 717
  - Ha Nam: 717
  - Ha Tinh: 717
  - Hai Duong: 717
  - Hau Giang: 717
  - Hoa Binh: 717
  - Hung Yen: 717
  - Khanh Hoa: 717
  - Kien Giang: 717
  - Kon Tum: 716
  - Lai Chau: 717
  - Lam Dong: 717
  - Lang Son: 716
  - Lao Cai: 717
  - Long An: 716
  - Nam Dinh: 716
  - Nghe An: 716
  - Ninh Binh: 716
  - Ninh Thuan: 716
  - Phu Tho: 716
  - Phu Yen: 716
  - Quang Binh: 716
  - Quang Nam: 716
  - Quang Ngai: 716
  - Quang Ninh: 716
  - Quang Tri: 716
  - Soc Trang: 716
  - Son La: 716
  - Tay Ninh: 716
  - Thai Binh: 716
  - Thai Nguyen: 716
  - Thanh Hoa: 716
  - Thua Thien Hue: 716
  - Tien Giang: 715
  - Tra Vinh: 716
  - Tuyen Quang: 716
  - Vinh Long: 716
  - Vinh Phuc: 716
  - Yen Bai: 715
[Bootstrap] Progress:
  - Hanoi: 720
  - Ho Chi Minh: 720
  - Hai Phong: 720
  - Da Nang: 719
  - Can Tho: 719
  - An Giang: 719
  - Ba Ria - Vung Tau: 719
  - Bac Giang: 719
  - Bac Kan: 718
  - Bac Lieu: 718
  - Bac Ninh: 718
  - Ben Tre: 717
  - Binh Dinh: 718
  - Binh Duong: 718
  - Binh Phuoc: 718
  - Binh Thuan: 718
  - Ca Mau: 718
  - Cao Bang: 718
  - Dak Lak: 718
  - Dak Nong: 718
  - Dien Bien: 718
  - Dong Nai: 718
  - Dong Thap: 718
  - Gia Lai: 718
  - Ha Giang: 718
  - Ha Nam: 718
  - Ha Tinh: 718
  - Hai Duong: 718
  - Hau Giang: 718
  - Hoa Binh: 718
  - Hung Yen: 718
  - Khanh Hoa: 718
  - Kien Giang: 718
  - Kon Tum: 717
  - Lai Chau: 718
  - Lam Dong: 718
  - Lang Son: 717
  - Lao Cai: 718
  - Long An: 717
  - Nam Dinh: 717
  - Nghe An: 717
  - Ninh Binh: 717
  - Ninh Thuan: 717
  - Phu Tho: 717
  - Phu Yen: 717
  - Quang Binh: 717
  - Quang Nam: 717
  - Quang Ngai: 717
  - Quang Ninh: 717
  - Quang Tri: 717
  - Soc Trang: 717
  - Son La: 717
  - Tay Ninh: 717
  - Thai Binh: 717
  - Thai Nguyen: 717
  - Thanh Hoa: 717
  - Thua Thien Hue: 717
  - Tien Giang: 716
  - Tra Vinh: 717
  - Tuyen Quang: 717
  - Vinh Long: 717
  - Vinh Phuc: 717
  - Yen Bai: 716
[Bootstrap] Progress:
  - Hanoi: 722
  - Ho Chi Minh: 722
  - Hai Phong: 722
  - Da Nang: 721
  - Can Tho: 721
  - An Giang: 721
  - Ba Ria - Vung Tau: 721
  - Bac Giang: 721
  - Bac Kan: 721
  - Bac Lieu: 721
  - Bac Ninh: 721
  - Ben Tre: 720
  - Binh Dinh: 721
  - Binh Duong: 721
  - Binh Phuoc: 721
  - Binh Thuan: 721
  - Ca Mau: 721
  - Cao Bang: 721
  - Dak Lak: 721
  - Dak Nong: 721
  - Dien Bien: 721
  - Dong Nai: 721
  - Dong Thap: 721
  - Gia Lai: 721
  - Ha Giang: 721
  - Ha Nam: 721
  - Ha Tinh: 721
  - Hai Duong: 721
  - Hau Giang: 721
  - Hoa Binh: 721
  - Hung Yen: 721
  - Khanh Hoa: 721
  - Kien Giang: 721
  - Kon Tum: 720
  - Lai Chau: 721
  - Lam Dong: 721
  - Lang Son: 720
  - Lao Cai: 721
  - Long An: 720
  - Nam Dinh: 720
  - Nghe An: 720
  - Ninh Binh: 720
  - Ninh Thuan: 720
  - Phu Tho: 720
  - Phu Yen: 720
  - Quang Binh: 720
  - Quang Nam: 720
  - Quang Ngai: 720
  - Quang Ninh: 720
  - Quang Tri: 720
  - Soc Trang: 720
  - Son La: 720
  - Tay Ninh: 720
  - Thai Binh: 720
  - Thai Nguyen: 720
  - Thanh Hoa: 720
  - Thua Thien Hue: 720
  - Tien Giang: 719
  - Tra Vinh: 720
  - Tuyen Quang: 720
  - Vinh Long: 720
  - Vinh Phuc: 720
  - Yen Bai: 719
[Bootstrap] Progress:
  - Hanoi: 723
  - Ho Chi Minh: 723
  - Hai Phong: 723
  - Da Nang: 722
  - Can Tho: 722
  - An Giang: 722
  - Ba Ria - Vung Tau: 722
  - Bac Giang: 722
  - Bac Kan: 722
  - Bac Lieu: 722
  - Bac Ninh: 722
  - Ben Tre: 721
  - Binh Dinh: 722
  - Binh Duong: 722
  - Binh Phuoc: 722
  - Binh Thuan: 722
  - Ca Mau: 722
  - Cao Bang: 722
  - Dak Lak: 722
  - Dak Nong: 722
  - Dien Bien: 722
  - Dong Nai: 722
  - Dong Thap: 722
  - Gia Lai: 722
  - Ha Giang: 722
  - Ha Nam: 722
  - Ha Tinh: 722
  - Hai Duong: 722
  - Hau Giang: 722
  - Hoa Binh: 722
  - Hung Yen: 722
  - Khanh Hoa: 722
  - Kien Giang: 722
  - Kon Tum: 721
  - Lai Chau: 722
  - Lam Dong: 722
  - Lang Son: 721
  - Lao Cai: 722
  - Long An: 721
  - Nam Dinh: 721
  - Nghe An: 721
  - Ninh Binh: 721
  - Ninh Thuan: 721
  - Phu Tho: 721
  - Phu Yen: 721
  - Quang Binh: 721
  - Quang Nam: 721
  - Quang Ngai: 721
  - Quang Ninh: 721
  - Quang Tri: 721
  - Soc Trang: 721
  - Son La: 721
  - Tay Ninh: 721
  - Thai Binh: 721
  - Thai Nguyen: 721
  - Thanh Hoa: 721
  - Thua Thien Hue: 721
  - Tien Giang: 720
  - Tra Vinh: 721
  - Tuyen Quang: 721
  - Vinh Long: 721
  - Vinh Phuc: 721
  - Yen Bai: 720
[Bootstrap] Progress:
  - Hanoi: 724
  - Ho Chi Minh: 724
  - Hai Phong: 724
  - Da Nang: 723
  - Can Tho: 723
  - An Giang: 723
  - Ba Ria - Vung Tau: 723
  - Bac Giang: 723
  - Bac Kan: 723
  - Bac Lieu: 723
  - Bac Ninh: 723
  - Ben Tre: 722
  - Binh Dinh: 723
  - Binh Duong: 723
  - Binh Phuoc: 723
  - Binh Thuan: 723
  - Ca Mau: 723
  - Cao Bang: 723
  - Dak Lak: 723
  - Dak Nong: 723
  - Dien Bien: 723
  - Dong Nai: 723
  - Dong Thap: 723
  - Gia Lai: 723
  - Ha Giang: 723
  - Ha Nam: 723
  - Ha Tinh: 723
  - Hai Duong: 723
  - Hau Giang: 723
  - Hoa Binh: 723
  - Hung Yen: 723
  - Khanh Hoa: 723
  - Kien Giang: 723
  - Kon Tum: 722
  - Lai Chau: 723
  - Lam Dong: 723
  - Lang Son: 722
  - Lao Cai: 723
  - Long An: 722
  - Nam Dinh: 722
  - Nghe An: 722
  - Ninh Binh: 722
  - Ninh Thuan: 722
  - Phu Tho: 722
  - Phu Yen: 722
  - Quang Binh: 722
  - Quang Nam: 722
  - Quang Ngai: 722
  - Quang Ninh: 722
  - Quang Tri: 722
  - Soc Trang: 722
  - Son La: 722
  - Tay Ninh: 722
  - Thai Binh: 722
  - Thai Nguyen: 722
  - Thanh Hoa: 722
  - Thua Thien Hue: 722
  - Tien Giang: 721
  - Tra Vinh: 722
  - Tuyen Quang: 722
  - Vinh Long: 722
  - Vinh Phuc: 722
  - Yen Bai: 721
[Bootstrap] Progress:
  - Hanoi: 725
  - Ho Chi Minh: 725
  - Hai Phong: 725
  - Da Nang: 724
  - Can Tho: 724
  - An Giang: 724
  - Ba Ria - Vung Tau: 724
  - Bac Giang: 724
  - Bac Kan: 724
  - Bac Lieu: 724
  - Bac Ninh: 724
  - Ben Tre: 723
  - Binh Dinh: 724
  - Binh Duong: 724
  - Binh Phuoc: 724
  - Binh Thuan: 724
  - Ca Mau: 724
  - Cao Bang: 724
  - Dak Lak: 724
  - Dak Nong: 724
  - Dien Bien: 724
  - Dong Nai: 724
  - Dong Thap: 724
  - Gia Lai: 724
  - Ha Giang: 724
  - Ha Nam: 724
  - Ha Tinh: 724
  - Hai Duong: 724
  - Hau Giang: 724
  - Hoa Binh: 724
  - Hung Yen: 724
  - Khanh Hoa: 724
  - Kien Giang: 724
  - Kon Tum: 723
  - Lai Chau: 724
  - Lam Dong: 724
  - Lang Son: 723
  - Lao Cai: 724
  - Long An: 723
  - Nam Dinh: 723
  - Nghe An: 723
  - Ninh Binh: 723
  - Ninh Thuan: 723
  - Phu Tho: 723
  - Phu Yen: 723
  - Quang Binh: 723
  - Quang Nam: 723
  - Quang Ngai: 723
  - Quang Ninh: 723
  - Quang Tri: 723
  - Soc Trang: 723
  - Son La: 723
  - Tay Ninh: 723
  - Thai Binh: 723
  - Thai Nguyen: 723
  - Thanh Hoa: 723
  - Thua Thien Hue: 723
  - Tien Giang: 722
  - Tra Vinh: 723
  - Tuyen Quang: 723
  - Vinh Long: 723
  - Vinh Phuc: 723
  - Yen Bai: 722
[Bootstrap] Progress:
  - Hanoi: 726
  - Ho Chi Minh: 726
  - Hai Phong: 726
  - Da Nang: 725
  - Can Tho: 725
  - An Giang: 725
  - Ba Ria - Vung Tau: 725
  - Bac Giang: 725
  - Bac Kan: 725
  - Bac Lieu: 725
  - Bac Ninh: 725
  - Ben Tre: 724
  - Binh Dinh: 725
  - Binh Duong: 725
  - Binh Phuoc: 725
  - Binh Thuan: 725
  - Ca Mau: 725
  - Cao Bang: 725
  - Dak Lak: 725
  - Dak Nong: 725
  - Dien Bien: 725
  - Dong Nai: 725
  - Dong Thap: 725
  - Gia Lai: 725
  - Ha Giang: 725
  - Ha Nam: 725
  - Ha Tinh: 725
  - Hai Duong: 725
  - Hau Giang: 725
  - Hoa Binh: 725
  - Hung Yen: 725
  - Khanh Hoa: 725
  - Kien Giang: 725
  - Kon Tum: 724
  - Lai Chau: 725
  - Lam Dong: 725
  - Lang Son: 724
  - Lao Cai: 725
  - Long An: 724
  - Nam Dinh: 724
  - Nghe An: 724
  - Ninh Binh: 724
  - Ninh Thuan: 724
  - Phu Tho: 724
  - Phu Yen: 724
  - Quang Binh: 724
  - Quang Nam: 724
  - Quang Ngai: 724
  - Quang Ninh: 724
  - Quang Tri: 724
  - Soc Trang: 724
  - Son La: 724
  - Tay Ninh: 724
  - Thai Binh: 724
  - Thai Nguyen: 724
  - Thanh Hoa: 724
  - Thua Thien Hue: 724
  - Tien Giang: 723
  - Tra Vinh: 724
  - Tuyen Quang: 724
  - Vinh Long: 724
  - Vinh Phuc: 724
  - Yen Bai: 723
[Bootstrap] Progress:
  - Hanoi: 727
  - Ho Chi Minh: 727
  - Hai Phong: 727
  - Da Nang: 726
  - Can Tho: 726
  - An Giang: 726
  - Ba Ria - Vung Tau: 726
  - Bac Giang: 726
  - Bac Kan: 726
  - Bac Lieu: 726
  - Bac Ninh: 726
  - Ben Tre: 725
  - Binh Dinh: 726
  - Binh Duong: 726
  - Binh Phuoc: 726
  - Binh Thuan: 726
  - Ca Mau: 726
  - Cao Bang: 726
  - Dak Lak: 726
  - Dak Nong: 726
  - Dien Bien: 726
  - Dong Nai: 726
  - Dong Thap: 726
  - Gia Lai: 726
  - Ha Giang: 726
  - Ha Nam: 726
  - Ha Tinh: 726
  - Hai Duong: 726
  - Hau Giang: 726
  - Hoa Binh: 726
  - Hung Yen: 726
  - Khanh Hoa: 726
  - Kien Giang: 726
  - Kon Tum: 725
  - Lai Chau: 726
  - Lam Dong: 726
  - Lang Son: 725
  - Lao Cai: 726
  - Long An: 725
  - Nam Dinh: 725
  - Nghe An: 725
  - Ninh Binh: 725
  - Ninh Thuan: 725
  - Phu Tho: 725
  - Phu Yen: 725
  - Quang Binh: 725
  - Quang Nam: 725
  - Quang Ngai: 725
  - Quang Ninh: 725
  - Quang Tri: 725
  - Soc Trang: 725
  - Son La: 725
  - Tay Ninh: 725
  - Thai Binh: 725
  - Thai Nguyen: 725
  - Thanh Hoa: 725
  - Thua Thien Hue: 725
  - Tien Giang: 724
  - Tra Vinh: 725
  - Tuyen Quang: 725
  - Vinh Long: 725
  - Vinh Phuc: 725
  - Yen Bai: 724
[Bootstrap] Progress:
  - Hanoi: 728
  - Ho Chi Minh: 728
  - Hai Phong: 728
  - Da Nang: 727
  - Can Tho: 727
  - An Giang: 727
  - Ba Ria - Vung Tau: 727
  - Bac Giang: 727
  - Bac Kan: 727
  - Bac Lieu: 727
  - Bac Ninh: 727
  - Ben Tre: 726
  - Binh Dinh: 727
  - Binh Duong: 727
  - Binh Phuoc: 727
  - Binh Thuan: 727
  - Ca Mau: 727
  - Cao Bang: 727
  - Dak Lak: 727
  - Dak Nong: 727
  - Dien Bien: 727
  - Dong Nai: 727
  - Dong Thap: 727
  - Gia Lai: 727
  - Ha Giang: 727
  - Ha Nam: 727
  - Ha Tinh: 727
  - Hai Duong: 727
  - Hau Giang: 727
  - Hoa Binh: 727
  - Hung Yen: 727
  - Khanh Hoa: 727
  - Kien Giang: 727
  - Kon Tum: 726
  - Lai Chau: 727
  - Lam Dong: 727
  - Lang Son: 726
  - Lao Cai: 727
  - Long An: 726
  - Nam Dinh: 726
  - Nghe An: 726
  - Ninh Binh: 726
  - Ninh Thuan: 726
  - Phu Tho: 726
  - Phu Yen: 726
  - Quang Binh: 726
  - Quang Nam: 726
  - Quang Ngai: 726
  - Quang Ninh: 726
  - Quang Tri: 726
  - Soc Trang: 726
  - Son La: 726
  - Tay Ninh: 726
  - Thai Binh: 726
  - Thai Nguyen: 726
  - Thanh Hoa: 726
  - Thua Thien Hue: 726
  - Tien Giang: 725
  - Tra Vinh: 726
  - Tuyen Quang: 726
  - Vinh Long: 726
  - Vinh Phuc: 726
  - Yen Bai: 725
[Bootstrap] Progress:
  - Hanoi: 729
  - Ho Chi Minh: 729
  - Hai Phong: 729
  - Da Nang: 728
  - Can Tho: 728
  - An Giang: 728
  - Ba Ria - Vung Tau: 728
  - Bac Giang: 728
  - Bac Kan: 728
  - Bac Lieu: 728
  - Bac Ninh: 728
  - Ben Tre: 727
  - Binh Dinh: 728
  - Binh Duong: 728
  - Binh Phuoc: 728
  - Binh Thuan: 728
  - Ca Mau: 728
  - Cao Bang: 728
  - Dak Lak: 728
  - Dak Nong: 728
  - Dien Bien: 728
  - Dong Nai: 728
  - Dong Thap: 728
  - Gia Lai: 728
  - Ha Giang: 728
  - Ha Nam: 728
  - Ha Tinh: 728
  - Hai Duong: 728
  - Hau Giang: 728
  - Hoa Binh: 728
  - Hung Yen: 728
  - Khanh Hoa: 728
  - Kien Giang: 728
  - Kon Tum: 727
  - Lai Chau: 728
  - Lam Dong: 728
  - Lang Son: 727
  - Lao Cai: 728
  - Long An: 727
  - Nam Dinh: 727
  - Nghe An: 727
  - Ninh Binh: 727
  - Ninh Thuan: 727
  - Phu Tho: 727
  - Phu Yen: 727
  - Quang Binh: 727
  - Quang Nam: 727
  - Quang Ngai: 727
  - Quang Ninh: 727
  - Quang Tri: 727
  - Soc Trang: 727
  - Son La: 727
  - Tay Ninh: 727
  - Thai Binh: 727
  - Thai Nguyen: 727
  - Thanh Hoa: 727
  - Thua Thien Hue: 727
  - Tien Giang: 726
  - Tra Vinh: 727
  - Tuyen Quang: 727
  - Vinh Long: 727
  - Vinh Phuc: 727
  - Yen Bai: 726
[Bootstrap] Progress:
  - Hanoi: 730
  - Ho Chi Minh: 730
  - Hai Phong: 730
  - Da Nang: 729
  - Can Tho: 729
  - An Giang: 729
  - Ba Ria - Vung Tau: 729
  - Bac Giang: 729
  - Bac Kan: 729
  - Bac Lieu: 729
  - Bac Ninh: 729
  - Ben Tre: 728
  - Binh Dinh: 729
  - Binh Duong: 729
  - Binh Phuoc: 729
  - Binh Thuan: 729
  - Ca Mau: 729
  - Cao Bang: 729
  - Dak Lak: 729
  - Dak Nong: 729
  - Dien Bien: 729
  - Dong Nai: 729
  - Dong Thap: 729
  - Gia Lai: 729
  - Ha Giang: 729
  - Ha Nam: 729
  - Ha Tinh: 729
  - Hai Duong: 729
  - Hau Giang: 729
  - Hoa Binh: 729
  - Hung Yen: 729
  - Khanh Hoa: 729
  - Kien Giang: 729
  - Kon Tum: 728
  - Lai Chau: 729
  - Lam Dong: 729
  - Lang Son: 728
  - Lao Cai: 729
  - Long An: 728
  - Nam Dinh: 728
  - Nghe An: 728
  - Ninh Binh: 728
  - Ninh Thuan: 728
  - Phu Tho: 728
  - Phu Yen: 728
  - Quang Binh: 728
  - Quang Nam: 728
  - Quang Ngai: 728
  - Quang Ninh: 728
  - Quang Tri: 728
  - Soc Trang: 728
  - Son La: 728
  - Tay Ninh: 728
  - Thai Binh: 728
  - Thai Nguyen: 728
  - Thanh Hoa: 728
  - Thua Thien Hue: 728
  - Tien Giang: 727
  - Tra Vinh: 728
  - Tuyen Quang: 728
  - Vinh Long: 728
  - Vinh Phuc: 728
  - Yen Bai: 727
[Bootstrap] Progress:
  - Hanoi: 731
  - Ho Chi Minh: 731
  - Hai Phong: 731
  - Da Nang: 730
  - Can Tho: 730
  - An Giang: 730
  - Ba Ria - Vung Tau: 730
  - Bac Giang: 730
  - Bac Kan: 730
  - Bac Lieu: 730
  - Bac Ninh: 730
  - Ben Tre: 729
  - Binh Dinh: 730
  - Binh Duong: 730
  - Binh Phuoc: 730
  - Binh Thuan: 730
  - Ca Mau: 730
  - Cao Bang: 730
  - Dak Lak: 730
  - Dak Nong: 730
  - Dien Bien: 730
  - Dong Nai: 730
  - Dong Thap: 730
  - Gia Lai: 730
  - Ha Giang: 730
  - Ha Nam: 730
  - Ha Tinh: 730
  - Hai Duong: 730
  - Hau Giang: 730
  - Hoa Binh: 730
  - Hung Yen: 730
  - Khanh Hoa: 730
  - Kien Giang: 730
  - Kon Tum: 729
  - Lai Chau: 730
  - Lam Dong: 730
  - Lang Son: 729
  - Lao Cai: 730
  - Long An: 729
  - Nam Dinh: 729
  - Nghe An: 729
  - Ninh Binh: 729
  - Ninh Thuan: 729
  - Phu Tho: 729
  - Phu Yen: 729
  - Quang Binh: 729
  - Quang Nam: 729
  - Quang Ngai: 729
  - Quang Ninh: 729
  - Quang Tri: 729
  - Soc Trang: 729
  - Son La: 729
  - Tay Ninh: 729
  - Thai Binh: 729
  - Thai Nguyen: 729
  - Thanh Hoa: 729
  - Thua Thien Hue: 729
  - Tien Giang: 728
  - Tra Vinh: 729
  - Tuyen Quang: 729
  - Vinh Long: 729
  - Vinh Phuc: 729
  - Yen Bai: 728
[Bootstrap] Progress:
  - Hanoi: 732
  - Ho Chi Minh: 732
  - Hai Phong: 732
  - Da Nang: 731
  - Can Tho: 731
  - An Giang: 731
  - Ba Ria - Vung Tau: 731
  - Bac Giang: 731
  - Bac Kan: 731
  - Bac Lieu: 731
  - Bac Ninh: 731
  - Ben Tre: 730
  - Binh Dinh: 731
  - Binh Duong: 731
  - Binh Phuoc: 731
  - Binh Thuan: 731
  - Ca Mau: 731
  - Cao Bang: 731
  - Dak Lak: 731
  - Dak Nong: 731
  - Dien Bien: 731
  - Dong Nai: 731
  - Dong Thap: 731
  - Gia Lai: 731
  - Ha Giang: 731
  - Ha Nam: 731
  - Ha Tinh: 731
  - Hai Duong: 731
  - Hau Giang: 731
  - Hoa Binh: 731
  - Hung Yen: 731
  - Khanh Hoa: 731
  - Kien Giang: 731
  - Kon Tum: 730
  - Lai Chau: 731
  - Lam Dong: 731
  - Lang Son: 730
  - Lao Cai: 731
  - Long An: 730
  - Nam Dinh: 730
  - Nghe An: 730
  - Ninh Binh: 730
  - Ninh Thuan: 730
  - Phu Tho: 730
  - Phu Yen: 730
  - Quang Binh: 730
  - Quang Nam: 730
  - Quang Ngai: 730
  - Quang Ninh: 730
  - Quang Tri: 730
  - Soc Trang: 730
  - Son La: 730
  - Tay Ninh: 730
  - Thai Binh: 730
  - Thai Nguyen: 730
  - Thanh Hoa: 730
  - Thua Thien Hue: 730
  - Tien Giang: 729
  - Tra Vinh: 730
  - Tuyen Quang: 730
  - Vinh Long: 730
  - Vinh Phuc: 730
  - Yen Bai: 729
[Bootstrap] Progress:
  - Hanoi: 735
  - Ho Chi Minh: 735
  - Hai Phong: 735
  - Da Nang: 734
  - Can Tho: 734
  - An Giang: 734
  - Ba Ria - Vung Tau: 734
  - Bac Giang: 734
  - Bac Kan: 734
  - Bac Lieu: 733
  - Bac Ninh: 733
  - Ben Tre: 732
  - Binh Dinh: 733
  - Binh Duong: 733
  - Binh Phuoc: 733
  - Binh Thuan: 733
  - Ca Mau: 733
  - Cao Bang: 733
  - Dak Lak: 733
  - Dak Nong: 733
  - Dien Bien: 733
  - Dong Nai: 733
  - Dong Thap: 733
  - Gia Lai: 733
  - Ha Giang: 733
  - Ha Nam: 733
  - Ha Tinh: 733
  - Hai Duong: 733
  - Hau Giang: 733
  - Hoa Binh: 733
  - Hung Yen: 733
  - Khanh Hoa: 733
  - Kien Giang: 732
  - Kon Tum: 731
  - Lai Chau: 732
  - Lam Dong: 732
  - Lang Son: 731
  - Lao Cai: 732
  - Long An: 731
  - Nam Dinh: 731
  - Nghe An: 731
  - Ninh Binh: 731
  - Ninh Thuan: 731
  - Phu Tho: 731
  - Phu Yen: 731
  - Quang Binh: 731
  - Quang Nam: 731
  - Quang Ngai: 731
  - Quang Ninh: 731
  - Quang Tri: 731
  - Soc Trang: 731
  - Son La: 731
  - Tay Ninh: 731
  - Thai Binh: 731
  - Thai Nguyen: 731
  - Thanh Hoa: 731
  - Thua Thien Hue: 731
  - Tien Giang: 730
  - Tra Vinh: 731
  - Tuyen Quang: 731
  - Vinh Long: 731
  - Vinh Phuc: 731
  - Yen Bai: 730
[Bootstrap] Progress:
  - Hanoi: 736
  - Ho Chi Minh: 736
  - Hai Phong: 736
  - Da Nang: 735
  - Can Tho: 735
  - An Giang: 735
  - Ba Ria - Vung Tau: 735
  - Bac Giang: 735
  - Bac Kan: 735
  - Bac Lieu: 735
  - Bac Ninh: 735
  - Ben Tre: 734
  - Binh Dinh: 735
  - Binh Duong: 735
  - Binh Phuoc: 735
  - Binh Thuan: 735
  - Ca Mau: 735
  - Cao Bang: 735
  - Dak Lak: 735
  - Dak Nong: 735
  - Dien Bien: 735
  - Dong Nai: 735
  - Dong Thap: 735
  - Gia Lai: 735
  - Ha Giang: 735
  - Ha Nam: 735
  - Ha Tinh: 735
  - Hai Duong: 735
  - Hau Giang: 735
  - Hoa Binh: 735
  - Hung Yen: 735
  - Khanh Hoa: 735
  - Kien Giang: 735
  - Kon Tum: 734
  - Lai Chau: 735
  - Lam Dong: 735
  - Lang Son: 734
  - Lao Cai: 735
  - Long An: 734
  - Nam Dinh: 734
  - Nghe An: 734
  - Ninh Binh: 734
  - Ninh Thuan: 734
  - Phu Tho: 734
  - Phu Yen: 734
  - Quang Binh: 734
  - Quang Nam: 734
  - Quang Ngai: 734
  - Quang Ninh: 734
  - Quang Tri: 734
  - Soc Trang: 734
  - Son La: 734
  - Tay Ninh: 734
  - Thai Binh: 734
  - Thai Nguyen: 734
  - Thanh Hoa: 734
  - Thua Thien Hue: 734
  - Tien Giang: 733
  - Tra Vinh: 734
  - Tuyen Quang: 734
  - Vinh Long: 734
  - Vinh Phuc: 734
  - Yen Bai: 733
[Bootstrap] Progress:
  - Hanoi: 737
  - Ho Chi Minh: 737
  - Hai Phong: 737
  - Da Nang: 736
  - Can Tho: 736
  - An Giang: 736
  - Ba Ria - Vung Tau: 736
  - Bac Giang: 736
  - Bac Kan: 736
  - Bac Lieu: 736
  - Bac Ninh: 736
  - Ben Tre: 735
  - Binh Dinh: 736
  - Binh Duong: 736
  - Binh Phuoc: 736
  - Binh Thuan: 736
  - Ca Mau: 736
  - Cao Bang: 736
  - Dak Lak: 736
  - Dak Nong: 736
  - Dien Bien: 736
  - Dong Nai: 736
  - Dong Thap: 736
  - Gia Lai: 736
  - Ha Giang: 736
  - Ha Nam: 736
  - Ha Tinh: 736
  - Hai Duong: 736
  - Hau Giang: 736
  - Hoa Binh: 736
  - Hung Yen: 736
  - Khanh Hoa: 736
  - Kien Giang: 736
  - Kon Tum: 735
  - Lai Chau: 736
  - Lam Dong: 736
  - Lang Son: 735
  - Lao Cai: 736
  - Long An: 735
  - Nam Dinh: 735
  - Nghe An: 735
  - Ninh Binh: 735
  - Ninh Thuan: 735
  - Phu Tho: 735
  - Phu Yen: 735
  - Quang Binh: 735
  - Quang Nam: 735
  - Quang Ngai: 735
  - Quang Ninh: 735
  - Quang Tri: 735
  - Soc Trang: 735
  - Son La: 735
  - Tay Ninh: 735
  - Thai Binh: 735
  - Thai Nguyen: 735
  - Thanh Hoa: 735
  - Thua Thien Hue: 735
  - Tien Giang: 734
  - Tra Vinh: 735
  - Tuyen Quang: 735
  - Vinh Long: 735
  - Vinh Phuc: 735
  - Yen Bai: 734
[Bootstrap] Progress:
  - Hanoi: 738
  - Ho Chi Minh: 738
  - Hai Phong: 738
  - Da Nang: 737
  - Can Tho: 737
  - An Giang: 737
  - Ba Ria - Vung Tau: 737
  - Bac Giang: 737
  - Bac Kan: 737
  - Bac Lieu: 737
  - Bac Ninh: 737
  - Ben Tre: 736
  - Binh Dinh: 737
  - Binh Duong: 737
  - Binh Phuoc: 737
  - Binh Thuan: 737
  - Ca Mau: 737
  - Cao Bang: 737
  - Dak Lak: 737
  - Dak Nong: 737
  - Dien Bien: 737
  - Dong Nai: 737
  - Dong Thap: 737
  - Gia Lai: 737
  - Ha Giang: 737
  - Ha Nam: 737
  - Ha Tinh: 737
  - Hai Duong: 737
  - Hau Giang: 737
  - Hoa Binh: 737
  - Hung Yen: 737
  - Khanh Hoa: 737
  - Kien Giang: 737
  - Kon Tum: 736
  - Lai Chau: 737
  - Lam Dong: 737
  - Lang Son: 736
  - Lao Cai: 737
  - Long An: 736
  - Nam Dinh: 736
  - Nghe An: 736
  - Ninh Binh: 736
  - Ninh Thuan: 736
  - Phu Tho: 736
  - Phu Yen: 736
  - Quang Binh: 736
  - Quang Nam: 736
  - Quang Ngai: 736
  - Quang Ninh: 736
  - Quang Tri: 736
  - Soc Trang: 736
  - Son La: 736
  - Tay Ninh: 736
  - Thai Binh: 736
  - Thai Nguyen: 736
  - Thanh Hoa: 736
  - Thua Thien Hue: 736
  - Tien Giang: 735
  - Tra Vinh: 736
  - Tuyen Quang: 736
  - Vinh Long: 736
  - Vinh Phuc: 736
  - Yen Bai: 735
[Bootstrap] Progress:
  - Hanoi: 739
  - Ho Chi Minh: 739
  - Hai Phong: 739
  - Da Nang: 738
  - Can Tho: 738
  - An Giang: 738
  - Ba Ria - Vung Tau: 738
  - Bac Giang: 738
  - Bac Kan: 738
  - Bac Lieu: 738
  - Bac Ninh: 738
  - Ben Tre: 737
  - Binh Dinh: 738
  - Binh Duong: 738
  - Binh Phuoc: 738
  - Binh Thuan: 738
  - Ca Mau: 738
  - Cao Bang: 738
  - Dak Lak: 738
  - Dak Nong: 738
  - Dien Bien: 738
  - Dong Nai: 738
  - Dong Thap: 738
  - Gia Lai: 738
  - Ha Giang: 738
  - Ha Nam: 738
  - Ha Tinh: 738
  - Hai Duong: 738
  - Hau Giang: 738
  - Hoa Binh: 738
  - Hung Yen: 738
  - Khanh Hoa: 738
  - Kien Giang: 738
  - Kon Tum: 737
  - Lai Chau: 738
  - Lam Dong: 738
  - Lang Son: 737
  - Lao Cai: 738
  - Long An: 737
  - Nam Dinh: 737
  - Nghe An: 737
  - Ninh Binh: 737
  - Ninh Thuan: 737
  - Phu Tho: 737
  - Phu Yen: 737
  - Quang Binh: 737
  - Quang Nam: 737
  - Quang Ngai: 737
  - Quang Ninh: 737
  - Quang Tri: 737
  - Soc Trang: 737
  - Son La: 737
  - Tay Ninh: 737
  - Thai Binh: 737
  - Thai Nguyen: 737
  - Thanh Hoa: 737
  - Thua Thien Hue: 737
  - Tien Giang: 736
  - Tra Vinh: 737
  - Tuyen Quang: 737
  - Vinh Long: 737
  - Vinh Phuc: 737
  - Yen Bai: 736
[Bootstrap] Progress:
  - Hanoi: 740
  - Ho Chi Minh: 740
  - Hai Phong: 740
  - Da Nang: 739
  - Can Tho: 739
  - An Giang: 739
  - Ba Ria - Vung Tau: 739
  - Bac Giang: 739
  - Bac Kan: 739
  - Bac Lieu: 739
  - Bac Ninh: 739
  - Ben Tre: 738
  - Binh Dinh: 739
  - Binh Duong: 739
  - Binh Phuoc: 739
  - Binh Thuan: 739
  - Ca Mau: 739
  - Cao Bang: 739
  - Dak Lak: 739
  - Dak Nong: 739
  - Dien Bien: 739
  - Dong Nai: 739
  - Dong Thap: 739
  - Gia Lai: 739
  - Ha Giang: 739
  - Ha Nam: 739
  - Ha Tinh: 739
  - Hai Duong: 739
  - Hau Giang: 739
  - Hoa Binh: 739
  - Hung Yen: 739
  - Khanh Hoa: 739
  - Kien Giang: 739
  - Kon Tum: 738
  - Lai Chau: 739
  - Lam Dong: 739
  - Lang Son: 738
  - Lao Cai: 739
  - Long An: 738
  - Nam Dinh: 738
  - Nghe An: 738
  - Ninh Binh: 738
  - Ninh Thuan: 738
  - Phu Tho: 738
  - Phu Yen: 738
  - Quang Binh: 738
  - Quang Nam: 738
  - Quang Ngai: 738
  - Quang Ninh: 738
  - Quang Tri: 738
  - Soc Trang: 738
  - Son La: 738
  - Tay Ninh: 738
  - Thai Binh: 738
  - Thai Nguyen: 738
  - Thanh Hoa: 738
  - Thua Thien Hue: 738
  - Tien Giang: 737
  - Tra Vinh: 738
  - Tuyen Quang: 738
  - Vinh Long: 738
  - Vinh Phuc: 738
  - Yen Bai: 737
[Bootstrap] Progress:
  - Hanoi: 741
  - Ho Chi Minh: 741
  - Hai Phong: 741
  - Da Nang: 740
  - Can Tho: 740
  - An Giang: 740
  - Ba Ria - Vung Tau: 740
  - Bac Giang: 740
  - Bac Kan: 740
  - Bac Lieu: 740
  - Bac Ninh: 740
  - Ben Tre: 739
  - Binh Dinh: 740
  - Binh Duong: 740
  - Binh Phuoc: 740
  - Binh Thuan: 740
  - Ca Mau: 740
  - Cao Bang: 740
  - Dak Lak: 740
  - Dak Nong: 740
  - Dien Bien: 740
  - Dong Nai: 740
  - Dong Thap: 740
  - Gia Lai: 740
  - Ha Giang: 740
  - Ha Nam: 740
  - Ha Tinh: 740
  - Hai Duong: 740
  - Hau Giang: 740
  - Hoa Binh: 740
  - Hung Yen: 740
  - Khanh Hoa: 740
  - Kien Giang: 740
  - Kon Tum: 739
  - Lai Chau: 740
  - Lam Dong: 740
  - Lang Son: 739
  - Lao Cai: 740
  - Long An: 739
  - Nam Dinh: 739
  - Nghe An: 739
  - Ninh Binh: 739
  - Ninh Thuan: 739
  - Phu Tho: 739
  - Phu Yen: 739
  - Quang Binh: 739
  - Quang Nam: 739
  - Quang Ngai: 739
  - Quang Ninh: 739
  - Quang Tri: 739
  - Soc Trang: 739
  - Son La: 739
  - Tay Ninh: 739
  - Thai Binh: 739
  - Thai Nguyen: 739
  - Thanh Hoa: 739
  - Thua Thien Hue: 739
  - Tien Giang: 738
  - Tra Vinh: 739
  - Tuyen Quang: 739
  - Vinh Long: 739
  - Vinh Phuc: 739
  - Yen Bai: 738
[Bootstrap] Progress:
  - Hanoi: 742
  - Ho Chi Minh: 742
  - Hai Phong: 742
  - Da Nang: 741
  - Can Tho: 741
  - An Giang: 741
  - Ba Ria - Vung Tau: 741
  - Bac Giang: 741
  - Bac Kan: 741
  - Bac Lieu: 741
  - Bac Ninh: 741
  - Ben Tre: 740
  - Binh Dinh: 741
  - Binh Duong: 741
  - Binh Phuoc: 741
  - Binh Thuan: 741
  - Ca Mau: 741
  - Cao Bang: 741
  - Dak Lak: 741
  - Dak Nong: 741
  - Dien Bien: 741
  - Dong Nai: 741
  - Dong Thap: 741
  - Gia Lai: 741
  - Ha Giang: 741
  - Ha Nam: 741
  - Ha Tinh: 741
  - Hai Duong: 741
  - Hau Giang: 741
  - Hoa Binh: 741
  - Hung Yen: 741
  - Khanh Hoa: 741
  - Kien Giang: 741
  - Kon Tum: 740
  - Lai Chau: 741
  - Lam Dong: 741
  - Lang Son: 740
  - Lao Cai: 741
  - Long An: 740
  - Nam Dinh: 740
  - Nghe An: 740
  - Ninh Binh: 740
  - Ninh Thuan: 740
  - Phu Tho: 740
  - Phu Yen: 740
  - Quang Binh: 740
  - Quang Nam: 740
  - Quang Ngai: 740
  - Quang Ninh: 740
  - Quang Tri: 740
  - Soc Trang: 740
  - Son La: 740
  - Tay Ninh: 740
  - Thai Binh: 740
  - Thai Nguyen: 740
  - Thanh Hoa: 740
  - Thua Thien Hue: 740
  - Tien Giang: 739
  - Tra Vinh: 740
  - Tuyen Quang: 740
  - Vinh Long: 740
  - Vinh Phuc: 740
  - Yen Bai: 739
[Bootstrap] Progress:
  - Hanoi: 743
  - Ho Chi Minh: 743
  - Hai Phong: 743
  - Da Nang: 742
  - Can Tho: 742
  - An Giang: 742
  - Ba Ria - Vung Tau: 742
  - Bac Giang: 742
  - Bac Kan: 742
  - Bac Lieu: 742
  - Bac Ninh: 742
  - Ben Tre: 741
  - Binh Dinh: 742
  - Binh Duong: 742
  - Binh Phuoc: 742
  - Binh Thuan: 742
  - Ca Mau: 742
  - Cao Bang: 742
  - Dak Lak: 742
  - Dak Nong: 742
  - Dien Bien: 742
  - Dong Nai: 742
  - Dong Thap: 742
  - Gia Lai: 742
  - Ha Giang: 742
  - Ha Nam: 742
  - Ha Tinh: 742
  - Hai Duong: 742
  - Hau Giang: 742
  - Hoa Binh: 742
  - Hung Yen: 742
  - Khanh Hoa: 742
  - Kien Giang: 742
  - Kon Tum: 741
  - Lai Chau: 742
  - Lam Dong: 742
  - Lang Son: 741
  - Lao Cai: 742
  - Long An: 741
  - Nam Dinh: 741
  - Nghe An: 741
  - Ninh Binh: 741
  - Ninh Thuan: 741
  - Phu Tho: 741
  - Phu Yen: 741
  - Quang Binh: 741
  - Quang Nam: 741
  - Quang Ngai: 741
  - Quang Ninh: 741
  - Quang Tri: 741
  - Soc Trang: 741
  - Son La: 741
  - Tay Ninh: 741
  - Thai Binh: 741
  - Thai Nguyen: 741
  - Thanh Hoa: 741
  - Thua Thien Hue: 741
  - Tien Giang: 740
  - Tra Vinh: 741
  - Tuyen Quang: 741
  - Vinh Long: 741
  - Vinh Phuc: 741
  - Yen Bai: 740
[Bootstrap] Progress:
  - Hanoi: 744
  - Ho Chi Minh: 744
  - Hai Phong: 744
  - Da Nang: 743
  - Can Tho: 743
  - An Giang: 743
  - Ba Ria - Vung Tau: 743
  - Bac Giang: 743
  - Bac Kan: 743
  - Bac Lieu: 743
  - Bac Ninh: 743
  - Ben Tre: 742
  - Binh Dinh: 743
  - Binh Duong: 743
  - Binh Phuoc: 743
  - Binh Thuan: 743
  - Ca Mau: 743
  - Cao Bang: 743
  - Dak Lak: 743
  - Dak Nong: 743
  - Dien Bien: 743
  - Dong Nai: 743
  - Dong Thap: 743
  - Gia Lai: 743
  - Ha Giang: 743
  - Ha Nam: 743
  - Ha Tinh: 743
  - Hai Duong: 743
  - Hau Giang: 743
  - Hoa Binh: 743
  - Hung Yen: 743
  - Khanh Hoa: 743
  - Kien Giang: 743
  - Kon Tum: 742
  - Lai Chau: 743
  - Lam Dong: 743
  - Lang Son: 742
  - Lao Cai: 743
  - Long An: 742
  - Nam Dinh: 742
  - Nghe An: 742
  - Ninh Binh: 742
  - Ninh Thuan: 742
  - Phu Tho: 742
  - Phu Yen: 742
  - Quang Binh: 742
  - Quang Nam: 742
  - Quang Ngai: 742
  - Quang Ninh: 742
  - Quang Tri: 742
  - Soc Trang: 742
  - Son La: 742
  - Tay Ninh: 742
  - Thai Binh: 742
  - Thai Nguyen: 742
  - Thanh Hoa: 742
  - Thua Thien Hue: 742
  - Tien Giang: 741
  - Tra Vinh: 742
  - Tuyen Quang: 742
  - Vinh Long: 742
  - Vinh Phuc: 742
  - Yen Bai: 741
[Bootstrap] Progress:
  - Hanoi: 745
  - Ho Chi Minh: 745
  - Hai Phong: 745
  - Da Nang: 744
  - Can Tho: 744
  - An Giang: 744
  - Ba Ria - Vung Tau: 744
  - Bac Giang: 744
  - Bac Kan: 744
  - Bac Lieu: 744
  - Bac Ninh: 744
  - Ben Tre: 743
  - Binh Dinh: 744
  - Binh Duong: 744
  - Binh Phuoc: 744
  - Binh Thuan: 744
  - Ca Mau: 744
  - Cao Bang: 744
  - Dak Lak: 744
  - Dak Nong: 744
  - Dien Bien: 744
  - Dong Nai: 744
  - Dong Thap: 744
  - Gia Lai: 744
  - Ha Giang: 744
  - Ha Nam: 744
  - Ha Tinh: 744
  - Hai Duong: 744
  - Hau Giang: 744
  - Hoa Binh: 744
  - Hung Yen: 744
  - Khanh Hoa: 744
  - Kien Giang: 744
  - Kon Tum: 743
  - Lai Chau: 744
  - Lam Dong: 744
  - Lang Son: 743
  - Lao Cai: 744
  - Long An: 743
  - Nam Dinh: 743
  - Nghe An: 743
  - Ninh Binh: 743
  - Ninh Thuan: 743
  - Phu Tho: 743
  - Phu Yen: 743
  - Quang Binh: 743
  - Quang Nam: 743
  - Quang Ngai: 743
  - Quang Ninh: 743
  - Quang Tri: 743
  - Soc Trang: 743
  - Son La: 743
  - Tay Ninh: 743
  - Thai Binh: 743
  - Thai Nguyen: 743
  - Thanh Hoa: 743
  - Thua Thien Hue: 743
  - Tien Giang: 742
  - Tra Vinh: 743
  - Tuyen Quang: 743
  - Vinh Long: 743
  - Vinh Phuc: 743
  - Yen Bai: 742
[Bootstrap] Progress:
  - Hanoi: 748
  - Ho Chi Minh: 748
  - Hai Phong: 748
  - Da Nang: 747
  - Can Tho: 747
  - An Giang: 747
  - Ba Ria - Vung Tau: 747
  - Bac Giang: 747
  - Bac Kan: 747
  - Bac Lieu: 747
  - Bac Ninh: 747
  - Ben Tre: 746
  - Binh Dinh: 747
  - Binh Duong: 747
  - Binh Phuoc: 747
  - Binh Thuan: 747
  - Ca Mau: 747
  - Cao Bang: 747
  - Dak Lak: 747
  - Dak Nong: 747
  - Dien Bien: 747
  - Dong Nai: 747
  - Dong Thap: 747
  - Gia Lai: 747
  - Ha Giang: 747
  - Ha Nam: 747
  - Ha Tinh: 747
  - Hai Duong: 747
  - Hau Giang: 747
  - Hoa Binh: 747
  - Hung Yen: 747
  - Khanh Hoa: 747
  - Kien Giang: 747
  - Kon Tum: 746
  - Lai Chau: 747
  - Lam Dong: 747
  - Lang Son: 746
  - Lao Cai: 747
  - Long An: 746
  - Nam Dinh: 746
  - Nghe An: 746
  - Ninh Binh: 746
  - Ninh Thuan: 746
  - Phu Tho: 746
  - Phu Yen: 746
  - Quang Binh: 746
  - Quang Nam: 746
  - Quang Ngai: 746
  - Quang Ninh: 746
  - Quang Tri: 746
  - Soc Trang: 746
  - Son La: 746
  - Tay Ninh: 746
  - Thai Binh: 746
  - Thai Nguyen: 746
  - Thanh Hoa: 746
  - Thua Thien Hue: 746
  - Tien Giang: 745
  - Tra Vinh: 746
  - Tuyen Quang: 746
  - Vinh Long: 746
  - Vinh Phuc: 746
  - Yen Bai: 745
[Bootstrap] Progress:
  - Hanoi: 749
  - Ho Chi Minh: 749
  - Hai Phong: 749
  - Da Nang: 748
  - Can Tho: 748
  - An Giang: 748
  - Ba Ria - Vung Tau: 748
  - Bac Giang: 748
  - Bac Kan: 748
  - Bac Lieu: 748
  - Bac Ninh: 748
  - Ben Tre: 747
  - Binh Dinh: 748
  - Binh Duong: 748
  - Binh Phuoc: 748
  - Binh Thuan: 748
  - Ca Mau: 748
  - Cao Bang: 748
  - Dak Lak: 748
  - Dak Nong: 748
  - Dien Bien: 748
  - Dong Nai: 748
  - Dong Thap: 748
  - Gia Lai: 748
  - Ha Giang: 748
  - Ha Nam: 748
  - Ha Tinh: 748
  - Hai Duong: 748
  - Hau Giang: 748
  - Hoa Binh: 748
  - Hung Yen: 748
  - Khanh Hoa: 748
  - Kien Giang: 748
  - Kon Tum: 747
  - Lai Chau: 748
  - Lam Dong: 748
  - Lang Son: 747
  - Lao Cai: 748
  - Long An: 747
  - Nam Dinh: 747
  - Nghe An: 747
  - Ninh Binh: 747
  - Ninh Thuan: 747
  - Phu Tho: 747
  - Phu Yen: 747
  - Quang Binh: 747
  - Quang Nam: 747
  - Quang Ngai: 747
  - Quang Ninh: 747
  - Quang Tri: 747
  - Soc Trang: 747
  - Son La: 747
  - Tay Ninh: 747
  - Thai Binh: 747
  - Thai Nguyen: 747
  - Thanh Hoa: 747
  - Thua Thien Hue: 747
  - Tien Giang: 746
  - Tra Vinh: 747
  - Tuyen Quang: 747
  - Vinh Long: 747
  - Vinh Phuc: 747
  - Yen Bai: 746
[Bootstrap] Progress:
  - Hanoi: 750
  - Ho Chi Minh: 750
  - Hai Phong: 750
  - Da Nang: 749
  - Can Tho: 749
  - An Giang: 749
  - Ba Ria - Vung Tau: 749
  - Bac Giang: 749
  - Bac Kan: 749
  - Bac Lieu: 749
  - Bac Ninh: 749
  - Ben Tre: 748
  - Binh Dinh: 749
  - Binh Duong: 749
  - Binh Phuoc: 749
  - Binh Thuan: 749
  - Ca Mau: 749
  - Cao Bang: 749
  - Dak Lak: 749
  - Dak Nong: 749
  - Dien Bien: 749
  - Dong Nai: 749
  - Dong Thap: 749
  - Gia Lai: 749
  - Ha Giang: 749
  - Ha Nam: 749
  - Ha Tinh: 749
  - Hai Duong: 749
  - Hau Giang: 749
  - Hoa Binh: 749
  - Hung Yen: 749
  - Khanh Hoa: 749
  - Kien Giang: 749
  - Kon Tum: 748
  - Lai Chau: 749
  - Lam Dong: 749
  - Lang Son: 748
  - Lao Cai: 749
  - Long An: 748
  - Nam Dinh: 748
  - Nghe An: 748
  - Ninh Binh: 748
  - Ninh Thuan: 748
  - Phu Tho: 748
  - Phu Yen: 748
  - Quang Binh: 748
  - Quang Nam: 748
  - Quang Ngai: 748
  - Quang Ninh: 748
  - Quang Tri: 748
  - Soc Trang: 748
  - Son La: 748
  - Tay Ninh: 748
  - Thai Binh: 748
  - Thai Nguyen: 748
  - Thanh Hoa: 748
  - Thua Thien Hue: 748
  - Tien Giang: 747
  - Tra Vinh: 748
  - Tuyen Quang: 748
  - Vinh Long: 748
  - Vinh Phuc: 748
  - Yen Bai: 747
[Bootstrap] Progress:
  - Hanoi: 751
  - Ho Chi Minh: 751
  - Hai Phong: 751
  - Da Nang: 750
  - Can Tho: 750
  - An Giang: 750
  - Ba Ria - Vung Tau: 750
  - Bac Giang: 750
  - Bac Kan: 750
  - Bac Lieu: 750
  - Bac Ninh: 750
  - Ben Tre: 749
  - Binh Dinh: 750
  - Binh Duong: 750
  - Binh Phuoc: 750
  - Binh Thuan: 750
  - Ca Mau: 750
  - Cao Bang: 750
  - Dak Lak: 750
  - Dak Nong: 750
  - Dien Bien: 750
  - Dong Nai: 750
  - Dong Thap: 750
  - Gia Lai: 750
  - Ha Giang: 750
  - Ha Nam: 750
  - Ha Tinh: 750
  - Hai Duong: 750
  - Hau Giang: 750
  - Hoa Binh: 750
  - Hung Yen: 750
  - Khanh Hoa: 750
  - Kien Giang: 750
  - Kon Tum: 749
  - Lai Chau: 750
  - Lam Dong: 750
  - Lang Son: 749
  - Lao Cai: 750
  - Long An: 749
  - Nam Dinh: 749
  - Nghe An: 749
  - Ninh Binh: 749
  - Ninh Thuan: 749
  - Phu Tho: 749
  - Phu Yen: 749
  - Quang Binh: 749
  - Quang Nam: 749
  - Quang Ngai: 749
  - Quang Ninh: 749
  - Quang Tri: 749
  - Soc Trang: 749
  - Son La: 749
  - Tay Ninh: 749
  - Thai Binh: 749
  - Thai Nguyen: 749
  - Thanh Hoa: 749
  - Thua Thien Hue: 749
  - Tien Giang: 748
  - Tra Vinh: 749
  - Tuyen Quang: 749
  - Vinh Long: 749
  - Vinh Phuc: 749
  - Yen Bai: 748
[Bootstrap] Progress:
  - Hanoi: 752
  - Ho Chi Minh: 752
  - Hai Phong: 752
  - Da Nang: 751
  - Can Tho: 751
  - An Giang: 751
  - Ba Ria - Vung Tau: 751
  - Bac Giang: 751
  - Bac Kan: 751
  - Bac Lieu: 751
  - Bac Ninh: 751
  - Ben Tre: 750
  - Binh Dinh: 751
  - Binh Duong: 751
  - Binh Phuoc: 751
  - Binh Thuan: 751
  - Ca Mau: 751
  - Cao Bang: 751
  - Dak Lak: 751
  - Dak Nong: 751
  - Dien Bien: 751
  - Dong Nai: 751
  - Dong Thap: 751
  - Gia Lai: 751
  - Ha Giang: 751
  - Ha Nam: 751
  - Ha Tinh: 751
  - Hai Duong: 751
  - Hau Giang: 751
  - Hoa Binh: 751
  - Hung Yen: 751
  - Khanh Hoa: 751
  - Kien Giang: 751
  - Kon Tum: 750
  - Lai Chau: 751
  - Lam Dong: 751
  - Lang Son: 750
  - Lao Cai: 751
  - Long An: 750
  - Nam Dinh: 750
  - Nghe An: 750
  - Ninh Binh: 750
  - Ninh Thuan: 750
  - Phu Tho: 750
  - Phu Yen: 750
  - Quang Binh: 750
  - Quang Nam: 750
  - Quang Ngai: 750
  - Quang Ninh: 750
  - Quang Tri: 750
  - Soc Trang: 750
  - Son La: 750
  - Tay Ninh: 750
  - Thai Binh: 750
  - Thai Nguyen: 750
  - Thanh Hoa: 750
  - Thua Thien Hue: 750
  - Tien Giang: 749
  - Tra Vinh: 750
  - Tuyen Quang: 750
  - Vinh Long: 750
  - Vinh Phuc: 750
  - Yen Bai: 749
[Bootstrap] Progress:
  - Hanoi: 753
  - Ho Chi Minh: 753
  - Hai Phong: 753
  - Da Nang: 752
  - Can Tho: 752
  - An Giang: 752
  - Ba Ria - Vung Tau: 752
  - Bac Giang: 752
  - Bac Kan: 752
  - Bac Lieu: 752
  - Bac Ninh: 752
  - Ben Tre: 751
  - Binh Dinh: 752
  - Binh Duong: 752
  - Binh Phuoc: 752
  - Binh Thuan: 752
  - Ca Mau: 752
  - Cao Bang: 752
  - Dak Lak: 752
  - Dak Nong: 752
  - Dien Bien: 752
  - Dong Nai: 752
  - Dong Thap: 752
  - Gia Lai: 752
  - Ha Giang: 752
  - Ha Nam: 752
  - Ha Tinh: 752
  - Hai Duong: 752
  - Hau Giang: 752
  - Hoa Binh: 752
  - Hung Yen: 752
  - Khanh Hoa: 752
  - Kien Giang: 752
  - Kon Tum: 751
  - Lai Chau: 752
  - Lam Dong: 752
  - Lang Son: 751
  - Lao Cai: 752
  - Long An: 751
  - Nam Dinh: 751
  - Nghe An: 751
  - Ninh Binh: 751
  - Ninh Thuan: 751
  - Phu Tho: 751
  - Phu Yen: 751
  - Quang Binh: 751
  - Quang Nam: 751
  - Quang Ngai: 751
  - Quang Ninh: 751
  - Quang Tri: 751
  - Soc Trang: 751
  - Son La: 751
  - Tay Ninh: 751
  - Thai Binh: 751
  - Thai Nguyen: 751
  - Thanh Hoa: 751
  - Thua Thien Hue: 751
  - Tien Giang: 750
  - Tra Vinh: 751
  - Tuyen Quang: 751
  - Vinh Long: 751
  - Vinh Phuc: 751
  - Yen Bai: 750
[Bootstrap] Progress:
  - Hanoi: 754
  - Ho Chi Minh: 754
  - Hai Phong: 754
  - Da Nang: 753
  - Can Tho: 753
  - An Giang: 753
  - Ba Ria - Vung Tau: 753
  - Bac Giang: 753
  - Bac Kan: 753
  - Bac Lieu: 753
  - Bac Ninh: 753
  - Ben Tre: 752
  - Binh Dinh: 753
  - Binh Duong: 753
  - Binh Phuoc: 753
  - Binh Thuan: 753
  - Ca Mau: 753
  - Cao Bang: 753
  - Dak Lak: 753
  - Dak Nong: 753
  - Dien Bien: 753
  - Dong Nai: 753
  - Dong Thap: 753
  - Gia Lai: 753
  - Ha Giang: 753
  - Ha Nam: 753
  - Ha Tinh: 753
  - Hai Duong: 753
  - Hau Giang: 753
  - Hoa Binh: 753
  - Hung Yen: 753
  - Khanh Hoa: 753
  - Kien Giang: 753
  - Kon Tum: 752
  - Lai Chau: 753
  - Lam Dong: 753
  - Lang Son: 752
  - Lao Cai: 753
  - Long An: 752
  - Nam Dinh: 752
  - Nghe An: 752
  - Ninh Binh: 752
  - Ninh Thuan: 752
  - Phu Tho: 752
  - Phu Yen: 752
  - Quang Binh: 752
  - Quang Nam: 752
  - Quang Ngai: 752
  - Quang Ninh: 752
  - Quang Tri: 752
  - Soc Trang: 752
  - Son La: 752
  - Tay Ninh: 752
  - Thai Binh: 752
  - Thai Nguyen: 752
  - Thanh Hoa: 752
  - Thua Thien Hue: 752
  - Tien Giang: 751
  - Tra Vinh: 752
  - Tuyen Quang: 752
  - Vinh Long: 752
  - Vinh Phuc: 752
  - Yen Bai: 751
[Bootstrap] Progress:
  - Hanoi: 755
  - Ho Chi Minh: 755
  - Hai Phong: 755
  - Da Nang: 754
  - Can Tho: 754
  - An Giang: 754
  - Ba Ria - Vung Tau: 754
  - Bac Giang: 754
  - Bac Kan: 754
  - Bac Lieu: 754
  - Bac Ninh: 754
  - Ben Tre: 753
  - Binh Dinh: 754
  - Binh Duong: 754
  - Binh Phuoc: 754
  - Binh Thuan: 754
  - Ca Mau: 754
  - Cao Bang: 754
  - Dak Lak: 754
  - Dak Nong: 754
  - Dien Bien: 754
  - Dong Nai: 754
  - Dong Thap: 754
  - Gia Lai: 754
  - Ha Giang: 754
  - Ha Nam: 754
  - Ha Tinh: 754
  - Hai Duong: 754
  - Hau Giang: 754
  - Hoa Binh: 754
  - Hung Yen: 754
  - Khanh Hoa: 754
  - Kien Giang: 754
  - Kon Tum: 753
  - Lai Chau: 754
  - Lam Dong: 754
  - Lang Son: 753
  - Lao Cai: 754
  - Long An: 753
  - Nam Dinh: 753
  - Nghe An: 753
  - Ninh Binh: 753
  - Ninh Thuan: 753
  - Phu Tho: 753
  - Phu Yen: 753
  - Quang Binh: 753
  - Quang Nam: 753
  - Quang Ngai: 753
  - Quang Ninh: 753
  - Quang Tri: 753
  - Soc Trang: 753
  - Son La: 753
  - Tay Ninh: 753
  - Thai Binh: 753
  - Thai Nguyen: 753
  - Thanh Hoa: 753
  - Thua Thien Hue: 753
  - Tien Giang: 752
  - Tra Vinh: 753
  - Tuyen Quang: 753
  - Vinh Long: 753
  - Vinh Phuc: 753
  - Yen Bai: 752
[Bootstrap] Progress:
  - Hanoi: 756
  - Ho Chi Minh: 756
  - Hai Phong: 756
  - Da Nang: 755
  - Can Tho: 755
  - An Giang: 755
  - Ba Ria - Vung Tau: 755
  - Bac Giang: 755
  - Bac Kan: 755
  - Bac Lieu: 755
  - Bac Ninh: 755
  - Ben Tre: 754
  - Binh Dinh: 755
  - Binh Duong: 755
  - Binh Phuoc: 755
  - Binh Thuan: 755
  - Ca Mau: 755
  - Cao Bang: 755
  - Dak Lak: 755
  - Dak Nong: 755
  - Dien Bien: 755
  - Dong Nai: 755
  - Dong Thap: 755
  - Gia Lai: 755
  - Ha Giang: 755
  - Ha Nam: 755
  - Ha Tinh: 755
  - Hai Duong: 755
  - Hau Giang: 755
  - Hoa Binh: 755
  - Hung Yen: 755
  - Khanh Hoa: 755
  - Kien Giang: 755
  - Kon Tum: 754
  - Lai Chau: 755
  - Lam Dong: 755
  - Lang Son: 754
  - Lao Cai: 755
  - Long An: 754
  - Nam Dinh: 754
  - Nghe An: 754
  - Ninh Binh: 754
  - Ninh Thuan: 754
  - Phu Tho: 754
  - Phu Yen: 754
  - Quang Binh: 754
  - Quang Nam: 754
  - Quang Ngai: 754
  - Quang Ninh: 754
  - Quang Tri: 754
  - Soc Trang: 754
  - Son La: 754
  - Tay Ninh: 754
  - Thai Binh: 754
  - Thai Nguyen: 754
  - Thanh Hoa: 754
  - Thua Thien Hue: 754
  - Tien Giang: 753
  - Tra Vinh: 754
  - Tuyen Quang: 754
  - Vinh Long: 754
  - Vinh Phuc: 754
  - Yen Bai: 753
[Bootstrap] Progress:
  - Hanoi: 759
  - Ho Chi Minh: 759
  - Hai Phong: 759
  - Da Nang: 758
  - Can Tho: 758
  - An Giang: 758
  - Ba Ria - Vung Tau: 758
  - Bac Giang: 757
  - Bac Kan: 757
  - Bac Lieu: 757
  - Bac Ninh: 757
  - Ben Tre: 756
  - Binh Dinh: 757
  - Binh Duong: 757
  - Binh Phuoc: 757
  - Binh Thuan: 757
  - Ca Mau: 757
  - Cao Bang: 757
  - Dak Lak: 757
  - Dak Nong: 757
  - Dien Bien: 756
  - Dong Nai: 756
  - Dong Thap: 756
  - Gia Lai: 756
  - Ha Giang: 756
  - Ha Nam: 756
  - Ha Tinh: 756
  - Hai Duong: 756
  - Hau Giang: 756
  - Hoa Binh: 756
  - Hung Yen: 756
  - Khanh Hoa: 756
  - Kien Giang: 756
  - Kon Tum: 755
  - Lai Chau: 756
  - Lam Dong: 756
  - Lang Son: 755
  - Lao Cai: 756
  - Long An: 755
  - Nam Dinh: 755
  - Nghe An: 755
  - Ninh Binh: 755
  - Ninh Thuan: 755
  - Phu Tho: 755
  - Phu Yen: 755
  - Quang Binh: 755
  - Quang Nam: 755
  - Quang Ngai: 755
  - Quang Ninh: 755
  - Quang Tri: 755
  - Soc Trang: 755
  - Son La: 755
  - Tay Ninh: 755
  - Thai Binh: 755
  - Thai Nguyen: 755
  - Thanh Hoa: 755
  - Thua Thien Hue: 755
  - Tien Giang: 754
  - Tra Vinh: 755
  - Tuyen Quang: 755
  - Vinh Long: 755
  - Vinh Phuc: 755
  - Yen Bai: 754
[Bootstrap] Progress:
  - Hanoi: 760
  - Ho Chi Minh: 760
  - Hai Phong: 760
  - Da Nang: 759
  - Can Tho: 759
  - An Giang: 759
  - Ba Ria - Vung Tau: 759
  - Bac Giang: 759
  - Bac Kan: 759
  - Bac Lieu: 759
  - Bac Ninh: 759
  - Ben Tre: 758
  - Binh Dinh: 759
  - Binh Duong: 759
  - Binh Phuoc: 759
  - Binh Thuan: 759
  - Ca Mau: 759
  - Cao Bang: 759
  - Dak Lak: 759
  - Dak Nong: 759
  - Dien Bien: 759
  - Dong Nai: 759
  - Dong Thap: 759
  - Gia Lai: 759
  - Ha Giang: 759
  - Ha Nam: 759
  - Ha Tinh: 759
  - Hai Duong: 759
  - Hau Giang: 759
  - Hoa Binh: 759
  - Hung Yen: 759
  - Khanh Hoa: 759
  - Kien Giang: 759
  - Kon Tum: 758
  - Lai Chau: 759
  - Lam Dong: 759
  - Lang Son: 758
  - Lao Cai: 759
  - Long An: 758
  - Nam Dinh: 758
  - Nghe An: 758
  - Ninh Binh: 758
  - Ninh Thuan: 758
  - Phu Tho: 758
  - Phu Yen: 758
  - Quang Binh: 758
  - Quang Nam: 758
  - Quang Ngai: 758
  - Quang Ninh: 758
  - Quang Tri: 758
  - Soc Trang: 758
  - Son La: 758
  - Tay Ninh: 758
  - Thai Binh: 758
  - Thai Nguyen: 758
  - Thanh Hoa: 758
  - Thua Thien Hue: 758
  - Tien Giang: 757
  - Tra Vinh: 758
  - Tuyen Quang: 758
  - Vinh Long: 758
  - Vinh Phuc: 758
  - Yen Bai: 757
[Bootstrap] Progress:
  - Hanoi: 761
  - Ho Chi Minh: 761
  - Hai Phong: 761
  - Da Nang: 760
  - Can Tho: 760
  - An Giang: 760
  - Ba Ria - Vung Tau: 760
  - Bac Giang: 760
  - Bac Kan: 760
  - Bac Lieu: 760
  - Bac Ninh: 760
  - Ben Tre: 759
  - Binh Dinh: 760
  - Binh Duong: 760
  - Binh Phuoc: 760
  - Binh Thuan: 760
  - Ca Mau: 760
  - Cao Bang: 760
  - Dak Lak: 760
  - Dak Nong: 760
  - Dien Bien: 760
  - Dong Nai: 760
  - Dong Thap: 760
  - Gia Lai: 760
  - Ha Giang: 760
  - Ha Nam: 760
  - Ha Tinh: 760
  - Hai Duong: 760
  - Hau Giang: 760
  - Hoa Binh: 760
  - Hung Yen: 760
  - Khanh Hoa: 760
  - Kien Giang: 760
  - Kon Tum: 759
  - Lai Chau: 760
  - Lam Dong: 760
  - Lang Son: 759
  - Lao Cai: 760
  - Long An: 759
  - Nam Dinh: 759
  - Nghe An: 759
  - Ninh Binh: 759
  - Ninh Thuan: 759
  - Phu Tho: 759
  - Phu Yen: 759
  - Quang Binh: 759
  - Quang Nam: 759
  - Quang Ngai: 759
  - Quang Ninh: 759
  - Quang Tri: 759
  - Soc Trang: 759
  - Son La: 759
  - Tay Ninh: 759
  - Thai Binh: 759
  - Thai Nguyen: 759
  - Thanh Hoa: 759
  - Thua Thien Hue: 759
  - Tien Giang: 758
  - Tra Vinh: 759
  - Tuyen Quang: 759
  - Vinh Long: 759
  - Vinh Phuc: 759
  - Yen Bai: 758
[Bootstrap] Progress:
  - Hanoi: 762
  - Ho Chi Minh: 762
  - Hai Phong: 762
  - Da Nang: 761
  - Can Tho: 761
  - An Giang: 761
  - Ba Ria - Vung Tau: 761
  - Bac Giang: 761
  - Bac Kan: 761
  - Bac Lieu: 761
  - Bac Ninh: 761
  - Ben Tre: 760
  - Binh Dinh: 761
  - Binh Duong: 761
  - Binh Phuoc: 761
  - Binh Thuan: 761
  - Ca Mau: 761
  - Cao Bang: 761
  - Dak Lak: 761
  - Dak Nong: 761
  - Dien Bien: 761
  - Dong Nai: 761
  - Dong Thap: 761
  - Gia Lai: 761
  - Ha Giang: 761
  - Ha Nam: 761
  - Ha Tinh: 761
  - Hai Duong: 761
  - Hau Giang: 761
  - Hoa Binh: 761
  - Hung Yen: 761
  - Khanh Hoa: 761
  - Kien Giang: 761
  - Kon Tum: 760
  - Lai Chau: 761
  - Lam Dong: 761
  - Lang Son: 760
  - Lao Cai: 761
  - Long An: 760
  - Nam Dinh: 760
  - Nghe An: 760
  - Ninh Binh: 760
  - Ninh Thuan: 760
  - Phu Tho: 760
  - Phu Yen: 760
  - Quang Binh: 760
  - Quang Nam: 760
  - Quang Ngai: 760
  - Quang Ninh: 760
  - Quang Tri: 760
  - Soc Trang: 760
  - Son La: 760
  - Tay Ninh: 760
  - Thai Binh: 760
  - Thai Nguyen: 760
  - Thanh Hoa: 760
  - Thua Thien Hue: 760
  - Tien Giang: 759
  - Tra Vinh: 760
  - Tuyen Quang: 760
  - Vinh Long: 760
  - Vinh Phuc: 760
  - Yen Bai: 759
[Bootstrap] Progress:
  - Hanoi: 763
  - Ho Chi Minh: 763
  - Hai Phong: 763
  - Da Nang: 762
  - Can Tho: 762
  - An Giang: 762
  - Ba Ria - Vung Tau: 762
  - Bac Giang: 762
  - Bac Kan: 762
  - Bac Lieu: 762
  - Bac Ninh: 762
  - Ben Tre: 761
  - Binh Dinh: 762
  - Binh Duong: 762
  - Binh Phuoc: 762
  - Binh Thuan: 762
  - Ca Mau: 762
  - Cao Bang: 762
  - Dak Lak: 762
  - Dak Nong: 762
  - Dien Bien: 762
  - Dong Nai: 762
  - Dong Thap: 762
  - Gia Lai: 762
  - Ha Giang: 762
  - Ha Nam: 762
  - Ha Tinh: 762
  - Hai Duong: 762
  - Hau Giang: 762
  - Hoa Binh: 762
  - Hung Yen: 762
  - Khanh Hoa: 762
  - Kien Giang: 762
  - Kon Tum: 761
  - Lai Chau: 762
  - Lam Dong: 762
  - Lang Son: 761
  - Lao Cai: 762
  - Long An: 761
  - Nam Dinh: 761
  - Nghe An: 761
  - Ninh Binh: 761
  - Ninh Thuan: 761
  - Phu Tho: 761
  - Phu Yen: 761
  - Quang Binh: 761
  - Quang Nam: 761
  - Quang Ngai: 761
  - Quang Ninh: 761
  - Quang Tri: 761
  - Soc Trang: 761
  - Son La: 761
  - Tay Ninh: 761
  - Thai Binh: 761
  - Thai Nguyen: 761
  - Thanh Hoa: 761
  - Thua Thien Hue: 761
  - Tien Giang: 760
  - Tra Vinh: 761
  - Tuyen Quang: 761
  - Vinh Long: 761
  - Vinh Phuc: 761
  - Yen Bai: 760
[Bootstrap] Progress:
  - Hanoi: 764
  - Ho Chi Minh: 764
  - Hai Phong: 764
  - Da Nang: 763
  - Can Tho: 763
  - An Giang: 763
  - Ba Ria - Vung Tau: 763
  - Bac Giang: 763
  - Bac Kan: 763
  - Bac Lieu: 763
  - Bac Ninh: 763
  - Ben Tre: 762
  - Binh Dinh: 763
  - Binh Duong: 763
  - Binh Phuoc: 763
  - Binh Thuan: 763
  - Ca Mau: 763
  - Cao Bang: 763
  - Dak Lak: 763
  - Dak Nong: 763
  - Dien Bien: 763
  - Dong Nai: 763
  - Dong Thap: 763
  - Gia Lai: 763
  - Ha Giang: 763
  - Ha Nam: 763
  - Ha Tinh: 763
  - Hai Duong: 763
  - Hau Giang: 763
  - Hoa Binh: 763
  - Hung Yen: 763
  - Khanh Hoa: 763
  - Kien Giang: 763
  - Kon Tum: 762
  - Lai Chau: 763
  - Lam Dong: 763
  - Lang Son: 762
  - Lao Cai: 763
  - Long An: 762
  - Nam Dinh: 762
  - Nghe An: 762
  - Ninh Binh: 762
  - Ninh Thuan: 762
  - Phu Tho: 762
  - Phu Yen: 762
  - Quang Binh: 762
  - Quang Nam: 762
  - Quang Ngai: 762
  - Quang Ninh: 762
  - Quang Tri: 762
  - Soc Trang: 762
  - Son La: 762
  - Tay Ninh: 762
  - Thai Binh: 762
  - Thai Nguyen: 762
  - Thanh Hoa: 762
  - Thua Thien Hue: 762
  - Tien Giang: 761
  - Tra Vinh: 762
  - Tuyen Quang: 762
  - Vinh Long: 762
  - Vinh Phuc: 762
  - Yen Bai: 761
[Bootstrap] Progress:
  - Hanoi: 765
  - Ho Chi Minh: 765
  - Hai Phong: 765
  - Da Nang: 764
  - Can Tho: 764
  - An Giang: 764
  - Ba Ria - Vung Tau: 764
  - Bac Giang: 764
  - Bac Kan: 764
  - Bac Lieu: 764
  - Bac Ninh: 764
  - Ben Tre: 763
  - Binh Dinh: 764
  - Binh Duong: 764
  - Binh Phuoc: 764
  - Binh Thuan: 764
  - Ca Mau: 764
  - Cao Bang: 764
  - Dak Lak: 764
  - Dak Nong: 764
  - Dien Bien: 764
  - Dong Nai: 764
  - Dong Thap: 764
  - Gia Lai: 764
  - Ha Giang: 764
  - Ha Nam: 764
  - Ha Tinh: 764
  - Hai Duong: 764
  - Hau Giang: 764
  - Hoa Binh: 764
  - Hung Yen: 764
  - Khanh Hoa: 764
  - Kien Giang: 764
  - Kon Tum: 763
  - Lai Chau: 764
  - Lam Dong: 764
  - Lang Son: 763
  - Lao Cai: 764
  - Long An: 763
  - Nam Dinh: 763
  - Nghe An: 763
  - Ninh Binh: 763
  - Ninh Thuan: 763
  - Phu Tho: 763
  - Phu Yen: 763
  - Quang Binh: 763
  - Quang Nam: 763
  - Quang Ngai: 763
  - Quang Ninh: 763
  - Quang Tri: 763
  - Soc Trang: 763
  - Son La: 763
  - Tay Ninh: 763
  - Thai Binh: 763
  - Thai Nguyen: 763
  - Thanh Hoa: 763
  - Thua Thien Hue: 763
  - Tien Giang: 762
  - Tra Vinh: 763
  - Tuyen Quang: 763
  - Vinh Long: 763
  - Vinh Phuc: 763
  - Yen Bai: 762
[Bootstrap] Progress:
  - Hanoi: 766
  - Ho Chi Minh: 766
  - Hai Phong: 766
  - Da Nang: 765
  - Can Tho: 765
  - An Giang: 765
  - Ba Ria - Vung Tau: 765
  - Bac Giang: 765
  - Bac Kan: 765
  - Bac Lieu: 765
  - Bac Ninh: 765
  - Ben Tre: 764
  - Binh Dinh: 765
  - Binh Duong: 765
  - Binh Phuoc: 765
  - Binh Thuan: 765
  - Ca Mau: 765
  - Cao Bang: 765
  - Dak Lak: 765
  - Dak Nong: 765
  - Dien Bien: 765
  - Dong Nai: 765
  - Dong Thap: 765
  - Gia Lai: 765
  - Ha Giang: 765
  - Ha Nam: 765
  - Ha Tinh: 765
  - Hai Duong: 765
  - Hau Giang: 765
  - Hoa Binh: 765
  - Hung Yen: 765
  - Khanh Hoa: 765
  - Kien Giang: 765
  - Kon Tum: 764
  - Lai Chau: 765
  - Lam Dong: 765
  - Lang Son: 764
  - Lao Cai: 765
  - Long An: 764
  - Nam Dinh: 764
  - Nghe An: 764
  - Ninh Binh: 764
  - Ninh Thuan: 764
  - Phu Tho: 764
  - Phu Yen: 764
  - Quang Binh: 764
  - Quang Nam: 764
  - Quang Ngai: 764
  - Quang Ninh: 764
  - Quang Tri: 764
  - Soc Trang: 764
  - Son La: 764
  - Tay Ninh: 764
  - Thai Binh: 764
  - Thai Nguyen: 764
  - Thanh Hoa: 764
  - Thua Thien Hue: 764
  - Tien Giang: 763
  - Tra Vinh: 764
  - Tuyen Quang: 764
  - Vinh Long: 764
  - Vinh Phuc: 764
  - Yen Bai: 763
[Bootstrap] Progress:
  - Hanoi: 767
  - Ho Chi Minh: 767
  - Hai Phong: 767
  - Da Nang: 766
  - Can Tho: 766
  - An Giang: 766
  - Ba Ria - Vung Tau: 766
  - Bac Giang: 766
  - Bac Kan: 766
  - Bac Lieu: 766
  - Bac Ninh: 766
  - Ben Tre: 765
  - Binh Dinh: 766
  - Binh Duong: 766
  - Binh Phuoc: 766
  - Binh Thuan: 766
  - Ca Mau: 766
  - Cao Bang: 766
  - Dak Lak: 766
  - Dak Nong: 766
  - Dien Bien: 766
  - Dong Nai: 766
  - Dong Thap: 766
  - Gia Lai: 766
  - Ha Giang: 766
  - Ha Nam: 766
  - Ha Tinh: 766
  - Hai Duong: 766
  - Hau Giang: 766
  - Hoa Binh: 766
  - Hung Yen: 766
  - Khanh Hoa: 766
  - Kien Giang: 766
  - Kon Tum: 765
  - Lai Chau: 766
  - Lam Dong: 766
  - Lang Son: 765
  - Lao Cai: 766
  - Long An: 765
  - Nam Dinh: 765
  - Nghe An: 765
  - Ninh Binh: 765
  - Ninh Thuan: 765
  - Phu Tho: 765
  - Phu Yen: 765
  - Quang Binh: 765
  - Quang Nam: 765
  - Quang Ngai: 765
  - Quang Ninh: 765
  - Quang Tri: 765
  - Soc Trang: 765
  - Son La: 765
  - Tay Ninh: 765
  - Thai Binh: 765
  - Thai Nguyen: 765
  - Thanh Hoa: 765
  - Thua Thien Hue: 765
  - Tien Giang: 764
  - Tra Vinh: 765
  - Tuyen Quang: 765
  - Vinh Long: 765
  - Vinh Phuc: 765
  - Yen Bai: 764
[Bootstrap] Progress:
  - Hanoi: 768
  - Ho Chi Minh: 768
  - Hai Phong: 768
  - Da Nang: 767
  - Can Tho: 767
  - An Giang: 767
  - Ba Ria - Vung Tau: 767
  - Bac Giang: 767
  - Bac Kan: 767
  - Bac Lieu: 767
  - Bac Ninh: 767
  - Ben Tre: 766
  - Binh Dinh: 767
  - Binh Duong: 767
  - Binh Phuoc: 767
  - Binh Thuan: 767
  - Ca Mau: 767
  - Cao Bang: 767
  - Dak Lak: 767
  - Dak Nong: 767
  - Dien Bien: 767
  - Dong Nai: 767
  - Dong Thap: 767
  - Gia Lai: 767
  - Ha Giang: 767
  - Ha Nam: 767
  - Ha Tinh: 767
  - Hai Duong: 767
  - Hau Giang: 767
  - Hoa Binh: 767
  - Hung Yen: 767
  - Khanh Hoa: 767
  - Kien Giang: 767
  - Kon Tum: 766
  - Lai Chau: 767
  - Lam Dong: 767
  - Lang Son: 766
  - Lao Cai: 767
  - Long An: 766
  - Nam Dinh: 766
  - Nghe An: 766
  - Ninh Binh: 766
  - Ninh Thuan: 766
  - Phu Tho: 766
  - Phu Yen: 766
  - Quang Binh: 766
  - Quang Nam: 766
  - Quang Ngai: 766
  - Quang Ninh: 766
  - Quang Tri: 766
  - Soc Trang: 766
  - Son La: 766
  - Tay Ninh: 766
  - Thai Binh: 766
  - Thai Nguyen: 766
  - Thanh Hoa: 766
  - Thua Thien Hue: 766
  - Tien Giang: 765
  - Tra Vinh: 766
  - Tuyen Quang: 766
  - Vinh Long: 766
  - Vinh Phuc: 766
  - Yen Bai: 765
[Bootstrap] Progress:
  - Hanoi: 771
  - Ho Chi Minh: 771
  - Hai Phong: 771
  - Da Nang: 770
  - Can Tho: 770
  - An Giang: 770
  - Ba Ria - Vung Tau: 770
  - Bac Giang: 770
  - Bac Kan: 770
  - Bac Lieu: 770
  - Bac Ninh: 770
  - Ben Tre: 769
  - Binh Dinh: 770
  - Binh Duong: 770
  - Binh Phuoc: 770
  - Binh Thuan: 770
  - Ca Mau: 770
  - Cao Bang: 770
  - Dak Lak: 770
  - Dak Nong: 770
  - Dien Bien: 770
  - Dong Nai: 770
  - Dong Thap: 770
  - Gia Lai: 770
  - Ha Giang: 770
  - Ha Nam: 770
  - Ha Tinh: 770
  - Hai Duong: 770
  - Hau Giang: 770
  - Hoa Binh: 770
  - Hung Yen: 770
  - Khanh Hoa: 770
  - Kien Giang: 769
  - Kon Tum: 768
  - Lai Chau: 769
  - Lam Dong: 769
  - Lang Son: 768
  - Lao Cai: 769
  - Long An: 768
  - Nam Dinh: 768
  - Nghe An: 768
  - Ninh Binh: 768
  - Ninh Thuan: 768
  - Phu Tho: 768
  - Phu Yen: 768
  - Quang Binh: 768
  - Quang Nam: 768
  - Quang Ngai: 768
  - Quang Ninh: 767
  - Quang Tri: 767
  - Soc Trang: 767
  - Son La: 767
  - Tay Ninh: 767
  - Thai Binh: 767
  - Thai Nguyen: 767
  - Thanh Hoa: 767
  - Thua Thien Hue: 767
  - Tien Giang: 766
  - Tra Vinh: 767
  - Tuyen Quang: 767
  - Vinh Long: 767
  - Vinh Phuc: 767
  - Yen Bai: 766
[Bootstrap] Progress:
  - Hanoi: 772
  - Ho Chi Minh: 772
  - Hai Phong: 772
  - Da Nang: 771
  - Can Tho: 771
  - An Giang: 771
  - Ba Ria - Vung Tau: 771
  - Bac Giang: 771
  - Bac Kan: 771
  - Bac Lieu: 771
  - Bac Ninh: 771
  - Ben Tre: 770
  - Binh Dinh: 771
  - Binh Duong: 771
  - Binh Phuoc: 771
  - Binh Thuan: 771
  - Ca Mau: 771
  - Cao Bang: 771
  - Dak Lak: 771
  - Dak Nong: 771
  - Dien Bien: 771
  - Dong Nai: 771
  - Dong Thap: 771
  - Gia Lai: 771
  - Ha Giang: 771
  - Ha Nam: 771
  - Ha Tinh: 771
  - Hai Duong: 771
  - Hau Giang: 771
  - Hoa Binh: 771
  - Hung Yen: 771
  - Khanh Hoa: 771
  - Kien Giang: 771
  - Kon Tum: 770
  - Lai Chau: 771
  - Lam Dong: 771
  - Lang Son: 770
  - Lao Cai: 771
  - Long An: 770
  - Nam Dinh: 770
  - Nghe An: 770
  - Ninh Binh: 770
  - Ninh Thuan: 770
  - Phu Tho: 770
  - Phu Yen: 770
  - Quang Binh: 770
  - Quang Nam: 770
  - Quang Ngai: 770
  - Quang Ninh: 770
  - Quang Tri: 770
  - Soc Trang: 770
  - Son La: 770
  - Tay Ninh: 770
  - Thai Binh: 770
  - Thai Nguyen: 770
  - Thanh Hoa: 770
  - Thua Thien Hue: 770
  - Tien Giang: 769
  - Tra Vinh: 770
  - Tuyen Quang: 770
  - Vinh Long: 770
  - Vinh Phuc: 770
  - Yen Bai: 769
[Bootstrap] Progress:
  - Hanoi: 773
  - Ho Chi Minh: 773
  - Hai Phong: 773
  - Da Nang: 772
  - Can Tho: 772
  - An Giang: 772
  - Ba Ria - Vung Tau: 772
  - Bac Giang: 772
  - Bac Kan: 772
  - Bac Lieu: 772
  - Bac Ninh: 772
  - Ben Tre: 771
  - Binh Dinh: 772
  - Binh Duong: 772
  - Binh Phuoc: 772
  - Binh Thuan: 772
  - Ca Mau: 772
  - Cao Bang: 772
  - Dak Lak: 772
  - Dak Nong: 772
  - Dien Bien: 772
  - Dong Nai: 772
  - Dong Thap: 772
  - Gia Lai: 772
  - Ha Giang: 772
  - Ha Nam: 772
  - Ha Tinh: 772
  - Hai Duong: 772
  - Hau Giang: 772
  - Hoa Binh: 772
  - Hung Yen: 772
  - Khanh Hoa: 772
  - Kien Giang: 772
  - Kon Tum: 771
  - Lai Chau: 772
  - Lam Dong: 772
  - Lang Son: 771
  - Lao Cai: 772
  - Long An: 771
  - Nam Dinh: 771
  - Nghe An: 771
  - Ninh Binh: 771
  - Ninh Thuan: 771
  - Phu Tho: 771
  - Phu Yen: 771
  - Quang Binh: 771
  - Quang Nam: 771
  - Quang Ngai: 771
  - Quang Ninh: 771
  - Quang Tri: 771
  - Soc Trang: 771
  - Son La: 771
  - Tay Ninh: 771
  - Thai Binh: 771
  - Thai Nguyen: 771
  - Thanh Hoa: 771
  - Thua Thien Hue: 771
  - Tien Giang: 770
  - Tra Vinh: 771
  - Tuyen Quang: 771
  - Vinh Long: 771
  - Vinh Phuc: 771
  - Yen Bai: 770
[Bootstrap] Progress:
  - Hanoi: 774
  - Ho Chi Minh: 774
  - Hai Phong: 774
  - Da Nang: 773
  - Can Tho: 773
  - An Giang: 773
  - Ba Ria - Vung Tau: 773
  - Bac Giang: 773
  - Bac Kan: 773
  - Bac Lieu: 773
  - Bac Ninh: 773
  - Ben Tre: 772
  - Binh Dinh: 773
  - Binh Duong: 773
  - Binh Phuoc: 773
  - Binh Thuan: 773
  - Ca Mau: 773
  - Cao Bang: 773
  - Dak Lak: 773
  - Dak Nong: 773
  - Dien Bien: 773
  - Dong Nai: 773
  - Dong Thap: 773
  - Gia Lai: 773
  - Ha Giang: 773
  - Ha Nam: 773
  - Ha Tinh: 773
  - Hai Duong: 773
  - Hau Giang: 773
  - Hoa Binh: 773
  - Hung Yen: 773
  - Khanh Hoa: 773
  - Kien Giang: 773
  - Kon Tum: 772
  - Lai Chau: 773
  - Lam Dong: 773
  - Lang Son: 772
  - Lao Cai: 773
  - Long An: 772
  - Nam Dinh: 772
  - Nghe An: 772
  - Ninh Binh: 772
  - Ninh Thuan: 772
  - Phu Tho: 772
  - Phu Yen: 772
  - Quang Binh: 772
  - Quang Nam: 772
  - Quang Ngai: 772
  - Quang Ninh: 772
  - Quang Tri: 772
  - Soc Trang: 772
  - Son La: 772
  - Tay Ninh: 772
  - Thai Binh: 772
  - Thai Nguyen: 772
  - Thanh Hoa: 772
  - Thua Thien Hue: 772
  - Tien Giang: 771
  - Tra Vinh: 772
  - Tuyen Quang: 772
  - Vinh Long: 772
  - Vinh Phuc: 772
  - Yen Bai: 771
[Bootstrap] Progress:
  - Hanoi: 775
  - Ho Chi Minh: 775
  - Hai Phong: 775
  - Da Nang: 774
  - Can Tho: 774
  - An Giang: 774
  - Ba Ria - Vung Tau: 774
  - Bac Giang: 774
  - Bac Kan: 774
  - Bac Lieu: 774
  - Bac Ninh: 774
  - Ben Tre: 773
  - Binh Dinh: 774
  - Binh Duong: 774
  - Binh Phuoc: 774
  - Binh Thuan: 774
  - Ca Mau: 774
  - Cao Bang: 774
  - Dak Lak: 774
  - Dak Nong: 774
  - Dien Bien: 774
  - Dong Nai: 774
  - Dong Thap: 774
  - Gia Lai: 774
  - Ha Giang: 774
  - Ha Nam: 774
  - Ha Tinh: 774
  - Hai Duong: 774
  - Hau Giang: 774
  - Hoa Binh: 774
  - Hung Yen: 774
  - Khanh Hoa: 774
  - Kien Giang: 774
  - Kon Tum: 773
  - Lai Chau: 774
  - Lam Dong: 774
  - Lang Son: 773
  - Lao Cai: 774
  - Long An: 773
  - Nam Dinh: 773
  - Nghe An: 773
  - Ninh Binh: 773
  - Ninh Thuan: 773
  - Phu Tho: 773
  - Phu Yen: 773
  - Quang Binh: 773
  - Quang Nam: 773
  - Quang Ngai: 773
  - Quang Ninh: 773
  - Quang Tri: 773
  - Soc Trang: 773
  - Son La: 773
  - Tay Ninh: 773
  - Thai Binh: 773
  - Thai Nguyen: 773
  - Thanh Hoa: 773
  - Thua Thien Hue: 773
  - Tien Giang: 772
  - Tra Vinh: 773
  - Tuyen Quang: 773
  - Vinh Long: 773
  - Vinh Phuc: 773
  - Yen Bai: 772
[Bootstrap] Progress:
  - Hanoi: 776
  - Ho Chi Minh: 776
  - Hai Phong: 776
  - Da Nang: 775
  - Can Tho: 775
  - An Giang: 775
  - Ba Ria - Vung Tau: 775
  - Bac Giang: 775
  - Bac Kan: 775
  - Bac Lieu: 775
  - Bac Ninh: 775
  - Ben Tre: 774
  - Binh Dinh: 775
  - Binh Duong: 775
  - Binh Phuoc: 775
  - Binh Thuan: 775
  - Ca Mau: 775
  - Cao Bang: 775
  - Dak Lak: 775
  - Dak Nong: 775
  - Dien Bien: 775
  - Dong Nai: 775
  - Dong Thap: 775
  - Gia Lai: 775
  - Ha Giang: 775
  - Ha Nam: 775
  - Ha Tinh: 775
  - Hai Duong: 775
  - Hau Giang: 775
  - Hoa Binh: 775
  - Hung Yen: 775
  - Khanh Hoa: 775
  - Kien Giang: 775
  - Kon Tum: 774
  - Lai Chau: 775
  - Lam Dong: 775
  - Lang Son: 774
  - Lao Cai: 775
  - Long An: 774
  - Nam Dinh: 774
  - Nghe An: 774
  - Ninh Binh: 774
  - Ninh Thuan: 774
  - Phu Tho: 774
  - Phu Yen: 774
  - Quang Binh: 774
  - Quang Nam: 774
  - Quang Ngai: 774
  - Quang Ninh: 774
  - Quang Tri: 774
  - Soc Trang: 774
  - Son La: 774
  - Tay Ninh: 774
  - Thai Binh: 774
  - Thai Nguyen: 774
  - Thanh Hoa: 774
  - Thua Thien Hue: 774
  - Tien Giang: 773
  - Tra Vinh: 774
  - Tuyen Quang: 774
  - Vinh Long: 774
  - Vinh Phuc: 774
  - Yen Bai: 773
[Bootstrap] Progress:
  - Hanoi: 777
  - Ho Chi Minh: 777
  - Hai Phong: 777
  - Da Nang: 776
  - Can Tho: 776
  - An Giang: 776
  - Ba Ria - Vung Tau: 776
  - Bac Giang: 776
  - Bac Kan: 776
  - Bac Lieu: 776
  - Bac Ninh: 776
  - Ben Tre: 775
  - Binh Dinh: 776
  - Binh Duong: 776
  - Binh Phuoc: 776
  - Binh Thuan: 776
  - Ca Mau: 776
  - Cao Bang: 776
  - Dak Lak: 776
  - Dak Nong: 776
  - Dien Bien: 776
  - Dong Nai: 776
  - Dong Thap: 776
  - Gia Lai: 776
  - Ha Giang: 776
  - Ha Nam: 776
  - Ha Tinh: 776
  - Hai Duong: 776
  - Hau Giang: 776
  - Hoa Binh: 776
  - Hung Yen: 776
  - Khanh Hoa: 776
  - Kien Giang: 776
  - Kon Tum: 775
  - Lai Chau: 776
  - Lam Dong: 776
  - Lang Son: 775
  - Lao Cai: 776
  - Long An: 775
  - Nam Dinh: 775
  - Nghe An: 775
  - Ninh Binh: 775
  - Ninh Thuan: 775
  - Phu Tho: 775
  - Phu Yen: 775
  - Quang Binh: 775
  - Quang Nam: 775
  - Quang Ngai: 775
  - Quang Ninh: 775
  - Quang Tri: 775
  - Soc Trang: 775
  - Son La: 775
  - Tay Ninh: 775
  - Thai Binh: 775
  - Thai Nguyen: 775
  - Thanh Hoa: 775
  - Thua Thien Hue: 775
  - Tien Giang: 774
  - Tra Vinh: 775
  - Tuyen Quang: 775
  - Vinh Long: 775
  - Vinh Phuc: 775
  - Yen Bai: 774
[Bootstrap] Progress:
  - Hanoi: 778
  - Ho Chi Minh: 778
  - Hai Phong: 778
  - Da Nang: 777
  - Can Tho: 777
  - An Giang: 777
  - Ba Ria - Vung Tau: 777
  - Bac Giang: 777
  - Bac Kan: 777
  - Bac Lieu: 777
  - Bac Ninh: 777
  - Ben Tre: 776
  - Binh Dinh: 777
  - Binh Duong: 777
  - Binh Phuoc: 777
  - Binh Thuan: 777
  - Ca Mau: 777
  - Cao Bang: 777
  - Dak Lak: 777
  - Dak Nong: 777
  - Dien Bien: 777
  - Dong Nai: 777
  - Dong Thap: 777
  - Gia Lai: 777
  - Ha Giang: 777
  - Ha Nam: 777
  - Ha Tinh: 777
  - Hai Duong: 777
  - Hau Giang: 777
  - Hoa Binh: 777
  - Hung Yen: 777
  - Khanh Hoa: 777
  - Kien Giang: 777
  - Kon Tum: 776
  - Lai Chau: 777
  - Lam Dong: 777
  - Lang Son: 776
  - Lao Cai: 777
  - Long An: 776
  - Nam Dinh: 776
  - Nghe An: 776
  - Ninh Binh: 776
  - Ninh Thuan: 776
  - Phu Tho: 776
  - Phu Yen: 776
  - Quang Binh: 776
  - Quang Nam: 776
  - Quang Ngai: 776
  - Quang Ninh: 776
  - Quang Tri: 776
  - Soc Trang: 776
  - Son La: 776
  - Tay Ninh: 776
  - Thai Binh: 776
  - Thai Nguyen: 776
  - Thanh Hoa: 776
  - Thua Thien Hue: 776
  - Tien Giang: 775
  - Tra Vinh: 776
  - Tuyen Quang: 776
  - Vinh Long: 776
  - Vinh Phuc: 776
  - Yen Bai: 775
[Bootstrap] Progress:
  - Hanoi: 779
  - Ho Chi Minh: 779
  - Hai Phong: 779
  - Da Nang: 778
  - Can Tho: 778
  - An Giang: 778
  - Ba Ria - Vung Tau: 778
  - Bac Giang: 778
  - Bac Kan: 778
  - Bac Lieu: 778
  - Bac Ninh: 778
  - Ben Tre: 777
  - Binh Dinh: 778
  - Binh Duong: 778
  - Binh Phuoc: 778
  - Binh Thuan: 778
  - Ca Mau: 778
  - Cao Bang: 778
  - Dak Lak: 778
  - Dak Nong: 778
  - Dien Bien: 778
  - Dong Nai: 778
  - Dong Thap: 778
  - Gia Lai: 778
  - Ha Giang: 778
  - Ha Nam: 778
  - Ha Tinh: 778
  - Hai Duong: 778
  - Hau Giang: 778
  - Hoa Binh: 778
  - Hung Yen: 778
  - Khanh Hoa: 778
  - Kien Giang: 778
  - Kon Tum: 777
  - Lai Chau: 778
  - Lam Dong: 778
  - Lang Son: 777
  - Lao Cai: 778
  - Long An: 777
  - Nam Dinh: 777
  - Nghe An: 777
  - Ninh Binh: 777
  - Ninh Thuan: 777
  - Phu Tho: 777
  - Phu Yen: 777
  - Quang Binh: 777
  - Quang Nam: 777
  - Quang Ngai: 777
  - Quang Ninh: 777
  - Quang Tri: 777
  - Soc Trang: 777
  - Son La: 777
  - Tay Ninh: 777
  - Thai Binh: 777
  - Thai Nguyen: 777
  - Thanh Hoa: 777
  - Thua Thien Hue: 777
  - Tien Giang: 776
  - Tra Vinh: 777
  - Tuyen Quang: 777
  - Vinh Long: 777
  - Vinh Phuc: 777
  - Yen Bai: 776
[Bootstrap] Progress:
  - Hanoi: 780
  - Ho Chi Minh: 780
  - Hai Phong: 780
  - Da Nang: 779
  - Can Tho: 779
  - An Giang: 779
  - Ba Ria - Vung Tau: 779
  - Bac Giang: 779
  - Bac Kan: 779
  - Bac Lieu: 779
  - Bac Ninh: 779
  - Ben Tre: 778
  - Binh Dinh: 779
  - Binh Duong: 779
  - Binh Phuoc: 779
  - Binh Thuan: 779
  - Ca Mau: 779
  - Cao Bang: 779
  - Dak Lak: 779
  - Dak Nong: 779
  - Dien Bien: 779
  - Dong Nai: 779
  - Dong Thap: 779
  - Gia Lai: 779
  - Ha Giang: 779
  - Ha Nam: 779
  - Ha Tinh: 779
  - Hai Duong: 779
  - Hau Giang: 779
  - Hoa Binh: 779
  - Hung Yen: 779
  - Khanh Hoa: 779
  - Kien Giang: 779
  - Kon Tum: 778
  - Lai Chau: 779
  - Lam Dong: 779
  - Lang Son: 778
  - Lao Cai: 779
  - Long An: 778
  - Nam Dinh: 778
  - Nghe An: 778
  - Ninh Binh: 778
  - Ninh Thuan: 778
  - Phu Tho: 778
  - Phu Yen: 778
  - Quang Binh: 778
  - Quang Nam: 778
  - Quang Ngai: 778
  - Quang Ninh: 778
  - Quang Tri: 778
  - Soc Trang: 778
  - Son La: 778
  - Tay Ninh: 778
  - Thai Binh: 778
  - Thai Nguyen: 778
  - Thanh Hoa: 778
  - Thua Thien Hue: 778
  - Tien Giang: 777
  - Tra Vinh: 778
  - Tuyen Quang: 778
  - Vinh Long: 778
  - Vinh Phuc: 778
  - Yen Bai: 777
[Bootstrap] Progress:
  - Hanoi: 783
  - Ho Chi Minh: 783
  - Hai Phong: 783
  - Da Nang: 782
  - Can Tho: 782
  - An Giang: 782
  - Ba Ria - Vung Tau: 782
  - Bac Giang: 782
  - Bac Kan: 782
  - Bac Lieu: 782
  - Bac Ninh: 781
  - Ben Tre: 780
  - Binh Dinh: 781
  - Binh Duong: 781
  - Binh Phuoc: 781
  - Binh Thuan: 781
  - Ca Mau: 781
  - Cao Bang: 781
  - Dak Lak: 781
  - Dak Nong: 781
  - Dien Bien: 781
  - Dong Nai: 781
  - Dong Thap: 781
  - Gia Lai: 781
  - Ha Giang: 781
  - Ha Nam: 781
  - Ha Tinh: 781
  - Hai Duong: 780
  - Hau Giang: 780
  - Hoa Binh: 780
  - Hung Yen: 780
  - Khanh Hoa: 780
  - Kien Giang: 780
  - Kon Tum: 779
  - Lai Chau: 780
  - Lam Dong: 780
  - Lang Son: 779
  - Lao Cai: 780
  - Long An: 779
  - Nam Dinh: 779
  - Nghe An: 779
  - Ninh Binh: 779
  - Ninh Thuan: 779
  - Phu Tho: 779
  - Phu Yen: 779
  - Quang Binh: 779
  - Quang Nam: 779
  - Quang Ngai: 779
  - Quang Ninh: 779
  - Quang Tri: 779
  - Soc Trang: 779
  - Son La: 779
  - Tay Ninh: 779
  - Thai Binh: 779
  - Thai Nguyen: 779
  - Thanh Hoa: 779
  - Thua Thien Hue: 779
  - Tien Giang: 778
  - Tra Vinh: 779
  - Tuyen Quang: 779
  - Vinh Long: 779
  - Vinh Phuc: 779
  - Yen Bai: 778
[Bootstrap] Progress:
  - Hanoi: 784
  - Ho Chi Minh: 784
  - Hai Phong: 784
  - Da Nang: 783
  - Can Tho: 783
  - An Giang: 783
  - Ba Ria - Vung Tau: 783
  - Bac Giang: 783
  - Bac Kan: 783
  - Bac Lieu: 783
  - Bac Ninh: 783
  - Ben Tre: 782
  - Binh Dinh: 783
  - Binh Duong: 783
  - Binh Phuoc: 783
  - Binh Thuan: 783
  - Ca Mau: 783
  - Cao Bang: 783
  - Dak Lak: 783
  - Dak Nong: 783
  - Dien Bien: 783
  - Dong Nai: 783
  - Dong Thap: 783
  - Gia Lai: 783
  - Ha Giang: 783
  - Ha Nam: 783
  - Ha Tinh: 783
  - Hai Duong: 783
  - Hau Giang: 783
  - Hoa Binh: 783
  - Hung Yen: 783
  - Khanh Hoa: 783
  - Kien Giang: 783
  - Kon Tum: 782
  - Lai Chau: 783
  - Lam Dong: 783
  - Lang Son: 782
  - Lao Cai: 783
  - Long An: 782
  - Nam Dinh: 782
  - Nghe An: 782
  - Ninh Binh: 782
  - Ninh Thuan: 782
  - Phu Tho: 782
  - Phu Yen: 782
  - Quang Binh: 782
  - Quang Nam: 782
  - Quang Ngai: 782
  - Quang Ninh: 782
  - Quang Tri: 782
  - Soc Trang: 782
  - Son La: 782
  - Tay Ninh: 782
  - Thai Binh: 782
  - Thai Nguyen: 782
  - Thanh Hoa: 782
  - Thua Thien Hue: 782
  - Tien Giang: 781
  - Tra Vinh: 782
  - Tuyen Quang: 782
  - Vinh Long: 782
  - Vinh Phuc: 782
  - Yen Bai: 781
[Bootstrap] Progress:
  - Hanoi: 785
  - Ho Chi Minh: 785
  - Hai Phong: 785
  - Da Nang: 784
  - Can Tho: 784
  - An Giang: 784
  - Ba Ria - Vung Tau: 784
  - Bac Giang: 784
  - Bac Kan: 784
  - Bac Lieu: 784
  - Bac Ninh: 784
  - Ben Tre: 783
  - Binh Dinh: 784
  - Binh Duong: 784
  - Binh Phuoc: 784
  - Binh Thuan: 784
  - Ca Mau: 784
  - Cao Bang: 784
  - Dak Lak: 784
  - Dak Nong: 784
  - Dien Bien: 784
  - Dong Nai: 784
  - Dong Thap: 784
  - Gia Lai: 784
  - Ha Giang: 784
  - Ha Nam: 784
  - Ha Tinh: 784
  - Hai Duong: 784
  - Hau Giang: 784
  - Hoa Binh: 784
  - Hung Yen: 784
  - Khanh Hoa: 784
  - Kien Giang: 784
  - Kon Tum: 783
  - Lai Chau: 784
  - Lam Dong: 784
  - Lang Son: 783
  - Lao Cai: 784
  - Long An: 783
  - Nam Dinh: 783
  - Nghe An: 783
  - Ninh Binh: 783
  - Ninh Thuan: 783
  - Phu Tho: 783
  - Phu Yen: 783
  - Quang Binh: 783
  - Quang Nam: 783
  - Quang Ngai: 783
  - Quang Ninh: 783
  - Quang Tri: 783
  - Soc Trang: 783
  - Son La: 783
  - Tay Ninh: 783
  - Thai Binh: 783
  - Thai Nguyen: 783
  - Thanh Hoa: 783
  - Thua Thien Hue: 783
  - Tien Giang: 782
  - Tra Vinh: 783
  - Tuyen Quang: 783
  - Vinh Long: 783
  - Vinh Phuc: 783
  - Yen Bai: 782
[Bootstrap] Progress:
  - Hanoi: 786
  - Ho Chi Minh: 786
  - Hai Phong: 786
  - Da Nang: 785
  - Can Tho: 785
  - An Giang: 785
  - Ba Ria - Vung Tau: 785
  - Bac Giang: 785
  - Bac Kan: 785
  - Bac Lieu: 785
  - Bac Ninh: 785
  - Ben Tre: 784
  - Binh Dinh: 785
  - Binh Duong: 785
  - Binh Phuoc: 785
  - Binh Thuan: 785
  - Ca Mau: 785
  - Cao Bang: 785
  - Dak Lak: 785
  - Dak Nong: 785
  - Dien Bien: 785
  - Dong Nai: 785
  - Dong Thap: 785
  - Gia Lai: 785
  - Ha Giang: 785
  - Ha Nam: 785
  - Ha Tinh: 785
  - Hai Duong: 785
  - Hau Giang: 785
  - Hoa Binh: 785
  - Hung Yen: 785
  - Khanh Hoa: 785
  - Kien Giang: 785
  - Kon Tum: 784
  - Lai Chau: 785
  - Lam Dong: 785
  - Lang Son: 784
  - Lao Cai: 785
  - Long An: 784
  - Nam Dinh: 784
  - Nghe An: 784
  - Ninh Binh: 784
  - Ninh Thuan: 784
  - Phu Tho: 784
  - Phu Yen: 784
  - Quang Binh: 784
  - Quang Nam: 784
  - Quang Ngai: 784
  - Quang Ninh: 784
  - Quang Tri: 784
  - Soc Trang: 784
  - Son La: 784
  - Tay Ninh: 784
  - Thai Binh: 784
  - Thai Nguyen: 784
  - Thanh Hoa: 784
  - Thua Thien Hue: 784
  - Tien Giang: 783
  - Tra Vinh: 784
  - Tuyen Quang: 784
  - Vinh Long: 784
  - Vinh Phuc: 784
  - Yen Bai: 783
[Bootstrap] Progress:
  - Hanoi: 787
  - Ho Chi Minh: 787
  - Hai Phong: 787
  - Da Nang: 786
  - Can Tho: 786
  - An Giang: 786
  - Ba Ria - Vung Tau: 786
  - Bac Giang: 786
  - Bac Kan: 786
  - Bac Lieu: 786
  - Bac Ninh: 786
  - Ben Tre: 785
  - Binh Dinh: 786
  - Binh Duong: 786
  - Binh Phuoc: 786
  - Binh Thuan: 786
  - Ca Mau: 786
  - Cao Bang: 786
  - Dak Lak: 786
  - Dak Nong: 786
  - Dien Bien: 786
  - Dong Nai: 786
  - Dong Thap: 786
  - Gia Lai: 786
  - Ha Giang: 786
  - Ha Nam: 786
  - Ha Tinh: 786
  - Hai Duong: 786
  - Hau Giang: 786
  - Hoa Binh: 786
  - Hung Yen: 786
  - Khanh Hoa: 786
  - Kien Giang: 786
  - Kon Tum: 785
  - Lai Chau: 786
  - Lam Dong: 786
  - Lang Son: 785
  - Lao Cai: 786
  - Long An: 785
  - Nam Dinh: 785
  - Nghe An: 785
  - Ninh Binh: 785
  - Ninh Thuan: 785
  - Phu Tho: 785
  - Phu Yen: 785
  - Quang Binh: 785
  - Quang Nam: 785
  - Quang Ngai: 785
  - Quang Ninh: 785
  - Quang Tri: 785
  - Soc Trang: 785
  - Son La: 785
  - Tay Ninh: 785
  - Thai Binh: 785
  - Thai Nguyen: 785
  - Thanh Hoa: 785
  - Thua Thien Hue: 785
  - Tien Giang: 784
  - Tra Vinh: 785
  - Tuyen Quang: 785
  - Vinh Long: 785
  - Vinh Phuc: 785
  - Yen Bai: 784
[Bootstrap] Progress:
  - Hanoi: 788
  - Ho Chi Minh: 788
  - Hai Phong: 788
  - Da Nang: 787
  - Can Tho: 787
  - An Giang: 787
  - Ba Ria - Vung Tau: 787
  - Bac Giang: 787
  - Bac Kan: 787
  - Bac Lieu: 787
  - Bac Ninh: 787
  - Ben Tre: 786
  - Binh Dinh: 787
  - Binh Duong: 787
  - Binh Phuoc: 787
  - Binh Thuan: 787
  - Ca Mau: 787
  - Cao Bang: 787
  - Dak Lak: 787
  - Dak Nong: 787
  - Dien Bien: 787
  - Dong Nai: 787
  - Dong Thap: 787
  - Gia Lai: 787
  - Ha Giang: 787
  - Ha Nam: 787
  - Ha Tinh: 787
  - Hai Duong: 787
  - Hau Giang: 787
  - Hoa Binh: 787
  - Hung Yen: 787
  - Khanh Hoa: 787
  - Kien Giang: 787
  - Kon Tum: 786
  - Lai Chau: 787
  - Lam Dong: 787
  - Lang Son: 786
  - Lao Cai: 787
  - Long An: 786
  - Nam Dinh: 786
  - Nghe An: 786
  - Ninh Binh: 786
  - Ninh Thuan: 786
  - Phu Tho: 786
  - Phu Yen: 786
  - Quang Binh: 786
  - Quang Nam: 786
  - Quang Ngai: 786
  - Quang Ninh: 786
  - Quang Tri: 786
  - Soc Trang: 786
  - Son La: 786
  - Tay Ninh: 786
  - Thai Binh: 786
  - Thai Nguyen: 786
  - Thanh Hoa: 786
  - Thua Thien Hue: 786
  - Tien Giang: 785
  - Tra Vinh: 786
  - Tuyen Quang: 786
  - Vinh Long: 786
  - Vinh Phuc: 786
  - Yen Bai: 785
[Bootstrap] Progress:
  - Hanoi: 789
  - Ho Chi Minh: 789
  - Hai Phong: 789
  - Da Nang: 788
  - Can Tho: 788
  - An Giang: 788
  - Ba Ria - Vung Tau: 788
  - Bac Giang: 788
  - Bac Kan: 788
  - Bac Lieu: 788
  - Bac Ninh: 788
  - Ben Tre: 787
  - Binh Dinh: 788
  - Binh Duong: 788
  - Binh Phuoc: 788
  - Binh Thuan: 788
  - Ca Mau: 788
  - Cao Bang: 788
  - Dak Lak: 788
  - Dak Nong: 788
  - Dien Bien: 788
  - Dong Nai: 788
  - Dong Thap: 788
  - Gia Lai: 788
  - Ha Giang: 788
  - Ha Nam: 788
  - Ha Tinh: 788
  - Hai Duong: 788
  - Hau Giang: 788
  - Hoa Binh: 788
  - Hung Yen: 788
  - Khanh Hoa: 788
  - Kien Giang: 788
  - Kon Tum: 787
  - Lai Chau: 788
  - Lam Dong: 788
  - Lang Son: 787
  - Lao Cai: 788
  - Long An: 787
  - Nam Dinh: 787
  - Nghe An: 787
  - Ninh Binh: 787
  - Ninh Thuan: 787
  - Phu Tho: 787
  - Phu Yen: 787
  - Quang Binh: 787
  - Quang Nam: 787
  - Quang Ngai: 787
  - Quang Ninh: 787
  - Quang Tri: 787
  - Soc Trang: 787
  - Son La: 787
  - Tay Ninh: 787
  - Thai Binh: 787
  - Thai Nguyen: 787
  - Thanh Hoa: 787
  - Thua Thien Hue: 787
  - Tien Giang: 786
  - Tra Vinh: 787
  - Tuyen Quang: 787
  - Vinh Long: 787
  - Vinh Phuc: 787
  - Yen Bai: 786
[Bootstrap] Progress:
  - Hanoi: 790
  - Ho Chi Minh: 790
  - Hai Phong: 790
  - Da Nang: 789
  - Can Tho: 789
  - An Giang: 789
  - Ba Ria - Vung Tau: 789
  - Bac Giang: 789
  - Bac Kan: 789
  - Bac Lieu: 789
  - Bac Ninh: 789
  - Ben Tre: 788
  - Binh Dinh: 789
  - Binh Duong: 789
  - Binh Phuoc: 789
  - Binh Thuan: 789
  - Ca Mau: 789
  - Cao Bang: 789
  - Dak Lak: 789
  - Dak Nong: 789
  - Dien Bien: 789
  - Dong Nai: 789
  - Dong Thap: 789
  - Gia Lai: 789
  - Ha Giang: 789
  - Ha Nam: 789
  - Ha Tinh: 789
  - Hai Duong: 789
  - Hau Giang: 789
  - Hoa Binh: 789
  - Hung Yen: 789
  - Khanh Hoa: 789
  - Kien Giang: 789
  - Kon Tum: 788
  - Lai Chau: 789
  - Lam Dong: 789
  - Lang Son: 788
  - Lao Cai: 789
  - Long An: 788
  - Nam Dinh: 788
  - Nghe An: 788
  - Ninh Binh: 788
  - Ninh Thuan: 788
  - Phu Tho: 788
  - Phu Yen: 788
  - Quang Binh: 788
  - Quang Nam: 788
  - Quang Ngai: 788
  - Quang Ninh: 788
  - Quang Tri: 788
  - Soc Trang: 788
  - Son La: 788
  - Tay Ninh: 788
  - Thai Binh: 788
  - Thai Nguyen: 788
  - Thanh Hoa: 788
  - Thua Thien Hue: 788
  - Tien Giang: 787
  - Tra Vinh: 788
  - Tuyen Quang: 788
  - Vinh Long: 788
  - Vinh Phuc: 788
  - Yen Bai: 787
[Bootstrap] Progress:
  - Hanoi: 791
  - Ho Chi Minh: 791
  - Hai Phong: 791
  - Da Nang: 790
  - Can Tho: 790
  - An Giang: 790
  - Ba Ria - Vung Tau: 790
  - Bac Giang: 790
  - Bac Kan: 790
  - Bac Lieu: 790
  - Bac Ninh: 790
  - Ben Tre: 789
  - Binh Dinh: 790
  - Binh Duong: 790
  - Binh Phuoc: 790
  - Binh Thuan: 790
  - Ca Mau: 790
  - Cao Bang: 790
  - Dak Lak: 790
  - Dak Nong: 790
  - Dien Bien: 790
  - Dong Nai: 790
  - Dong Thap: 790
  - Gia Lai: 790
  - Ha Giang: 790
  - Ha Nam: 790
  - Ha Tinh: 790
  - Hai Duong: 790
  - Hau Giang: 790
  - Hoa Binh: 790
  - Hung Yen: 790
  - Khanh Hoa: 790
  - Kien Giang: 790
  - Kon Tum: 789
  - Lai Chau: 790
  - Lam Dong: 790
  - Lang Son: 789
  - Lao Cai: 790
  - Long An: 789
  - Nam Dinh: 789
  - Nghe An: 789
  - Ninh Binh: 789
  - Ninh Thuan: 789
  - Phu Tho: 789
  - Phu Yen: 789
  - Quang Binh: 789
  - Quang Nam: 789
  - Quang Ngai: 789
  - Quang Ninh: 789
  - Quang Tri: 789
  - Soc Trang: 789
  - Son La: 789
  - Tay Ninh: 789
  - Thai Binh: 789
  - Thai Nguyen: 789
  - Thanh Hoa: 789
  - Thua Thien Hue: 789
  - Tien Giang: 788
  - Tra Vinh: 789
  - Tuyen Quang: 789
  - Vinh Long: 789
  - Vinh Phuc: 789
  - Yen Bai: 788
[Bootstrap] Progress:
  - Hanoi: 792
  - Ho Chi Minh: 792
  - Hai Phong: 792
  - Da Nang: 791
  - Can Tho: 791
  - An Giang: 791
  - Ba Ria - Vung Tau: 791
  - Bac Giang: 791
  - Bac Kan: 791
  - Bac Lieu: 791
  - Bac Ninh: 791
  - Ben Tre: 790
  - Binh Dinh: 791
  - Binh Duong: 791
  - Binh Phuoc: 791
  - Binh Thuan: 791
  - Ca Mau: 791
  - Cao Bang: 791
  - Dak Lak: 791
  - Dak Nong: 791
  - Dien Bien: 791
  - Dong Nai: 791
  - Dong Thap: 791
  - Gia Lai: 791
  - Ha Giang: 791
  - Ha Nam: 791
  - Ha Tinh: 791
  - Hai Duong: 791
  - Hau Giang: 791
  - Hoa Binh: 791
  - Hung Yen: 791
  - Khanh Hoa: 791
  - Kien Giang: 791
  - Kon Tum: 790
  - Lai Chau: 791
  - Lam Dong: 791
  - Lang Son: 790
  - Lao Cai: 791
  - Long An: 790
  - Nam Dinh: 790
  - Nghe An: 790
  - Ninh Binh: 790
  - Ninh Thuan: 790
  - Phu Tho: 790
  - Phu Yen: 790
  - Quang Binh: 790
  - Quang Nam: 790
  - Quang Ngai: 790
  - Quang Ninh: 790
  - Quang Tri: 790
  - Soc Trang: 790
  - Son La: 790
  - Tay Ninh: 790
  - Thai Binh: 790
  - Thai Nguyen: 790
  - Thanh Hoa: 790
  - Thua Thien Hue: 790
  - Tien Giang: 789
  - Tra Vinh: 790
  - Tuyen Quang: 790
  - Vinh Long: 790
  - Vinh Phuc: 790
  - Yen Bai: 789
[Bootstrap] Progress:
  - Hanoi: 793
  - Ho Chi Minh: 793
  - Hai Phong: 793
  - Da Nang: 792
  - Can Tho: 792
  - An Giang: 792
  - Ba Ria - Vung Tau: 792
  - Bac Giang: 792
  - Bac Kan: 792
  - Bac Lieu: 792
  - Bac Ninh: 792
  - Ben Tre: 791
  - Binh Dinh: 792
  - Binh Duong: 792
  - Binh Phuoc: 792
  - Binh Thuan: 792
  - Ca Mau: 792
  - Cao Bang: 792
  - Dak Lak: 792
  - Dak Nong: 792
  - Dien Bien: 792
  - Dong Nai: 792
  - Dong Thap: 792
  - Gia Lai: 792
  - Ha Giang: 792
  - Ha Nam: 792
  - Ha Tinh: 792
  - Hai Duong: 792
  - Hau Giang: 792
  - Hoa Binh: 792
  - Hung Yen: 792
  - Khanh Hoa: 792
  - Kien Giang: 792
  - Kon Tum: 791
  - Lai Chau: 792
  - Lam Dong: 792
  - Lang Son: 791
  - Lao Cai: 792
  - Long An: 791
  - Nam Dinh: 791
  - Nghe An: 791
  - Ninh Binh: 791
  - Ninh Thuan: 791
  - Phu Tho: 791
  - Phu Yen: 791
  - Quang Binh: 791
  - Quang Nam: 791
  - Quang Ngai: 791
  - Quang Ninh: 791
  - Quang Tri: 791
  - Soc Trang: 791
  - Son La: 791
  - Tay Ninh: 791
  - Thai Binh: 791
  - Thai Nguyen: 791
  - Thanh Hoa: 791
  - Thua Thien Hue: 791
  - Tien Giang: 790
  - Tra Vinh: 791
  - Tuyen Quang: 791
  - Vinh Long: 791
  - Vinh Phuc: 791
  - Yen Bai: 790
[Bootstrap] Progress:
  - Hanoi: 794
  - Ho Chi Minh: 794
  - Hai Phong: 794
  - Da Nang: 793
  - Can Tho: 793
  - An Giang: 793
  - Ba Ria - Vung Tau: 793
  - Bac Giang: 793
  - Bac Kan: 793
  - Bac Lieu: 793
  - Bac Ninh: 793
  - Ben Tre: 792
  - Binh Dinh: 793
  - Binh Duong: 793
  - Binh Phuoc: 793
  - Binh Thuan: 793
  - Ca Mau: 793
  - Cao Bang: 793
  - Dak Lak: 793
  - Dak Nong: 793
  - Dien Bien: 793
  - Dong Nai: 793
  - Dong Thap: 793
  - Gia Lai: 793
  - Ha Giang: 793
  - Ha Nam: 793
  - Ha Tinh: 793
  - Hai Duong: 793
  - Hau Giang: 793
  - Hoa Binh: 793
  - Hung Yen: 793
  - Khanh Hoa: 793
  - Kien Giang: 793
  - Kon Tum: 792
  - Lai Chau: 793
  - Lam Dong: 793
  - Lang Son: 792
  - Lao Cai: 793
  - Long An: 792
  - Nam Dinh: 792
  - Nghe An: 792
  - Ninh Binh: 792
  - Ninh Thuan: 792
  - Phu Tho: 792
  - Phu Yen: 792
  - Quang Binh: 792
  - Quang Nam: 792
  - Quang Ngai: 792
  - Quang Ninh: 792
  - Quang Tri: 792
  - Soc Trang: 792
  - Son La: 792
  - Tay Ninh: 792
  - Thai Binh: 792
  - Thai Nguyen: 792
  - Thanh Hoa: 792
  - Thua Thien Hue: 792
  - Tien Giang: 791
  - Tra Vinh: 792
  - Tuyen Quang: 792
  - Vinh Long: 792
  - Vinh Phuc: 792
  - Yen Bai: 791
[Bootstrap] Progress:
  - Hanoi: 797
  - Ho Chi Minh: 797
  - Hai Phong: 797
  - Da Nang: 796
  - Can Tho: 796
  - An Giang: 796
  - Ba Ria - Vung Tau: 796
  - Bac Giang: 796
  - Bac Kan: 796
  - Bac Lieu: 796
  - Bac Ninh: 796
  - Ben Tre: 795
  - Binh Dinh: 796
  - Binh Duong: 796
  - Binh Phuoc: 796
  - Binh Thuan: 796
  - Ca Mau: 796
  - Cao Bang: 796
  - Dak Lak: 796
  - Dak Nong: 796
  - Dien Bien: 796
  - Dong Nai: 796
  - Dong Thap: 795
  - Gia Lai: 795
  - Ha Giang: 795
  - Ha Nam: 795
  - Ha Tinh: 795
  - Hai Duong: 795
  - Hau Giang: 795
  - Hoa Binh: 795
  - Hung Yen: 795
  - Khanh Hoa: 795
  - Kien Giang: 794
  - Kon Tum: 793
  - Lai Chau: 794
  - Lam Dong: 794
  - Lang Son: 793
  - Lao Cai: 794
  - Long An: 793
  - Nam Dinh: 793
  - Nghe An: 793
  - Ninh Binh: 793
  - Ninh Thuan: 793
  - Phu Tho: 793
  - Phu Yen: 793
  - Quang Binh: 793
  - Quang Nam: 793
  - Quang Ngai: 793
  - Quang Ninh: 793
  - Quang Tri: 793
  - Soc Trang: 793
  - Son La: 793
  - Tay Ninh: 793
  - Thai Binh: 793
  - Thai Nguyen: 793
  - Thanh Hoa: 793
  - Thua Thien Hue: 793
  - Tien Giang: 792
  - Tra Vinh: 793
  - Tuyen Quang: 793
  - Vinh Long: 793
  - Vinh Phuc: 793
  - Yen Bai: 792
[Bootstrap] Progress:
  - Hanoi: 798
  - Ho Chi Minh: 798
  - Hai Phong: 798
  - Da Nang: 797
  - Can Tho: 797
  - An Giang: 797
  - Ba Ria - Vung Tau: 797
  - Bac Giang: 797
  - Bac Kan: 797
  - Bac Lieu: 797
  - Bac Ninh: 797
  - Ben Tre: 796
  - Binh Dinh: 797
  - Binh Duong: 797
  - Binh Phuoc: 797
  - Binh Thuan: 797
  - Ca Mau: 797
  - Cao Bang: 797
  - Dak Lak: 797
  - Dak Nong: 797
  - Dien Bien: 797
  - Dong Nai: 797
  - Dong Thap: 797
  - Gia Lai: 797
  - Ha Giang: 797
  - Ha Nam: 797
  - Ha Tinh: 797
  - Hai Duong: 797
  - Hau Giang: 797
  - Hoa Binh: 797
  - Hung Yen: 797
  - Khanh Hoa: 797
  - Kien Giang: 797
  - Kon Tum: 796
  - Lai Chau: 797
  - Lam Dong: 797
  - Lang Son: 796
  - Lao Cai: 797
  - Long An: 796
  - Nam Dinh: 796
  - Nghe An: 796
  - Ninh Binh: 796
  - Ninh Thuan: 796
  - Phu Tho: 796
  - Phu Yen: 796
  - Quang Binh: 796
  - Quang Nam: 796
  - Quang Ngai: 796
  - Quang Ninh: 796
  - Quang Tri: 796
  - Soc Trang: 796
  - Son La: 796
  - Tay Ninh: 796
  - Thai Binh: 796
  - Thai Nguyen: 796
  - Thanh Hoa: 796
  - Thua Thien Hue: 796
  - Tien Giang: 795
  - Tra Vinh: 796
  - Tuyen Quang: 796
  - Vinh Long: 796
  - Vinh Phuc: 796
  - Yen Bai: 795
[Bootstrap] Progress:
  - Hanoi: 799
  - Ho Chi Minh: 799
  - Hai Phong: 799
  - Da Nang: 798
  - Can Tho: 798
  - An Giang: 798
  - Ba Ria - Vung Tau: 798
  - Bac Giang: 798
  - Bac Kan: 798
  - Bac Lieu: 798
  - Bac Ninh: 798
  - Ben Tre: 797
  - Binh Dinh: 798
  - Binh Duong: 798
  - Binh Phuoc: 798
  - Binh Thuan: 798
  - Ca Mau: 798
  - Cao Bang: 798
  - Dak Lak: 798
  - Dak Nong: 798
  - Dien Bien: 798
  - Dong Nai: 798
  - Dong Thap: 798
  - Gia Lai: 798
  - Ha Giang: 798
  - Ha Nam: 798
  - Ha Tinh: 798
  - Hai Duong: 798
  - Hau Giang: 798
  - Hoa Binh: 798
  - Hung Yen: 798
  - Khanh Hoa: 798
  - Kien Giang: 798
  - Kon Tum: 797
  - Lai Chau: 798
  - Lam Dong: 798
  - Lang Son: 797
  - Lao Cai: 798
  - Long An: 797
  - Nam Dinh: 797
  - Nghe An: 797
  - Ninh Binh: 797
  - Ninh Thuan: 797
  - Phu Tho: 797
  - Phu Yen: 797
  - Quang Binh: 797
  - Quang Nam: 797
  - Quang Ngai: 797
  - Quang Ninh: 797
  - Quang Tri: 797
  - Soc Trang: 797
  - Son La: 797
  - Tay Ninh: 797
  - Thai Binh: 797
  - Thai Nguyen: 797
  - Thanh Hoa: 797
  - Thua Thien Hue: 797
  - Tien Giang: 796
  - Tra Vinh: 797
  - Tuyen Quang: 797
  - Vinh Long: 797
  - Vinh Phuc: 797
  - Yen Bai: 796
[Bootstrap] Progress:
  - Hanoi: 800
  - Ho Chi Minh: 800
  - Hai Phong: 800
  - Da Nang: 799
  - Can Tho: 799
  - An Giang: 799
  - Ba Ria - Vung Tau: 799
  - Bac Giang: 799
  - Bac Kan: 799
  - Bac Lieu: 799
  - Bac Ninh: 799
  - Ben Tre: 798
  - Binh Dinh: 799
  - Binh Duong: 799
  - Binh Phuoc: 799
  - Binh Thuan: 799
  - Ca Mau: 799
  - Cao Bang: 799
  - Dak Lak: 799
  - Dak Nong: 799
  - Dien Bien: 799
  - Dong Nai: 799
  - Dong Thap: 799
  - Gia Lai: 799
  - Ha Giang: 799
  - Ha Nam: 799
  - Ha Tinh: 799
  - Hai Duong: 799
  - Hau Giang: 799
  - Hoa Binh: 799
  - Hung Yen: 799
  - Khanh Hoa: 799
  - Kien Giang: 799
  - Kon Tum: 798
  - Lai Chau: 799
  - Lam Dong: 799
  - Lang Son: 798
  - Lao Cai: 799
  - Long An: 798
  - Nam Dinh: 798
  - Nghe An: 798
  - Ninh Binh: 798
  - Ninh Thuan: 798
  - Phu Tho: 798
  - Phu Yen: 798
  - Quang Binh: 798
  - Quang Nam: 798
  - Quang Ngai: 798
  - Quang Ninh: 798
  - Quang Tri: 798
  - Soc Trang: 798
  - Son La: 798
  - Tay Ninh: 798
  - Thai Binh: 798
  - Thai Nguyen: 798
  - Thanh Hoa: 798
  - Thua Thien Hue: 798
  - Tien Giang: 797
  - Tra Vinh: 798
  - Tuyen Quang: 798
  - Vinh Long: 798
  - Vinh Phuc: 798
  - Yen Bai: 797
[Bootstrap] Progress:
  - Hanoi: 801
  - Ho Chi Minh: 801
  - Hai Phong: 801
  - Da Nang: 800
  - Can Tho: 800
  - An Giang: 800
  - Ba Ria - Vung Tau: 800
  - Bac Giang: 800
  - Bac Kan: 800
  - Bac Lieu: 800
  - Bac Ninh: 800
  - Ben Tre: 799
  - Binh Dinh: 800
  - Binh Duong: 800
  - Binh Phuoc: 800
  - Binh Thuan: 800
  - Ca Mau: 800
  - Cao Bang: 800
  - Dak Lak: 800
  - Dak Nong: 800
  - Dien Bien: 800
  - Dong Nai: 800
  - Dong Thap: 800
  - Gia Lai: 800
  - Ha Giang: 800
  - Ha Nam: 800
  - Ha Tinh: 800
  - Hai Duong: 800
  - Hau Giang: 800
  - Hoa Binh: 800
  - Hung Yen: 800
  - Khanh Hoa: 800
  - Kien Giang: 800
  - Kon Tum: 799
  - Lai Chau: 800
  - Lam Dong: 800
  - Lang Son: 799
  - Lao Cai: 800
  - Long An: 799
  - Nam Dinh: 799
  - Nghe An: 799
  - Ninh Binh: 799
  - Ninh Thuan: 799
  - Phu Tho: 799
  - Phu Yen: 799
  - Quang Binh: 799
  - Quang Nam: 799
  - Quang Ngai: 799
  - Quang Ninh: 799
  - Quang Tri: 799
  - Soc Trang: 799
  - Son La: 799
  - Tay Ninh: 799
  - Thai Binh: 799
  - Thai Nguyen: 799
  - Thanh Hoa: 799
  - Thua Thien Hue: 799
  - Tien Giang: 798
  - Tra Vinh: 799
  - Tuyen Quang: 799
  - Vinh Long: 799
  - Vinh Phuc: 799
  - Yen Bai: 798
[Bootstrap] Progress:
  - Hanoi: 802
  - Ho Chi Minh: 802
  - Hai Phong: 802
  - Da Nang: 801
  - Can Tho: 801
  - An Giang: 801
  - Ba Ria - Vung Tau: 801
  - Bac Giang: 801
  - Bac Kan: 801
  - Bac Lieu: 801
  - Bac Ninh: 801
  - Ben Tre: 800
  - Binh Dinh: 801
  - Binh Duong: 801
  - Binh Phuoc: 801
  - Binh Thuan: 801
  - Ca Mau: 801
  - Cao Bang: 801
  - Dak Lak: 801
  - Dak Nong: 801
  - Dien Bien: 801
  - Dong Nai: 801
  - Dong Thap: 801
  - Gia Lai: 801
  - Ha Giang: 801
  - Ha Nam: 801
  - Ha Tinh: 801
  - Hai Duong: 801
  - Hau Giang: 801
  - Hoa Binh: 801
  - Hung Yen: 801
  - Khanh Hoa: 801
  - Kien Giang: 801
  - Kon Tum: 800
  - Lai Chau: 801
  - Lam Dong: 801
  - Lang Son: 800
  - Lao Cai: 801
  - Long An: 800
  - Nam Dinh: 800
  - Nghe An: 800
  - Ninh Binh: 800
  - Ninh Thuan: 800
  - Phu Tho: 800
  - Phu Yen: 800
  - Quang Binh: 800
  - Quang Nam: 800
  - Quang Ngai: 800
  - Quang Ninh: 800
  - Quang Tri: 800
  - Soc Trang: 800
  - Son La: 800
  - Tay Ninh: 800
  - Thai Binh: 800
  - Thai Nguyen: 800
  - Thanh Hoa: 800
  - Thua Thien Hue: 800
  - Tien Giang: 799
  - Tra Vinh: 800
  - Tuyen Quang: 800
  - Vinh Long: 800
  - Vinh Phuc: 800
  - Yen Bai: 799
[Bootstrap] Progress:
  - Hanoi: 803
  - Ho Chi Minh: 803
  - Hai Phong: 803
  - Da Nang: 802
  - Can Tho: 802
  - An Giang: 802
  - Ba Ria - Vung Tau: 802
  - Bac Giang: 802
  - Bac Kan: 802
  - Bac Lieu: 802
  - Bac Ninh: 802
  - Ben Tre: 801
  - Binh Dinh: 802
  - Binh Duong: 802
  - Binh Phuoc: 802
  - Binh Thuan: 802
  - Ca Mau: 802
  - Cao Bang: 802
  - Dak Lak: 802
  - Dak Nong: 802
  - Dien Bien: 802
  - Dong Nai: 802
  - Dong Thap: 802
  - Gia Lai: 802
  - Ha Giang: 802
  - Ha Nam: 802
  - Ha Tinh: 802
  - Hai Duong: 802
  - Hau Giang: 802
  - Hoa Binh: 802
  - Hung Yen: 802
  - Khanh Hoa: 802
  - Kien Giang: 802
  - Kon Tum: 801
  - Lai Chau: 802
  - Lam Dong: 802
  - Lang Son: 801
  - Lao Cai: 802
  - Long An: 801
  - Nam Dinh: 801
  - Nghe An: 801
  - Ninh Binh: 801
  - Ninh Thuan: 801
  - Phu Tho: 801
  - Phu Yen: 801
  - Quang Binh: 801
  - Quang Nam: 801
  - Quang Ngai: 801
  - Quang Ninh: 801
  - Quang Tri: 801
  - Soc Trang: 801
  - Son La: 801
  - Tay Ninh: 801
  - Thai Binh: 801
  - Thai Nguyen: 801
  - Thanh Hoa: 801
  - Thua Thien Hue: 801
  - Tien Giang: 800
  - Tra Vinh: 801
  - Tuyen Quang: 801
  - Vinh Long: 801
  - Vinh Phuc: 801
  - Yen Bai: 800
[Bootstrap] Progress:
  - Hanoi: 804
  - Ho Chi Minh: 804
  - Hai Phong: 804
  - Da Nang: 803
  - Can Tho: 803
  - An Giang: 803
  - Ba Ria - Vung Tau: 803
  - Bac Giang: 803
  - Bac Kan: 803
  - Bac Lieu: 803
  - Bac Ninh: 803
  - Ben Tre: 802
  - Binh Dinh: 803
  - Binh Duong: 803
  - Binh Phuoc: 803
  - Binh Thuan: 803
  - Ca Mau: 803
  - Cao Bang: 803
  - Dak Lak: 803
  - Dak Nong: 803
  - Dien Bien: 803
  - Dong Nai: 803
  - Dong Thap: 803
  - Gia Lai: 803
  - Ha Giang: 803
  - Ha Nam: 803
  - Ha Tinh: 803
  - Hai Duong: 803
  - Hau Giang: 803
  - Hoa Binh: 803
  - Hung Yen: 803
  - Khanh Hoa: 803
  - Kien Giang: 803
  - Kon Tum: 802
  - Lai Chau: 803
  - Lam Dong: 803
  - Lang Son: 802
  - Lao Cai: 803
  - Long An: 802
  - Nam Dinh: 802
  - Nghe An: 802
  - Ninh Binh: 802
  - Ninh Thuan: 802
  - Phu Tho: 802
  - Phu Yen: 802
  - Quang Binh: 802
  - Quang Nam: 802
  - Quang Ngai: 802
  - Quang Ninh: 802
  - Quang Tri: 802
  - Soc Trang: 802
  - Son La: 802
  - Tay Ninh: 802
  - Thai Binh: 802
  - Thai Nguyen: 802
  - Thanh Hoa: 802
  - Thua Thien Hue: 802
  - Tien Giang: 801
  - Tra Vinh: 802
  - Tuyen Quang: 802
  - Vinh Long: 802
  - Vinh Phuc: 802
  - Yen Bai: 801
[Bootstrap] Progress:
  - Hanoi: 805
  - Ho Chi Minh: 805
  - Hai Phong: 805
  - Da Nang: 804
  - Can Tho: 804
  - An Giang: 804
  - Ba Ria - Vung Tau: 804
  - Bac Giang: 804
  - Bac Kan: 804
  - Bac Lieu: 804
  - Bac Ninh: 804
  - Ben Tre: 803
  - Binh Dinh: 804
  - Binh Duong: 804
  - Binh Phuoc: 804
  - Binh Thuan: 804
  - Ca Mau: 804
  - Cao Bang: 804
  - Dak Lak: 804
  - Dak Nong: 804
  - Dien Bien: 804
  - Dong Nai: 804
  - Dong Thap: 804
  - Gia Lai: 804
  - Ha Giang: 804
  - Ha Nam: 804
  - Ha Tinh: 804
  - Hai Duong: 804
  - Hau Giang: 804
  - Hoa Binh: 804
  - Hung Yen: 804
  - Khanh Hoa: 804
  - Kien Giang: 804
  - Kon Tum: 803
  - Lai Chau: 804
  - Lam Dong: 804
  - Lang Son: 803
  - Lao Cai: 804
  - Long An: 803
  - Nam Dinh: 803
  - Nghe An: 803
  - Ninh Binh: 803
  - Ninh Thuan: 803
  - Phu Tho: 803
  - Phu Yen: 803
  - Quang Binh: 803
  - Quang Nam: 803
  - Quang Ngai: 803
  - Quang Ninh: 803
  - Quang Tri: 803
  - Soc Trang: 803
  - Son La: 803
  - Tay Ninh: 803
  - Thai Binh: 803
  - Thai Nguyen: 803
  - Thanh Hoa: 803
  - Thua Thien Hue: 803
  - Tien Giang: 802
  - Tra Vinh: 803
  - Tuyen Quang: 803
  - Vinh Long: 803
  - Vinh Phuc: 803
  - Yen Bai: 802
[Bootstrap] Progress:
  - Hanoi: 806
  - Ho Chi Minh: 806
  - Hai Phong: 806
  - Da Nang: 805
  - Can Tho: 805
  - An Giang: 805
  - Ba Ria - Vung Tau: 805
  - Bac Giang: 805
  - Bac Kan: 805
  - Bac Lieu: 805
  - Bac Ninh: 805
  - Ben Tre: 804
  - Binh Dinh: 805
  - Binh Duong: 805
  - Binh Phuoc: 805
  - Binh Thuan: 805
  - Ca Mau: 805
  - Cao Bang: 805
  - Dak Lak: 805
  - Dak Nong: 805
  - Dien Bien: 805
  - Dong Nai: 805
  - Dong Thap: 805
  - Gia Lai: 805
  - Ha Giang: 805
  - Ha Nam: 805
  - Ha Tinh: 805
  - Hai Duong: 805
  - Hau Giang: 805
  - Hoa Binh: 805
  - Hung Yen: 805
  - Khanh Hoa: 805
  - Kien Giang: 805
  - Kon Tum: 804
  - Lai Chau: 805
  - Lam Dong: 805
  - Lang Son: 804
  - Lao Cai: 805
  - Long An: 804
  - Nam Dinh: 804
  - Nghe An: 804
  - Ninh Binh: 804
  - Ninh Thuan: 804
  - Phu Tho: 804
  - Phu Yen: 804
  - Quang Binh: 804
  - Quang Nam: 804
  - Quang Ngai: 804
  - Quang Ninh: 804
  - Quang Tri: 804
  - Soc Trang: 804
  - Son La: 804
  - Tay Ninh: 804
  - Thai Binh: 804
  - Thai Nguyen: 804
  - Thanh Hoa: 804
  - Thua Thien Hue: 804
  - Tien Giang: 803
  - Tra Vinh: 804
  - Tuyen Quang: 804
  - Vinh Long: 804
  - Vinh Phuc: 804
  - Yen Bai: 803
[Bootstrap] Progress:
  - Hanoi: 807
  - Ho Chi Minh: 807
  - Hai Phong: 807
  - Da Nang: 806
  - Can Tho: 806
  - An Giang: 806
  - Ba Ria - Vung Tau: 806
  - Bac Giang: 806
  - Bac Kan: 806
  - Bac Lieu: 806
  - Bac Ninh: 806
  - Ben Tre: 805
  - Binh Dinh: 806
  - Binh Duong: 806
  - Binh Phuoc: 806
  - Binh Thuan: 806
  - Ca Mau: 806
  - Cao Bang: 806
  - Dak Lak: 806
  - Dak Nong: 806
  - Dien Bien: 806
  - Dong Nai: 806
  - Dong Thap: 806
  - Gia Lai: 806
  - Ha Giang: 806
  - Ha Nam: 806
  - Ha Tinh: 806
  - Hai Duong: 806
  - Hau Giang: 806
  - Hoa Binh: 806
  - Hung Yen: 806
  - Khanh Hoa: 806
  - Kien Giang: 806
  - Kon Tum: 805
  - Lai Chau: 806
  - Lam Dong: 806
  - Lang Son: 805
  - Lao Cai: 806
  - Long An: 805
  - Nam Dinh: 805
  - Nghe An: 805
  - Ninh Binh: 805
  - Ninh Thuan: 805
  - Phu Tho: 805
  - Phu Yen: 805
  - Quang Binh: 805
  - Quang Nam: 805
  - Quang Ngai: 805
  - Quang Ninh: 805
  - Quang Tri: 805
  - Soc Trang: 805
  - Son La: 805
  - Tay Ninh: 805
  - Thai Binh: 805
  - Thai Nguyen: 805
  - Thanh Hoa: 805
  - Thua Thien Hue: 805
  - Tien Giang: 804
  - Tra Vinh: 805
  - Tuyen Quang: 805
  - Vinh Long: 805
  - Vinh Phuc: 805
  - Yen Bai: 804
[Bootstrap] Progress:
  - Hanoi: 808
  - Ho Chi Minh: 808
  - Hai Phong: 808
  - Da Nang: 807
  - Can Tho: 807
  - An Giang: 807
  - Ba Ria - Vung Tau: 807
  - Bac Giang: 807
  - Bac Kan: 807
  - Bac Lieu: 807
  - Bac Ninh: 807
  - Ben Tre: 806
  - Binh Dinh: 807
  - Binh Duong: 807
  - Binh Phuoc: 807
  - Binh Thuan: 807
  - Ca Mau: 807
  - Cao Bang: 807
  - Dak Lak: 807
  - Dak Nong: 807
  - Dien Bien: 807
  - Dong Nai: 807
  - Dong Thap: 807
  - Gia Lai: 807
  - Ha Giang: 807
  - Ha Nam: 807
  - Ha Tinh: 807
  - Hai Duong: 807
  - Hau Giang: 807
  - Hoa Binh: 807
  - Hung Yen: 807
  - Khanh Hoa: 807
  - Kien Giang: 807
  - Kon Tum: 806
  - Lai Chau: 807
  - Lam Dong: 807
  - Lang Son: 806
  - Lao Cai: 807
  - Long An: 806
  - Nam Dinh: 806
  - Nghe An: 806
  - Ninh Binh: 806
  - Ninh Thuan: 806
  - Phu Tho: 806
  - Phu Yen: 806
  - Quang Binh: 806
  - Quang Nam: 806
  - Quang Ngai: 806
  - Quang Ninh: 806
  - Quang Tri: 806
  - Soc Trang: 806
  - Son La: 806
  - Tay Ninh: 806
  - Thai Binh: 806
  - Thai Nguyen: 806
  - Thanh Hoa: 806
  - Thua Thien Hue: 806
  - Tien Giang: 805
  - Tra Vinh: 806
  - Tuyen Quang: 806
  - Vinh Long: 806
  - Vinh Phuc: 806
  - Yen Bai: 805
[Bootstrap] Progress:
  - Hanoi: 811
  - Ho Chi Minh: 811
  - Hai Phong: 811
  - Da Nang: 810
  - Can Tho: 810
  - An Giang: 810
  - Ba Ria - Vung Tau: 810
  - Bac Giang: 810
  - Bac Kan: 810
  - Bac Lieu: 810
  - Bac Ninh: 810
  - Ben Tre: 809
  - Binh Dinh: 810
  - Binh Duong: 810
  - Binh Phuoc: 810
  - Binh Thuan: 810
  - Ca Mau: 810
  - Cao Bang: 810
  - Dak Lak: 810
  - Dak Nong: 810
  - Dien Bien: 810
  - Dong Nai: 810
  - Dong Thap: 810
  - Gia Lai: 810
  - Ha Giang: 810
  - Ha Nam: 810
  - Ha Tinh: 810
  - Hai Duong: 810
  - Hau Giang: 810
  - Hoa Binh: 810
  - Hung Yen: 810
  - Khanh Hoa: 810
  - Kien Giang: 810
  - Kon Tum: 809
  - Lai Chau: 810
  - Lam Dong: 810
  - Lang Son: 809
  - Lao Cai: 810
  - Long An: 809
  - Nam Dinh: 809
  - Nghe An: 809
  - Ninh Binh: 809
  - Ninh Thuan: 809
  - Phu Tho: 809
  - Phu Yen: 809
  - Quang Binh: 809
  - Quang Nam: 809
  - Quang Ngai: 809
  - Quang Ninh: 809
  - Quang Tri: 809
  - Soc Trang: 809
  - Son La: 809
  - Tay Ninh: 809
  - Thai Binh: 809
  - Thai Nguyen: 809
  - Thanh Hoa: 809
  - Thua Thien Hue: 809
  - Tien Giang: 808
  - Tra Vinh: 809
  - Tuyen Quang: 809
  - Vinh Long: 809
  - Vinh Phuc: 809
  - Yen Bai: 807
[Bootstrap] Progress:
  - Hanoi: 812
  - Ho Chi Minh: 812
  - Hai Phong: 812
  - Da Nang: 811
  - Can Tho: 811
  - An Giang: 811
  - Ba Ria - Vung Tau: 811
  - Bac Giang: 811
  - Bac Kan: 811
  - Bac Lieu: 811
  - Bac Ninh: 811
  - Ben Tre: 810
  - Binh Dinh: 811
  - Binh Duong: 811
  - Binh Phuoc: 811
  - Binh Thuan: 811
  - Ca Mau: 811
  - Cao Bang: 811
  - Dak Lak: 811
  - Dak Nong: 811
  - Dien Bien: 811
  - Dong Nai: 811
  - Dong Thap: 811
  - Gia Lai: 811
  - Ha Giang: 811
  - Ha Nam: 811
  - Ha Tinh: 811
  - Hai Duong: 811
  - Hau Giang: 811
  - Hoa Binh: 811
  - Hung Yen: 811
  - Khanh Hoa: 811
  - Kien Giang: 811
  - Kon Tum: 810
  - Lai Chau: 811
  - Lam Dong: 811
  - Lang Son: 810
  - Lao Cai: 811
  - Long An: 810
  - Nam Dinh: 810
  - Nghe An: 810
  - Ninh Binh: 810
  - Ninh Thuan: 810
  - Phu Tho: 810
  - Phu Yen: 810
  - Quang Binh: 810
  - Quang Nam: 810
  - Quang Ngai: 810
  - Quang Ninh: 810
  - Quang Tri: 810
  - Soc Trang: 810
  - Son La: 810
  - Tay Ninh: 810
  - Thai Binh: 810
  - Thai Nguyen: 810
  - Thanh Hoa: 810
  - Thua Thien Hue: 810
  - Tien Giang: 809
  - Tra Vinh: 810
  - Tuyen Quang: 810
  - Vinh Long: 810
  - Vinh Phuc: 810
  - Yen Bai: 809
[Bootstrap] Progress:
  - Hanoi: 813
  - Ho Chi Minh: 813
  - Hai Phong: 813
  - Da Nang: 812
  - Can Tho: 812
  - An Giang: 812
  - Ba Ria - Vung Tau: 812
  - Bac Giang: 812
  - Bac Kan: 812
  - Bac Lieu: 812
  - Bac Ninh: 812
  - Ben Tre: 811
  - Binh Dinh: 812
  - Binh Duong: 812
  - Binh Phuoc: 812
  - Binh Thuan: 812
  - Ca Mau: 812
  - Cao Bang: 812
  - Dak Lak: 812
  - Dak Nong: 812
  - Dien Bien: 812
  - Dong Nai: 812
  - Dong Thap: 812
  - Gia Lai: 812
  - Ha Giang: 812
  - Ha Nam: 812
  - Ha Tinh: 812
  - Hai Duong: 812
  - Hau Giang: 812
  - Hoa Binh: 812
  - Hung Yen: 812
  - Khanh Hoa: 812
  - Kien Giang: 812
  - Kon Tum: 811
  - Lai Chau: 812
  - Lam Dong: 812
  - Lang Son: 811
  - Lao Cai: 812
  - Long An: 811
  - Nam Dinh: 811
  - Nghe An: 811
  - Ninh Binh: 811
  - Ninh Thuan: 811
  - Phu Tho: 811
  - Phu Yen: 811
  - Quang Binh: 811
  - Quang Nam: 811
  - Quang Ngai: 811
  - Quang Ninh: 811
  - Quang Tri: 811
  - Soc Trang: 811
  - Son La: 811
  - Tay Ninh: 811
  - Thai Binh: 811
  - Thai Nguyen: 811
  - Thanh Hoa: 811
  - Thua Thien Hue: 811
  - Tien Giang: 810
  - Tra Vinh: 811
  - Tuyen Quang: 811
  - Vinh Long: 811
  - Vinh Phuc: 811
  - Yen Bai: 810
[Bootstrap] Progress:
  - Hanoi: 814
  - Ho Chi Minh: 814
  - Hai Phong: 814
  - Da Nang: 813
  - Can Tho: 813
  - An Giang: 813
  - Ba Ria - Vung Tau: 813
  - Bac Giang: 813
  - Bac Kan: 813
  - Bac Lieu: 813
  - Bac Ninh: 813
  - Ben Tre: 812
  - Binh Dinh: 813
  - Binh Duong: 813
  - Binh Phuoc: 813
  - Binh Thuan: 813
  - Ca Mau: 813
  - Cao Bang: 813
  - Dak Lak: 813
  - Dak Nong: 813
  - Dien Bien: 813
  - Dong Nai: 813
  - Dong Thap: 813
  - Gia Lai: 813
  - Ha Giang: 813
  - Ha Nam: 813
  - Ha Tinh: 813
  - Hai Duong: 813
  - Hau Giang: 813
  - Hoa Binh: 813
  - Hung Yen: 813
  - Khanh Hoa: 813
  - Kien Giang: 813
  - Kon Tum: 812
  - Lai Chau: 813
  - Lam Dong: 813
  - Lang Son: 812
  - Lao Cai: 813
  - Long An: 812
  - Nam Dinh: 812
  - Nghe An: 812
  - Ninh Binh: 812
  - Ninh Thuan: 812
  - Phu Tho: 812
  - Phu Yen: 812
  - Quang Binh: 812
  - Quang Nam: 812
  - Quang Ngai: 812
  - Quang Ninh: 812
  - Quang Tri: 812
  - Soc Trang: 812
  - Son La: 812
  - Tay Ninh: 812
  - Thai Binh: 812
  - Thai Nguyen: 812
  - Thanh Hoa: 812
  - Thua Thien Hue: 812
  - Tien Giang: 811
  - Tra Vinh: 812
  - Tuyen Quang: 812
  - Vinh Long: 812
  - Vinh Phuc: 812
  - Yen Bai: 811
[Bootstrap] Progress:
  - Hanoi: 815
  - Ho Chi Minh: 815
  - Hai Phong: 815
  - Da Nang: 814
  - Can Tho: 814
  - An Giang: 814
  - Ba Ria - Vung Tau: 814
  - Bac Giang: 814
  - Bac Kan: 814
  - Bac Lieu: 814
  - Bac Ninh: 814
  - Ben Tre: 813
  - Binh Dinh: 814
  - Binh Duong: 814
  - Binh Phuoc: 814
  - Binh Thuan: 814
  - Ca Mau: 814
  - Cao Bang: 814
  - Dak Lak: 814
  - Dak Nong: 814
  - Dien Bien: 814
  - Dong Nai: 814
  - Dong Thap: 814
  - Gia Lai: 814
  - Ha Giang: 814
  - Ha Nam: 814
  - Ha Tinh: 814
  - Hai Duong: 814
  - Hau Giang: 814
  - Hoa Binh: 814
  - Hung Yen: 814
  - Khanh Hoa: 814
  - Kien Giang: 814
  - Kon Tum: 813
  - Lai Chau: 814
  - Lam Dong: 814
  - Lang Son: 813
  - Lao Cai: 814
  - Long An: 813
  - Nam Dinh: 813
  - Nghe An: 813
  - Ninh Binh: 813
  - Ninh Thuan: 813
  - Phu Tho: 813
  - Phu Yen: 813
  - Quang Binh: 813
  - Quang Nam: 813
  - Quang Ngai: 813
  - Quang Ninh: 813
  - Quang Tri: 813
  - Soc Trang: 813
  - Son La: 813
  - Tay Ninh: 813
  - Thai Binh: 813
  - Thai Nguyen: 813
  - Thanh Hoa: 813
  - Thua Thien Hue: 813
  - Tien Giang: 812
  - Tra Vinh: 813
  - Tuyen Quang: 813
  - Vinh Long: 813
  - Vinh Phuc: 813
  - Yen Bai: 812
[Bootstrap] Progress:
  - Hanoi: 816
  - Ho Chi Minh: 816
  - Hai Phong: 816
  - Da Nang: 815
  - Can Tho: 815
  - An Giang: 815
  - Ba Ria - Vung Tau: 815
  - Bac Giang: 815
  - Bac Kan: 815
  - Bac Lieu: 815
  - Bac Ninh: 815
  - Ben Tre: 814
  - Binh Dinh: 815
  - Binh Duong: 815
  - Binh Phuoc: 815
  - Binh Thuan: 815
  - Ca Mau: 815
  - Cao Bang: 815
  - Dak Lak: 815
  - Dak Nong: 815
  - Dien Bien: 815
  - Dong Nai: 815
  - Dong Thap: 815
  - Gia Lai: 815
  - Ha Giang: 815
  - Ha Nam: 815
  - Ha Tinh: 815
  - Hai Duong: 815
  - Hau Giang: 815
  - Hoa Binh: 815
  - Hung Yen: 815
  - Khanh Hoa: 815
  - Kien Giang: 815
  - Kon Tum: 814
  - Lai Chau: 815
  - Lam Dong: 815
  - Lang Son: 814
  - Lao Cai: 815
  - Long An: 814
  - Nam Dinh: 814
  - Nghe An: 814
  - Ninh Binh: 814
  - Ninh Thuan: 814
  - Phu Tho: 814
  - Phu Yen: 814
  - Quang Binh: 814
  - Quang Nam: 814
  - Quang Ngai: 814
  - Quang Ninh: 814
  - Quang Tri: 814
  - Soc Trang: 814
  - Son La: 814
  - Tay Ninh: 814
  - Thai Binh: 814
  - Thai Nguyen: 814
  - Thanh Hoa: 814
  - Thua Thien Hue: 814
  - Tien Giang: 813
  - Tra Vinh: 814
  - Tuyen Quang: 814
  - Vinh Long: 814
  - Vinh Phuc: 814
  - Yen Bai: 813
[Bootstrap] Progress:
  - Hanoi: 817
  - Ho Chi Minh: 817
  - Hai Phong: 817
  - Da Nang: 816
  - Can Tho: 816
  - An Giang: 816
  - Ba Ria - Vung Tau: 816
  - Bac Giang: 816
  - Bac Kan: 816
  - Bac Lieu: 816
  - Bac Ninh: 816
  - Ben Tre: 815
  - Binh Dinh: 816
  - Binh Duong: 816
  - Binh Phuoc: 816
  - Binh Thuan: 816
  - Ca Mau: 816
  - Cao Bang: 816
  - Dak Lak: 816
  - Dak Nong: 816
  - Dien Bien: 816
  - Dong Nai: 816
  - Dong Thap: 816
  - Gia Lai: 816
  - Ha Giang: 816
  - Ha Nam: 816
  - Ha Tinh: 816
  - Hai Duong: 816
  - Hau Giang: 816
  - Hoa Binh: 816
  - Hung Yen: 816
  - Khanh Hoa: 816
  - Kien Giang: 816
  - Kon Tum: 815
  - Lai Chau: 816
  - Lam Dong: 816
  - Lang Son: 815
  - Lao Cai: 816
  - Long An: 815
  - Nam Dinh: 815
  - Nghe An: 815
  - Ninh Binh: 815
  - Ninh Thuan: 815
  - Phu Tho: 815
  - Phu Yen: 815
  - Quang Binh: 815
  - Quang Nam: 815
  - Quang Ngai: 815
  - Quang Ninh: 815
  - Quang Tri: 815
  - Soc Trang: 815
  - Son La: 815
  - Tay Ninh: 815
  - Thai Binh: 815
  - Thai Nguyen: 815
  - Thanh Hoa: 815
  - Thua Thien Hue: 815
  - Tien Giang: 814
  - Tra Vinh: 815
  - Tuyen Quang: 815
  - Vinh Long: 815
  - Vinh Phuc: 815
  - Yen Bai: 814
[Bootstrap] Progress:
  - Hanoi: 818
  - Ho Chi Minh: 818
  - Hai Phong: 818
  - Da Nang: 817
  - Can Tho: 817
  - An Giang: 817
  - Ba Ria - Vung Tau: 817
  - Bac Giang: 817
  - Bac Kan: 817
  - Bac Lieu: 817
  - Bac Ninh: 817
  - Ben Tre: 816
  - Binh Dinh: 817
  - Binh Duong: 817
  - Binh Phuoc: 817
  - Binh Thuan: 817
  - Ca Mau: 817
  - Cao Bang: 817
  - Dak Lak: 817
  - Dak Nong: 817
  - Dien Bien: 817
  - Dong Nai: 817
  - Dong Thap: 817
  - Gia Lai: 817
  - Ha Giang: 817
  - Ha Nam: 817
  - Ha Tinh: 817
  - Hai Duong: 817
  - Hau Giang: 817
  - Hoa Binh: 817
  - Hung Yen: 817
  - Khanh Hoa: 817
  - Kien Giang: 817
  - Kon Tum: 816
  - Lai Chau: 817
  - Lam Dong: 817
  - Lang Son: 816
  - Lao Cai: 817
  - Long An: 816
  - Nam Dinh: 816
  - Nghe An: 816
  - Ninh Binh: 816
  - Ninh Thuan: 816
  - Phu Tho: 816
  - Phu Yen: 816
  - Quang Binh: 816
  - Quang Nam: 816
  - Quang Ngai: 816
  - Quang Ninh: 816
  - Quang Tri: 816
  - Soc Trang: 816
  - Son La: 816
  - Tay Ninh: 816
  - Thai Binh: 816
  - Thai Nguyen: 816
  - Thanh Hoa: 816
  - Thua Thien Hue: 816
  - Tien Giang: 815
  - Tra Vinh: 816
  - Tuyen Quang: 816
  - Vinh Long: 816
  - Vinh Phuc: 816
  - Yen Bai: 815
[Bootstrap] Progress:
  - Hanoi: 819
  - Ho Chi Minh: 819
  - Hai Phong: 819
  - Da Nang: 818
  - Can Tho: 818
  - An Giang: 818
  - Ba Ria - Vung Tau: 818
  - Bac Giang: 818
  - Bac Kan: 818
  - Bac Lieu: 818
  - Bac Ninh: 818
  - Ben Tre: 817
  - Binh Dinh: 818
  - Binh Duong: 818
  - Binh Phuoc: 818
  - Binh Thuan: 818
  - Ca Mau: 818
  - Cao Bang: 818
  - Dak Lak: 818
  - Dak Nong: 818
  - Dien Bien: 818
  - Dong Nai: 818
  - Dong Thap: 818
  - Gia Lai: 818
  - Ha Giang: 818
  - Ha Nam: 818
  - Ha Tinh: 818
  - Hai Duong: 818
  - Hau Giang: 818
  - Hoa Binh: 818
  - Hung Yen: 818
  - Khanh Hoa: 818
  - Kien Giang: 818
  - Kon Tum: 817
  - Lai Chau: 818
  - Lam Dong: 818
  - Lang Son: 817
  - Lao Cai: 818
  - Long An: 817
  - Nam Dinh: 817
  - Nghe An: 817
  - Ninh Binh: 817
  - Ninh Thuan: 817
  - Phu Tho: 817
  - Phu Yen: 817
  - Quang Binh: 817
  - Quang Nam: 817
  - Quang Ngai: 817
  - Quang Ninh: 817
  - Quang Tri: 817
  - Soc Trang: 817
  - Son La: 817
  - Tay Ninh: 817
  - Thai Binh: 817
  - Thai Nguyen: 817
  - Thanh Hoa: 817
  - Thua Thien Hue: 817
  - Tien Giang: 816
  - Tra Vinh: 817
  - Tuyen Quang: 817
  - Vinh Long: 817
  - Vinh Phuc: 817
  - Yen Bai: 816
[Bootstrap] Progress:
  - Hanoi: 820
  - Ho Chi Minh: 820
  - Hai Phong: 820
  - Da Nang: 819
  - Can Tho: 819
  - An Giang: 819
  - Ba Ria - Vung Tau: 819
  - Bac Giang: 819
  - Bac Kan: 819
  - Bac Lieu: 819
  - Bac Ninh: 819
  - Ben Tre: 818
  - Binh Dinh: 819
  - Binh Duong: 819
  - Binh Phuoc: 819
  - Binh Thuan: 819
  - Ca Mau: 819
  - Cao Bang: 819
  - Dak Lak: 819
  - Dak Nong: 819
  - Dien Bien: 819
  - Dong Nai: 819
  - Dong Thap: 819
  - Gia Lai: 819
  - Ha Giang: 819
  - Ha Nam: 819
  - Ha Tinh: 819
  - Hai Duong: 819
  - Hau Giang: 819
  - Hoa Binh: 819
  - Hung Yen: 819
  - Khanh Hoa: 819
  - Kien Giang: 819
  - Kon Tum: 818
  - Lai Chau: 819
  - Lam Dong: 819
  - Lang Son: 818
  - Lao Cai: 819
  - Long An: 818
  - Nam Dinh: 818
  - Nghe An: 818
  - Ninh Binh: 818
  - Ninh Thuan: 818
  - Phu Tho: 818
  - Phu Yen: 818
  - Quang Binh: 818
  - Quang Nam: 818
  - Quang Ngai: 818
  - Quang Ninh: 818
  - Quang Tri: 818
  - Soc Trang: 818
  - Son La: 818
  - Tay Ninh: 818
  - Thai Binh: 818
  - Thai Nguyen: 818
  - Thanh Hoa: 818
  - Thua Thien Hue: 818
  - Tien Giang: 817
  - Tra Vinh: 818
  - Tuyen Quang: 818
  - Vinh Long: 818
  - Vinh Phuc: 818
  - Yen Bai: 817
[Bootstrap] Progress:
  - Hanoi: 821
  - Ho Chi Minh: 821
  - Hai Phong: 821
  - Da Nang: 820
  - Can Tho: 820
  - An Giang: 820
  - Ba Ria - Vung Tau: 820
  - Bac Giang: 820
  - Bac Kan: 820
  - Bac Lieu: 820
  - Bac Ninh: 820
  - Ben Tre: 819
  - Binh Dinh: 820
  - Binh Duong: 820
  - Binh Phuoc: 820
  - Binh Thuan: 820
  - Ca Mau: 820
  - Cao Bang: 820
  - Dak Lak: 820
  - Dak Nong: 820
  - Dien Bien: 820
  - Dong Nai: 820
  - Dong Thap: 820
  - Gia Lai: 820
  - Ha Giang: 820
  - Ha Nam: 820
  - Ha Tinh: 820
  - Hai Duong: 820
  - Hau Giang: 820
  - Hoa Binh: 820
  - Hung Yen: 820
  - Khanh Hoa: 820
  - Kien Giang: 820
  - Kon Tum: 819
  - Lai Chau: 820
  - Lam Dong: 820
  - Lang Son: 819
  - Lao Cai: 820
  - Long An: 819
  - Nam Dinh: 819
  - Nghe An: 819
  - Ninh Binh: 819
  - Ninh Thuan: 819
  - Phu Tho: 819
  - Phu Yen: 819
  - Quang Binh: 819
  - Quang Nam: 819
  - Quang Ngai: 819
  - Quang Ninh: 819
  - Quang Tri: 819
  - Soc Trang: 819
  - Son La: 819
  - Tay Ninh: 819
  - Thai Binh: 819
  - Thai Nguyen: 819
  - Thanh Hoa: 819
  - Thua Thien Hue: 819
  - Tien Giang: 818
  - Tra Vinh: 819
  - Tuyen Quang: 819
  - Vinh Long: 819
  - Vinh Phuc: 819
  - Yen Bai: 818
[Bootstrap] Progress:
  - Hanoi: 824
  - Ho Chi Minh: 824
  - Hai Phong: 824
  - Da Nang: 823
  - Can Tho: 823
  - An Giang: 823
  - Ba Ria - Vung Tau: 823
  - Bac Giang: 823
  - Bac Kan: 822
  - Bac Lieu: 822
  - Bac Ninh: 822
  - Ben Tre: 821
  - Binh Dinh: 822
  - Binh Duong: 822
  - Binh Phuoc: 822
  - Binh Thuan: 822
  - Ca Mau: 822
  - Cao Bang: 822
  - Dak Lak: 822
  - Dak Nong: 822
  - Dien Bien: 821
  - Dong Nai: 821
  - Dong Thap: 821
  - Gia Lai: 821
  - Ha Giang: 821
  - Ha Nam: 821
  - Ha Tinh: 821
  - Hai Duong: 821
  - Hau Giang: 821
  - Hoa Binh: 821
  - Hung Yen: 821
  - Khanh Hoa: 821
  - Kien Giang: 821
  - Kon Tum: 820
  - Lai Chau: 821
  - Lam Dong: 821
  - Lang Son: 820
  - Lao Cai: 821
  - Long An: 820
  - Nam Dinh: 820
  - Nghe An: 820
  - Ninh Binh: 820
  - Ninh Thuan: 820
  - Phu Tho: 820
  - Phu Yen: 820
  - Quang Binh: 820
  - Quang Nam: 820
  - Quang Ngai: 820
  - Quang Ninh: 820
  - Quang Tri: 820
  - Soc Trang: 820
  - Son La: 820
  - Tay Ninh: 820
  - Thai Binh: 820
  - Thai Nguyen: 820
  - Thanh Hoa: 820
  - Thua Thien Hue: 820
  - Tien Giang: 819
  - Tra Vinh: 820
  - Tuyen Quang: 820
  - Vinh Long: 820
  - Vinh Phuc: 820
  - Yen Bai: 819
[Bootstrap] Progress:
  - Hanoi: 825
  - Ho Chi Minh: 825
  - Hai Phong: 825
  - Da Nang: 824
  - Can Tho: 824
  - An Giang: 824
  - Ba Ria - Vung Tau: 824
  - Bac Giang: 824
  - Bac Kan: 824
  - Bac Lieu: 824
  - Bac Ninh: 824
  - Ben Tre: 823
  - Binh Dinh: 824
  - Binh Duong: 824
  - Binh Phuoc: 824
  - Binh Thuan: 824
  - Ca Mau: 824
  - Cao Bang: 824
  - Dak Lak: 824
  - Dak Nong: 824
  - Dien Bien: 824
  - Dong Nai: 824
  - Dong Thap: 824
  - Gia Lai: 824
  - Ha Giang: 824
  - Ha Nam: 824
  - Ha Tinh: 824
  - Hai Duong: 824
  - Hau Giang: 824
  - Hoa Binh: 824
  - Hung Yen: 824
  - Khanh Hoa: 824
  - Kien Giang: 824
  - Kon Tum: 823
  - Lai Chau: 824
  - Lam Dong: 824
  - Lang Son: 823
  - Lao Cai: 824
  - Long An: 823
  - Nam Dinh: 823
  - Nghe An: 823
  - Ninh Binh: 823
  - Ninh Thuan: 823
  - Phu Tho: 823
  - Phu Yen: 823
  - Quang Binh: 823
  - Quang Nam: 823
  - Quang Ngai: 823
  - Quang Ninh: 823
  - Quang Tri: 823
  - Soc Trang: 823
  - Son La: 823
  - Tay Ninh: 823
  - Thai Binh: 823
  - Thai Nguyen: 823
  - Thanh Hoa: 823
  - Thua Thien Hue: 823
  - Tien Giang: 822
  - Tra Vinh: 823
  - Tuyen Quang: 823
  - Vinh Long: 823
  - Vinh Phuc: 823
  - Yen Bai: 822
[Bootstrap] Progress:
  - Hanoi: 826
  - Ho Chi Minh: 826
  - Hai Phong: 826
  - Da Nang: 825
  - Can Tho: 825
  - An Giang: 825
  - Ba Ria - Vung Tau: 825
  - Bac Giang: 825
  - Bac Kan: 825
  - Bac Lieu: 825
  - Bac Ninh: 825
  - Ben Tre: 824
  - Binh Dinh: 825
  - Binh Duong: 825
  - Binh Phuoc: 825
  - Binh Thuan: 825
  - Ca Mau: 825
  - Cao Bang: 825
  - Dak Lak: 825
  - Dak Nong: 825
  - Dien Bien: 825
  - Dong Nai: 825
  - Dong Thap: 825
  - Gia Lai: 825
  - Ha Giang: 825
  - Ha Nam: 825
  - Ha Tinh: 825
  - Hai Duong: 825
  - Hau Giang: 825
  - Hoa Binh: 825
  - Hung Yen: 825
  - Khanh Hoa: 825
  - Kien Giang: 825
  - Kon Tum: 824
  - Lai Chau: 825
  - Lam Dong: 825
  - Lang Son: 824
  - Lao Cai: 825
  - Long An: 824
  - Nam Dinh: 824
  - Nghe An: 824
  - Ninh Binh: 824
  - Ninh Thuan: 824
  - Phu Tho: 824
  - Phu Yen: 824
  - Quang Binh: 824
  - Quang Nam: 824
  - Quang Ngai: 824
  - Quang Ninh: 824
  - Quang Tri: 824
  - Soc Trang: 824
  - Son La: 824
  - Tay Ninh: 824
  - Thai Binh: 824
  - Thai Nguyen: 824
  - Thanh Hoa: 824
  - Thua Thien Hue: 824
  - Tien Giang: 823
  - Tra Vinh: 824
  - Tuyen Quang: 824
  - Vinh Long: 824
  - Vinh Phuc: 824
  - Yen Bai: 823
[Bootstrap] Progress:
  - Hanoi: 827
  - Ho Chi Minh: 827
  - Hai Phong: 827
  - Da Nang: 826
  - Can Tho: 826
  - An Giang: 826
  - Ba Ria - Vung Tau: 826
  - Bac Giang: 826
  - Bac Kan: 826
  - Bac Lieu: 826
  - Bac Ninh: 826
  - Ben Tre: 825
  - Binh Dinh: 826
  - Binh Duong: 826
  - Binh Phuoc: 826
  - Binh Thuan: 826
  - Ca Mau: 826
  - Cao Bang: 826
  - Dak Lak: 826
  - Dak Nong: 826
  - Dien Bien: 826
  - Dong Nai: 826
  - Dong Thap: 826
  - Gia Lai: 826
  - Ha Giang: 826
  - Ha Nam: 826
  - Ha Tinh: 826
  - Hai Duong: 826
  - Hau Giang: 826
  - Hoa Binh: 826
  - Hung Yen: 826
  - Khanh Hoa: 826
  - Kien Giang: 826
  - Kon Tum: 825
  - Lai Chau: 826
  - Lam Dong: 826
  - Lang Son: 825
  - Lao Cai: 826
  - Long An: 825
  - Nam Dinh: 825
  - Nghe An: 825
  - Ninh Binh: 825
  - Ninh Thuan: 825
  - Phu Tho: 825
  - Phu Yen: 825
  - Quang Binh: 825
  - Quang Nam: 825
  - Quang Ngai: 825
  - Quang Ninh: 825
  - Quang Tri: 825
  - Soc Trang: 825
  - Son La: 825
  - Tay Ninh: 825
  - Thai Binh: 825
  - Thai Nguyen: 825
  - Thanh Hoa: 825
  - Thua Thien Hue: 825
  - Tien Giang: 824
  - Tra Vinh: 825
  - Tuyen Quang: 825
  - Vinh Long: 825
  - Vinh Phuc: 825
  - Yen Bai: 824
[Bootstrap] Progress:
  - Hanoi: 828
  - Ho Chi Minh: 828
  - Hai Phong: 828
  - Da Nang: 827
  - Can Tho: 827
  - An Giang: 827
  - Ba Ria - Vung Tau: 827
  - Bac Giang: 827
  - Bac Kan: 827
  - Bac Lieu: 827
  - Bac Ninh: 827
  - Ben Tre: 826
  - Binh Dinh: 827
  - Binh Duong: 827
  - Binh Phuoc: 827
  - Binh Thuan: 827
  - Ca Mau: 827
  - Cao Bang: 827
  - Dak Lak: 827
  - Dak Nong: 827
  - Dien Bien: 827
  - Dong Nai: 827
  - Dong Thap: 827
  - Gia Lai: 827
  - Ha Giang: 827
  - Ha Nam: 827
  - Ha Tinh: 827
  - Hai Duong: 827
  - Hau Giang: 827
  - Hoa Binh: 827
  - Hung Yen: 827
  - Khanh Hoa: 827
  - Kien Giang: 827
  - Kon Tum: 826
  - Lai Chau: 827
  - Lam Dong: 827
  - Lang Son: 826
  - Lao Cai: 827
  - Long An: 826
  - Nam Dinh: 826
  - Nghe An: 826
  - Ninh Binh: 826
  - Ninh Thuan: 826
  - Phu Tho: 826
  - Phu Yen: 826
  - Quang Binh: 826
  - Quang Nam: 826
  - Quang Ngai: 826
  - Quang Ninh: 826
  - Quang Tri: 826
  - Soc Trang: 826
  - Son La: 826
  - Tay Ninh: 826
  - Thai Binh: 826
  - Thai Nguyen: 826
  - Thanh Hoa: 826
  - Thua Thien Hue: 826
  - Tien Giang: 825
  - Tra Vinh: 826
  - Tuyen Quang: 826
  - Vinh Long: 826
  - Vinh Phuc: 826
  - Yen Bai: 825
[Bootstrap] Progress:
  - Hanoi: 829
  - Ho Chi Minh: 829
  - Hai Phong: 829
  - Da Nang: 828
  - Can Tho: 828
  - An Giang: 828
  - Ba Ria - Vung Tau: 828
  - Bac Giang: 828
  - Bac Kan: 828
  - Bac Lieu: 828
  - Bac Ninh: 828
  - Ben Tre: 827
  - Binh Dinh: 828
  - Binh Duong: 828
  - Binh Phuoc: 828
  - Binh Thuan: 828
  - Ca Mau: 828
  - Cao Bang: 828
  - Dak Lak: 828
  - Dak Nong: 828
  - Dien Bien: 828
  - Dong Nai: 828
  - Dong Thap: 828
  - Gia Lai: 828
  - Ha Giang: 828
  - Ha Nam: 828
  - Ha Tinh: 828
  - Hai Duong: 828
  - Hau Giang: 828
  - Hoa Binh: 828
  - Hung Yen: 828
  - Khanh Hoa: 828
  - Kien Giang: 828
  - Kon Tum: 827
  - Lai Chau: 828
  - Lam Dong: 828
  - Lang Son: 827
  - Lao Cai: 828
  - Long An: 827
  - Nam Dinh: 827
  - Nghe An: 827
  - Ninh Binh: 827
  - Ninh Thuan: 827
  - Phu Tho: 827
  - Phu Yen: 827
  - Quang Binh: 827
  - Quang Nam: 827
  - Quang Ngai: 827
  - Quang Ninh: 827
  - Quang Tri: 827
  - Soc Trang: 827
  - Son La: 827
  - Tay Ninh: 827
  - Thai Binh: 827
  - Thai Nguyen: 827
  - Thanh Hoa: 827
  - Thua Thien Hue: 827
  - Tien Giang: 826
  - Tra Vinh: 827
  - Tuyen Quang: 827
  - Vinh Long: 827
  - Vinh Phuc: 827
  - Yen Bai: 826
[Bootstrap] Progress:
  - Hanoi: 830
  - Ho Chi Minh: 830
  - Hai Phong: 830
  - Da Nang: 829
  - Can Tho: 829
  - An Giang: 829
  - Ba Ria - Vung Tau: 829
  - Bac Giang: 829
  - Bac Kan: 829
  - Bac Lieu: 829
  - Bac Ninh: 829
  - Ben Tre: 828
  - Binh Dinh: 829
  - Binh Duong: 829
  - Binh Phuoc: 829
  - Binh Thuan: 829
  - Ca Mau: 829
  - Cao Bang: 829
  - Dak Lak: 829
  - Dak Nong: 829
  - Dien Bien: 829
  - Dong Nai: 829
  - Dong Thap: 829
  - Gia Lai: 829
  - Ha Giang: 829
  - Ha Nam: 829
  - Ha Tinh: 829
  - Hai Duong: 829
  - Hau Giang: 829
  - Hoa Binh: 829
  - Hung Yen: 829
  - Khanh Hoa: 829
  - Kien Giang: 829
  - Kon Tum: 828
  - Lai Chau: 829
  - Lam Dong: 829
  - Lang Son: 828
  - Lao Cai: 829
  - Long An: 828
  - Nam Dinh: 828
  - Nghe An: 828
  - Ninh Binh: 828
  - Ninh Thuan: 828
  - Phu Tho: 828
  - Phu Yen: 828
  - Quang Binh: 828
  - Quang Nam: 828
  - Quang Ngai: 828
  - Quang Ninh: 828
  - Quang Tri: 828
  - Soc Trang: 828
  - Son La: 828
  - Tay Ninh: 828
  - Thai Binh: 828
  - Thai Nguyen: 828
  - Thanh Hoa: 828
  - Thua Thien Hue: 828
  - Tien Giang: 827
  - Tra Vinh: 828
  - Tuyen Quang: 828
  - Vinh Long: 828
  - Vinh Phuc: 828
  - Yen Bai: 827
[Bootstrap] Progress:
  - Hanoi: 831
  - Ho Chi Minh: 831
  - Hai Phong: 831
  - Da Nang: 830
  - Can Tho: 830
  - An Giang: 830
  - Ba Ria - Vung Tau: 830
  - Bac Giang: 830
  - Bac Kan: 830
  - Bac Lieu: 830
  - Bac Ninh: 830
  - Ben Tre: 829
  - Binh Dinh: 830
  - Binh Duong: 830
  - Binh Phuoc: 830
  - Binh Thuan: 830
  - Ca Mau: 830
  - Cao Bang: 830
  - Dak Lak: 830
  - Dak Nong: 830
  - Dien Bien: 830
  - Dong Nai: 830
  - Dong Thap: 830
  - Gia Lai: 830
  - Ha Giang: 830
  - Ha Nam: 830
  - Ha Tinh: 830
  - Hai Duong: 830
  - Hau Giang: 830
  - Hoa Binh: 830
  - Hung Yen: 830
  - Khanh Hoa: 830
  - Kien Giang: 830
  - Kon Tum: 829
  - Lai Chau: 830
  - Lam Dong: 830
  - Lang Son: 829
  - Lao Cai: 830
  - Long An: 829
  - Nam Dinh: 829
  - Nghe An: 829
  - Ninh Binh: 829
  - Ninh Thuan: 829
  - Phu Tho: 829
  - Phu Yen: 829
  - Quang Binh: 829
  - Quang Nam: 829
  - Quang Ngai: 829
  - Quang Ninh: 829
  - Quang Tri: 829
  - Soc Trang: 829
  - Son La: 829
  - Tay Ninh: 829
  - Thai Binh: 829
  - Thai Nguyen: 829
  - Thanh Hoa: 829
  - Thua Thien Hue: 829
  - Tien Giang: 828
  - Tra Vinh: 829
  - Tuyen Quang: 829
  - Vinh Long: 829
  - Vinh Phuc: 829
  - Yen Bai: 828
[Bootstrap] Progress:
  - Hanoi: 832
  - Ho Chi Minh: 832
  - Hai Phong: 832
  - Da Nang: 831
  - Can Tho: 831
  - An Giang: 831
  - Ba Ria - Vung Tau: 831
  - Bac Giang: 831
  - Bac Kan: 831
  - Bac Lieu: 831
  - Bac Ninh: 831
  - Ben Tre: 830
  - Binh Dinh: 831
  - Binh Duong: 831
  - Binh Phuoc: 831
  - Binh Thuan: 831
  - Ca Mau: 831
  - Cao Bang: 831
  - Dak Lak: 831
  - Dak Nong: 831
  - Dien Bien: 831
  - Dong Nai: 831
  - Dong Thap: 831
  - Gia Lai: 831
  - Ha Giang: 831
  - Ha Nam: 831
  - Ha Tinh: 831
  - Hai Duong: 831
  - Hau Giang: 831
  - Hoa Binh: 831
  - Hung Yen: 831
  - Khanh Hoa: 831
  - Kien Giang: 831
  - Kon Tum: 830
  - Lai Chau: 831
  - Lam Dong: 831
  - Lang Son: 830
  - Lao Cai: 831
  - Long An: 830
  - Nam Dinh: 830
  - Nghe An: 830
  - Ninh Binh: 830
  - Ninh Thuan: 830
  - Phu Tho: 830
  - Phu Yen: 830
  - Quang Binh: 830
  - Quang Nam: 830
  - Quang Ngai: 830
  - Quang Ninh: 830
  - Quang Tri: 830
  - Soc Trang: 830
  - Son La: 830
  - Tay Ninh: 830
  - Thai Binh: 830
  - Thai Nguyen: 830
  - Thanh Hoa: 830
  - Thua Thien Hue: 830
  - Tien Giang: 829
  - Tra Vinh: 830
  - Tuyen Quang: 830
  - Vinh Long: 830
  - Vinh Phuc: 830
  - Yen Bai: 829
[Bootstrap] Progress:
  - Hanoi: 833
  - Ho Chi Minh: 833
  - Hai Phong: 833
  - Da Nang: 832
  - Can Tho: 832
  - An Giang: 832
  - Ba Ria - Vung Tau: 832
  - Bac Giang: 832
  - Bac Kan: 832
  - Bac Lieu: 832
  - Bac Ninh: 832
  - Ben Tre: 831
  - Binh Dinh: 832
  - Binh Duong: 832
  - Binh Phuoc: 832
  - Binh Thuan: 832
  - Ca Mau: 832
  - Cao Bang: 832
  - Dak Lak: 832
  - Dak Nong: 832
  - Dien Bien: 832
  - Dong Nai: 832
  - Dong Thap: 832
  - Gia Lai: 832
  - Ha Giang: 832
  - Ha Nam: 832
  - Ha Tinh: 832
  - Hai Duong: 832
  - Hau Giang: 832
  - Hoa Binh: 832
  - Hung Yen: 832
  - Khanh Hoa: 832
  - Kien Giang: 832
  - Kon Tum: 831
  - Lai Chau: 832
  - Lam Dong: 832
  - Lang Son: 831
  - Lao Cai: 832
  - Long An: 831
  - Nam Dinh: 831
  - Nghe An: 831
  - Ninh Binh: 831
  - Ninh Thuan: 831
  - Phu Tho: 831
  - Phu Yen: 831
  - Quang Binh: 831
  - Quang Nam: 831
  - Quang Ngai: 831
  - Quang Ninh: 831
  - Quang Tri: 831
  - Soc Trang: 831
  - Son La: 831
  - Tay Ninh: 831
  - Thai Binh: 831
  - Thai Nguyen: 831
  - Thanh Hoa: 831
  - Thua Thien Hue: 831
  - Tien Giang: 830
  - Tra Vinh: 831
  - Tuyen Quang: 831
  - Vinh Long: 831
  - Vinh Phuc: 831
  - Yen Bai: 830
[Bootstrap] Progress:
  - Hanoi: 834
  - Ho Chi Minh: 834
  - Hai Phong: 834
  - Da Nang: 833
  - Can Tho: 833
  - An Giang: 833
  - Ba Ria - Vung Tau: 833
  - Bac Giang: 833
  - Bac Kan: 833
  - Bac Lieu: 833
  - Bac Ninh: 833
  - Ben Tre: 832
  - Binh Dinh: 833
  - Binh Duong: 833
  - Binh Phuoc: 833
  - Binh Thuan: 833
  - Ca Mau: 833
  - Cao Bang: 833
  - Dak Lak: 833
  - Dak Nong: 833
  - Dien Bien: 833
  - Dong Nai: 833
  - Dong Thap: 833
  - Gia Lai: 833
  - Ha Giang: 833
  - Ha Nam: 833
  - Ha Tinh: 833
  - Hai Duong: 833
  - Hau Giang: 833
  - Hoa Binh: 833
  - Hung Yen: 833
  - Khanh Hoa: 833
  - Kien Giang: 833
  - Kon Tum: 832
  - Lai Chau: 833
  - Lam Dong: 833
  - Lang Son: 832
  - Lao Cai: 833
  - Long An: 832
  - Nam Dinh: 832
  - Nghe An: 832
  - Ninh Binh: 832
  - Ninh Thuan: 832
  - Phu Tho: 832
  - Phu Yen: 832
  - Quang Binh: 832
  - Quang Nam: 832
  - Quang Ngai: 832
  - Quang Ninh: 832
  - Quang Tri: 832
  - Soc Trang: 832
  - Son La: 832
  - Tay Ninh: 832
  - Thai Binh: 832
  - Thai Nguyen: 832
  - Thanh Hoa: 832
  - Thua Thien Hue: 832
  - Tien Giang: 831
  - Tra Vinh: 832
  - Tuyen Quang: 832
  - Vinh Long: 832
  - Vinh Phuc: 832
  - Yen Bai: 831
[Bootstrap] Progress:
  - Hanoi: 837
  - Ho Chi Minh: 837
  - Hai Phong: 837
  - Da Nang: 836
  - Can Tho: 836
  - An Giang: 836
  - Ba Ria - Vung Tau: 836
  - Bac Giang: 836
  - Bac Kan: 836
  - Bac Lieu: 836
  - Bac Ninh: 836
  - Ben Tre: 835
  - Binh Dinh: 836
  - Binh Duong: 836
  - Binh Phuoc: 836
  - Binh Thuan: 836
  - Ca Mau: 836
  - Cao Bang: 836
  - Dak Lak: 836
  - Dak Nong: 836
  - Dien Bien: 836
  - Dong Nai: 836
  - Dong Thap: 836
  - Gia Lai: 836
  - Ha Giang: 836
  - Ha Nam: 836
  - Ha Tinh: 836
  - Hai Duong: 836
  - Hau Giang: 836
  - Hoa Binh: 836
  - Hung Yen: 836
  - Khanh Hoa: 836
  - Kien Giang: 836
  - Kon Tum: 835
  - Lai Chau: 836
  - Lam Dong: 836
  - Lang Son: 835
  - Lao Cai: 836
  - Long An: 835
  - Nam Dinh: 835
  - Nghe An: 835
  - Ninh Binh: 835
  - Ninh Thuan: 835
  - Phu Tho: 835
  - Phu Yen: 835
  - Quang Binh: 835
  - Quang Nam: 835
  - Quang Ngai: 835
  - Quang Ninh: 835
  - Quang Tri: 835
  - Soc Trang: 835
  - Son La: 835
  - Tay Ninh: 834
  - Thai Binh: 834
  - Thai Nguyen: 834
  - Thanh Hoa: 834
  - Thua Thien Hue: 834
  - Tien Giang: 833
  - Tra Vinh: 834
  - Tuyen Quang: 834
  - Vinh Long: 834
  - Vinh Phuc: 834
  - Yen Bai: 833
[Bootstrap] Progress:
  - Hanoi: 838
  - Ho Chi Minh: 838
  - Hai Phong: 838
  - Da Nang: 837
  - Can Tho: 837
  - An Giang: 837
  - Ba Ria - Vung Tau: 837
  - Bac Giang: 837
  - Bac Kan: 837
  - Bac Lieu: 837
  - Bac Ninh: 837
  - Ben Tre: 836
  - Binh Dinh: 837
  - Binh Duong: 837
  - Binh Phuoc: 837
  - Binh Thuan: 837
  - Ca Mau: 837
  - Cao Bang: 837
  - Dak Lak: 837
  - Dak Nong: 837
  - Dien Bien: 837
  - Dong Nai: 837
  - Dong Thap: 837
  - Gia Lai: 837
  - Ha Giang: 837
  - Ha Nam: 837
  - Ha Tinh: 837
  - Hai Duong: 837
  - Hau Giang: 837
  - Hoa Binh: 837
  - Hung Yen: 837
  - Khanh Hoa: 837
  - Kien Giang: 837
  - Kon Tum: 836
  - Lai Chau: 837
  - Lam Dong: 837
  - Lang Son: 836
  - Lao Cai: 837
  - Long An: 836
  - Nam Dinh: 836
  - Nghe An: 836
  - Ninh Binh: 836
  - Ninh Thuan: 836
  - Phu Tho: 836
  - Phu Yen: 836
  - Quang Binh: 836
  - Quang Nam: 836
  - Quang Ngai: 836
  - Quang Ninh: 836
  - Quang Tri: 836
  - Soc Trang: 836
  - Son La: 836
  - Tay Ninh: 836
  - Thai Binh: 836
  - Thai Nguyen: 836
  - Thanh Hoa: 836
  - Thua Thien Hue: 836
  - Tien Giang: 835
  - Tra Vinh: 836
  - Tuyen Quang: 836
  - Vinh Long: 836
  - Vinh Phuc: 836
  - Yen Bai: 835
[Bootstrap] Progress:
  - Hanoi: 839
  - Ho Chi Minh: 839
  - Hai Phong: 839
  - Da Nang: 838
  - Can Tho: 838
  - An Giang: 838
  - Ba Ria - Vung Tau: 838
  - Bac Giang: 838
  - Bac Kan: 838
  - Bac Lieu: 838
  - Bac Ninh: 838
  - Ben Tre: 837
  - Binh Dinh: 838
  - Binh Duong: 838
  - Binh Phuoc: 838
  - Binh Thuan: 838
  - Ca Mau: 838
  - Cao Bang: 838
  - Dak Lak: 838
  - Dak Nong: 838
  - Dien Bien: 838
  - Dong Nai: 838
  - Dong Thap: 838
  - Gia Lai: 838
  - Ha Giang: 838
  - Ha Nam: 838
  - Ha Tinh: 838
  - Hai Duong: 838
  - Hau Giang: 838
  - Hoa Binh: 838
  - Hung Yen: 838
  - Khanh Hoa: 838
  - Kien Giang: 838
  - Kon Tum: 837
  - Lai Chau: 838
  - Lam Dong: 838
  - Lang Son: 837
  - Lao Cai: 838
  - Long An: 837
  - Nam Dinh: 837
  - Nghe An: 837
  - Ninh Binh: 837
  - Ninh Thuan: 837
  - Phu Tho: 837
  - Phu Yen: 837
  - Quang Binh: 837
  - Quang Nam: 837
  - Quang Ngai: 837
  - Quang Ninh: 837
  - Quang Tri: 837
  - Soc Trang: 837
  - Son La: 837
  - Tay Ninh: 837
  - Thai Binh: 837
  - Thai Nguyen: 837
  - Thanh Hoa: 837
  - Thua Thien Hue: 837
  - Tien Giang: 836
  - Tra Vinh: 837
  - Tuyen Quang: 837
  - Vinh Long: 837
  - Vinh Phuc: 837
  - Yen Bai: 836
[Bootstrap] Progress:
  - Hanoi: 840
  - Ho Chi Minh: 840
  - Hai Phong: 840
  - Da Nang: 839
  - Can Tho: 839
  - An Giang: 839
  - Ba Ria - Vung Tau: 839
  - Bac Giang: 839
  - Bac Kan: 839
  - Bac Lieu: 839
  - Bac Ninh: 839
  - Ben Tre: 838
  - Binh Dinh: 839
  - Binh Duong: 839
  - Binh Phuoc: 839
  - Binh Thuan: 839
  - Ca Mau: 839
  - Cao Bang: 839
  - Dak Lak: 839
  - Dak Nong: 839
  - Dien Bien: 839
  - Dong Nai: 839
  - Dong Thap: 839
  - Gia Lai: 839
  - Ha Giang: 839
  - Ha Nam: 839
  - Ha Tinh: 839
  - Hai Duong: 839
  - Hau Giang: 839
  - Hoa Binh: 839
  - Hung Yen: 839
  - Khanh Hoa: 839
  - Kien Giang: 839
  - Kon Tum: 838
  - Lai Chau: 839
  - Lam Dong: 839
  - Lang Son: 838
  - Lao Cai: 839
  - Long An: 838
  - Nam Dinh: 838
  - Nghe An: 838
  - Ninh Binh: 838
  - Ninh Thuan: 838
  - Phu Tho: 838
  - Phu Yen: 838
  - Quang Binh: 838
  - Quang Nam: 838
  - Quang Ngai: 838
  - Quang Ninh: 838
  - Quang Tri: 838
  - Soc Trang: 838
  - Son La: 838
  - Tay Ninh: 838
  - Thai Binh: 838
  - Thai Nguyen: 838
  - Thanh Hoa: 838
  - Thua Thien Hue: 838
  - Tien Giang: 837
  - Tra Vinh: 838
  - Tuyen Quang: 838
  - Vinh Long: 838
  - Vinh Phuc: 838
  - Yen Bai: 837
[Bootstrap] Progress:
  - Hanoi: 841
  - Ho Chi Minh: 841
  - Hai Phong: 841
  - Da Nang: 840
  - Can Tho: 840
  - An Giang: 840
  - Ba Ria - Vung Tau: 840
  - Bac Giang: 840
  - Bac Kan: 840
  - Bac Lieu: 840
  - Bac Ninh: 840
  - Ben Tre: 839
  - Binh Dinh: 840
  - Binh Duong: 840
  - Binh Phuoc: 840
  - Binh Thuan: 840
  - Ca Mau: 840
  - Cao Bang: 840
  - Dak Lak: 840
  - Dak Nong: 840
  - Dien Bien: 840
  - Dong Nai: 840
  - Dong Thap: 840
  - Gia Lai: 840
  - Ha Giang: 840
  - Ha Nam: 840
  - Ha Tinh: 840
  - Hai Duong: 840
  - Hau Giang: 840
  - Hoa Binh: 840
  - Hung Yen: 840
  - Khanh Hoa: 840
  - Kien Giang: 840
  - Kon Tum: 839
  - Lai Chau: 840
  - Lam Dong: 840
  - Lang Son: 839
  - Lao Cai: 840
  - Long An: 839
  - Nam Dinh: 839
  - Nghe An: 839
  - Ninh Binh: 839
  - Ninh Thuan: 839
  - Phu Tho: 839
  - Phu Yen: 839
  - Quang Binh: 839
  - Quang Nam: 839
  - Quang Ngai: 839
  - Quang Ninh: 839
  - Quang Tri: 839
  - Soc Trang: 839
  - Son La: 839
  - Tay Ninh: 839
  - Thai Binh: 839
  - Thai Nguyen: 839
  - Thanh Hoa: 839
  - Thua Thien Hue: 839
  - Tien Giang: 838
  - Tra Vinh: 839
  - Tuyen Quang: 839
  - Vinh Long: 839
  - Vinh Phuc: 839
  - Yen Bai: 838
[Bootstrap] Progress:
  - Hanoi: 842
  - Ho Chi Minh: 842
  - Hai Phong: 842
  - Da Nang: 841
  - Can Tho: 841
  - An Giang: 841
  - Ba Ria - Vung Tau: 841
  - Bac Giang: 841
  - Bac Kan: 841
  - Bac Lieu: 841
  - Bac Ninh: 841
  - Ben Tre: 840
  - Binh Dinh: 841
  - Binh Duong: 841
  - Binh Phuoc: 841
  - Binh Thuan: 841
  - Ca Mau: 841
  - Cao Bang: 841
  - Dak Lak: 841
  - Dak Nong: 841
  - Dien Bien: 841
  - Dong Nai: 841
  - Dong Thap: 841
  - Gia Lai: 841
  - Ha Giang: 841
  - Ha Nam: 841
  - Ha Tinh: 841
  - Hai Duong: 841
  - Hau Giang: 841
  - Hoa Binh: 841
  - Hung Yen: 841
  - Khanh Hoa: 841
  - Kien Giang: 841
  - Kon Tum: 840
  - Lai Chau: 841
  - Lam Dong: 841
  - Lang Son: 840
  - Lao Cai: 841
  - Long An: 840
  - Nam Dinh: 840
  - Nghe An: 840
  - Ninh Binh: 840
  - Ninh Thuan: 840
  - Phu Tho: 840
  - Phu Yen: 840
  - Quang Binh: 840
  - Quang Nam: 840
  - Quang Ngai: 840
  - Quang Ninh: 840
  - Quang Tri: 840
  - Soc Trang: 840
  - Son La: 840
  - Tay Ninh: 840
  - Thai Binh: 840
  - Thai Nguyen: 840
  - Thanh Hoa: 840
  - Thua Thien Hue: 840
  - Tien Giang: 839
  - Tra Vinh: 840
  - Tuyen Quang: 840
  - Vinh Long: 840
  - Vinh Phuc: 840
  - Yen Bai: 839
[Bootstrap] Progress:
  - Hanoi: 843
  - Ho Chi Minh: 843
  - Hai Phong: 843
  - Da Nang: 842
  - Can Tho: 842
  - An Giang: 842
  - Ba Ria - Vung Tau: 842
  - Bac Giang: 842
  - Bac Kan: 842
  - Bac Lieu: 842
  - Bac Ninh: 842
  - Ben Tre: 841
  - Binh Dinh: 842
  - Binh Duong: 842
  - Binh Phuoc: 842
  - Binh Thuan: 842
  - Ca Mau: 842
  - Cao Bang: 842
  - Dak Lak: 842
  - Dak Nong: 842
  - Dien Bien: 842
  - Dong Nai: 842
  - Dong Thap: 842
  - Gia Lai: 842
  - Ha Giang: 842
  - Ha Nam: 842
  - Ha Tinh: 842
  - Hai Duong: 842
  - Hau Giang: 842
  - Hoa Binh: 842
  - Hung Yen: 842
  - Khanh Hoa: 842
  - Kien Giang: 842
  - Kon Tum: 841
  - Lai Chau: 842
  - Lam Dong: 842
  - Lang Son: 841
  - Lao Cai: 842
  - Long An: 841
  - Nam Dinh: 841
  - Nghe An: 841
  - Ninh Binh: 841
  - Ninh Thuan: 841
  - Phu Tho: 841
  - Phu Yen: 841
  - Quang Binh: 841
  - Quang Nam: 841
  - Quang Ngai: 841
  - Quang Ninh: 841
  - Quang Tri: 841
  - Soc Trang: 841
  - Son La: 841
  - Tay Ninh: 841
  - Thai Binh: 841
  - Thai Nguyen: 841
  - Thanh Hoa: 841
  - Thua Thien Hue: 841
  - Tien Giang: 840
  - Tra Vinh: 841
  - Tuyen Quang: 841
  - Vinh Long: 841
  - Vinh Phuc: 841
  - Yen Bai: 840
[Bootstrap] Progress:
  - Hanoi: 844
  - Ho Chi Minh: 844
  - Hai Phong: 844
  - Da Nang: 843
  - Can Tho: 843
  - An Giang: 843
  - Ba Ria - Vung Tau: 843
  - Bac Giang: 843
  - Bac Kan: 843
  - Bac Lieu: 843
  - Bac Ninh: 843
  - Ben Tre: 842
  - Binh Dinh: 843
  - Binh Duong: 843
  - Binh Phuoc: 843
  - Binh Thuan: 843
  - Ca Mau: 843
  - Cao Bang: 843
  - Dak Lak: 843
  - Dak Nong: 843
  - Dien Bien: 843
  - Dong Nai: 843
  - Dong Thap: 843
  - Gia Lai: 843
  - Ha Giang: 843
  - Ha Nam: 843
  - Ha Tinh: 843
  - Hai Duong: 843
  - Hau Giang: 843
  - Hoa Binh: 843
  - Hung Yen: 843
  - Khanh Hoa: 843
  - Kien Giang: 843
  - Kon Tum: 842
  - Lai Chau: 843
  - Lam Dong: 843
  - Lang Son: 842
  - Lao Cai: 843
  - Long An: 842
  - Nam Dinh: 842
  - Nghe An: 842
  - Ninh Binh: 842
  - Ninh Thuan: 842
  - Phu Tho: 842
  - Phu Yen: 842
  - Quang Binh: 842
  - Quang Nam: 842
  - Quang Ngai: 842
  - Quang Ninh: 842
  - Quang Tri: 842
  - Soc Trang: 842
  - Son La: 842
  - Tay Ninh: 842
  - Thai Binh: 842
  - Thai Nguyen: 842
  - Thanh Hoa: 842
  - Thua Thien Hue: 842
  - Tien Giang: 841
  - Tra Vinh: 842
  - Tuyen Quang: 842
  - Vinh Long: 842
  - Vinh Phuc: 842
  - Yen Bai: 841
[Bootstrap] Progress:
  - Hanoi: 845
  - Ho Chi Minh: 845
  - Hai Phong: 845
  - Da Nang: 844
  - Can Tho: 844
  - An Giang: 844
  - Ba Ria - Vung Tau: 844
  - Bac Giang: 844
  - Bac Kan: 844
  - Bac Lieu: 844
  - Bac Ninh: 844
  - Ben Tre: 843
  - Binh Dinh: 844
  - Binh Duong: 844
  - Binh Phuoc: 844
  - Binh Thuan: 844
  - Ca Mau: 844
  - Cao Bang: 844
  - Dak Lak: 844
  - Dak Nong: 844
  - Dien Bien: 844
  - Dong Nai: 844
  - Dong Thap: 844
  - Gia Lai: 844
  - Ha Giang: 844
  - Ha Nam: 844
  - Ha Tinh: 844
  - Hai Duong: 844
  - Hau Giang: 844
  - Hoa Binh: 844
  - Hung Yen: 844
  - Khanh Hoa: 844
  - Kien Giang: 844
  - Kon Tum: 843
  - Lai Chau: 844
  - Lam Dong: 844
  - Lang Son: 843
  - Lao Cai: 844
  - Long An: 843
  - Nam Dinh: 843
  - Nghe An: 843
  - Ninh Binh: 843
  - Ninh Thuan: 843
  - Phu Tho: 843
  - Phu Yen: 843
  - Quang Binh: 843
  - Quang Nam: 843
  - Quang Ngai: 843
  - Quang Ninh: 843
  - Quang Tri: 843
  - Soc Trang: 843
  - Son La: 843
  - Tay Ninh: 843
  - Thai Binh: 843
  - Thai Nguyen: 843
  - Thanh Hoa: 843
  - Thua Thien Hue: 843
  - Tien Giang: 842
  - Tra Vinh: 843
  - Tuyen Quang: 843
  - Vinh Long: 843
  - Vinh Phuc: 843
  - Yen Bai: 842
[Bootstrap] Progress:
  - Hanoi: 846
  - Ho Chi Minh: 846
  - Hai Phong: 846
  - Da Nang: 845
  - Can Tho: 845
  - An Giang: 845
  - Ba Ria - Vung Tau: 845
  - Bac Giang: 845
  - Bac Kan: 845
  - Bac Lieu: 845
  - Bac Ninh: 845
  - Ben Tre: 844
  - Binh Dinh: 845
  - Binh Duong: 845
  - Binh Phuoc: 845
  - Binh Thuan: 845
  - Ca Mau: 845
  - Cao Bang: 845
  - Dak Lak: 845
  - Dak Nong: 845
  - Dien Bien: 845
  - Dong Nai: 845
  - Dong Thap: 845
  - Gia Lai: 845
  - Ha Giang: 845
  - Ha Nam: 845
  - Ha Tinh: 845
  - Hai Duong: 845
  - Hau Giang: 845
  - Hoa Binh: 845
  - Hung Yen: 845
  - Khanh Hoa: 845
  - Kien Giang: 845
  - Kon Tum: 844
  - Lai Chau: 845
  - Lam Dong: 845
  - Lang Son: 844
  - Lao Cai: 845
  - Long An: 844
  - Nam Dinh: 844
  - Nghe An: 844
  - Ninh Binh: 844
  - Ninh Thuan: 844
  - Phu Tho: 844
  - Phu Yen: 844
  - Quang Binh: 844
  - Quang Nam: 844
  - Quang Ngai: 844
  - Quang Ninh: 844
  - Quang Tri: 844
  - Soc Trang: 844
  - Son La: 844
  - Tay Ninh: 844
  - Thai Binh: 844
  - Thai Nguyen: 844
  - Thanh Hoa: 844
  - Thua Thien Hue: 844
  - Tien Giang: 843
  - Tra Vinh: 844
  - Tuyen Quang: 844
  - Vinh Long: 844
  - Vinh Phuc: 844
  - Yen Bai: 843
[Bootstrap] Progress:
  - Hanoi: 847
  - Ho Chi Minh: 847
  - Hai Phong: 847
  - Da Nang: 846
  - Can Tho: 846
  - An Giang: 846
  - Ba Ria - Vung Tau: 846
  - Bac Giang: 846
  - Bac Kan: 846
  - Bac Lieu: 846
  - Bac Ninh: 846
  - Ben Tre: 845
  - Binh Dinh: 846
  - Binh Duong: 846
  - Binh Phuoc: 846
  - Binh Thuan: 846
  - Ca Mau: 846
  - Cao Bang: 846
  - Dak Lak: 846
  - Dak Nong: 846
  - Dien Bien: 846
  - Dong Nai: 846
  - Dong Thap: 846
  - Gia Lai: 846
  - Ha Giang: 846
  - Ha Nam: 846
  - Ha Tinh: 846
  - Hai Duong: 846
  - Hau Giang: 846
  - Hoa Binh: 846
  - Hung Yen: 846
  - Khanh Hoa: 846
  - Kien Giang: 846
  - Kon Tum: 845
  - Lai Chau: 846
  - Lam Dong: 846
  - Lang Son: 845
  - Lao Cai: 846
  - Long An: 845
  - Nam Dinh: 845
  - Nghe An: 845
  - Ninh Binh: 845
  - Ninh Thuan: 845
  - Phu Tho: 845
  - Phu Yen: 845
  - Quang Binh: 845
  - Quang Nam: 845
  - Quang Ngai: 845
  - Quang Ninh: 845
  - Quang Tri: 845
  - Soc Trang: 845
  - Son La: 845
  - Tay Ninh: 845
  - Thai Binh: 845
  - Thai Nguyen: 845
  - Thanh Hoa: 845
  - Thua Thien Hue: 845
  - Tien Giang: 844
  - Tra Vinh: 845
  - Tuyen Quang: 845
  - Vinh Long: 845
  - Vinh Phuc: 845
  - Yen Bai: 844
[Bootstrap] Progress:
  - Hanoi: 850
  - Ho Chi Minh: 850
  - Hai Phong: 850
  - Da Nang: 849
  - Can Tho: 849
  - An Giang: 849
  - Ba Ria - Vung Tau: 849
  - Bac Giang: 849
  - Bac Kan: 849
  - Bac Lieu: 849
  - Bac Ninh: 849
  - Ben Tre: 848
  - Binh Dinh: 849
  - Binh Duong: 849
  - Binh Phuoc: 849
  - Binh Thuan: 849
  - Ca Mau: 849
  - Cao Bang: 849
  - Dak Lak: 849
  - Dak Nong: 849
  - Dien Bien: 849
  - Dong Nai: 849
  - Dong Thap: 849
  - Gia Lai: 849
  - Ha Giang: 849
  - Ha Nam: 849
  - Ha Tinh: 849
  - Hai Duong: 849
  - Hau Giang: 849
  - Hoa Binh: 849
  - Hung Yen: 849
  - Khanh Hoa: 849
  - Kien Giang: 848
  - Kon Tum: 847
  - Lai Chau: 848
  - Lam Dong: 848
  - Lang Son: 847
  - Lao Cai: 848
  - Long An: 847
  - Nam Dinh: 847
  - Nghe An: 847
  - Ninh Binh: 847
  - Ninh Thuan: 847
  - Phu Tho: 847
  - Phu Yen: 847
  - Quang Binh: 847
  - Quang Nam: 847
  - Quang Ngai: 847
  - Quang Ninh: 847
  - Quang Tri: 847
  - Soc Trang: 847
  - Son La: 847
  - Tay Ninh: 847
  - Thai Binh: 847
  - Thai Nguyen: 847
  - Thanh Hoa: 847
  - Thua Thien Hue: 846
  - Tien Giang: 845
  - Tra Vinh: 846
  - Tuyen Quang: 846
  - Vinh Long: 846
  - Vinh Phuc: 846
  - Yen Bai: 845
[Bootstrap] Progress:
  - Hanoi: 851
  - Ho Chi Minh: 851
  - Hai Phong: 851
  - Da Nang: 850
  - Can Tho: 850
  - An Giang: 850
  - Ba Ria - Vung Tau: 850
  - Bac Giang: 850
  - Bac Kan: 850
  - Bac Lieu: 850
  - Bac Ninh: 850
  - Ben Tre: 849
  - Binh Dinh: 850
  - Binh Duong: 850
  - Binh Phuoc: 850
  - Binh Thuan: 850
  - Ca Mau: 850
  - Cao Bang: 850
  - Dak Lak: 850
  - Dak Nong: 850
  - Dien Bien: 850
  - Dong Nai: 850
  - Dong Thap: 850
  - Gia Lai: 850
  - Ha Giang: 850
  - Ha Nam: 850
  - Ha Tinh: 850
  - Hai Duong: 850
  - Hau Giang: 850
  - Hoa Binh: 850
  - Hung Yen: 850
  - Khanh Hoa: 850
  - Kien Giang: 850
  - Kon Tum: 849
  - Lai Chau: 850
  - Lam Dong: 850
  - Lang Son: 849
  - Lao Cai: 850
  - Long An: 849
  - Nam Dinh: 849
  - Nghe An: 849
  - Ninh Binh: 849
  - Ninh Thuan: 849
  - Phu Tho: 849
  - Phu Yen: 849
  - Quang Binh: 849
  - Quang Nam: 849
  - Quang Ngai: 849
  - Quang Ninh: 849
  - Quang Tri: 849
  - Soc Trang: 849
  - Son La: 849
  - Tay Ninh: 849
  - Thai Binh: 849
  - Thai Nguyen: 849
  - Thanh Hoa: 849
  - Thua Thien Hue: 849
  - Tien Giang: 848
  - Tra Vinh: 849
  - Tuyen Quang: 849
  - Vinh Long: 849
  - Vinh Phuc: 849
  - Yen Bai: 848
[Bootstrap] Progress:
  - Hanoi: 852
  - Ho Chi Minh: 852
  - Hai Phong: 852
  - Da Nang: 851
  - Can Tho: 851
  - An Giang: 851
  - Ba Ria - Vung Tau: 851
  - Bac Giang: 851
  - Bac Kan: 851
  - Bac Lieu: 851
  - Bac Ninh: 851
  - Ben Tre: 850
  - Binh Dinh: 851
  - Binh Duong: 851
  - Binh Phuoc: 851
  - Binh Thuan: 851
  - Ca Mau: 851
  - Cao Bang: 851
  - Dak Lak: 851
  - Dak Nong: 851
  - Dien Bien: 851
  - Dong Nai: 851
  - Dong Thap: 851
  - Gia Lai: 851
  - Ha Giang: 851
  - Ha Nam: 851
  - Ha Tinh: 851
  - Hai Duong: 851
  - Hau Giang: 851
  - Hoa Binh: 851
  - Hung Yen: 851
  - Khanh Hoa: 851
  - Kien Giang: 851
  - Kon Tum: 850
  - Lai Chau: 851
  - Lam Dong: 851
  - Lang Son: 850
  - Lao Cai: 851
  - Long An: 850
  - Nam Dinh: 850
  - Nghe An: 850
  - Ninh Binh: 850
  - Ninh Thuan: 850
  - Phu Tho: 850
  - Phu Yen: 850
  - Quang Binh: 850
  - Quang Nam: 850
  - Quang Ngai: 850
  - Quang Ninh: 850
  - Quang Tri: 850
  - Soc Trang: 850
  - Son La: 850
  - Tay Ninh: 850
  - Thai Binh: 850
  - Thai Nguyen: 850
  - Thanh Hoa: 850
  - Thua Thien Hue: 850
  - Tien Giang: 849
  - Tra Vinh: 850
  - Tuyen Quang: 850
  - Vinh Long: 850
  - Vinh Phuc: 850
  - Yen Bai: 849
[Bootstrap] Progress:
  - Hanoi: 853
  - Ho Chi Minh: 853
  - Hai Phong: 853
  - Da Nang: 852
  - Can Tho: 852
  - An Giang: 852
  - Ba Ria - Vung Tau: 852
  - Bac Giang: 852
  - Bac Kan: 852
  - Bac Lieu: 852
  - Bac Ninh: 852
  - Ben Tre: 851
  - Binh Dinh: 852
  - Binh Duong: 852
  - Binh Phuoc: 852
  - Binh Thuan: 852
  - Ca Mau: 852
  - Cao Bang: 852
  - Dak Lak: 852
  - Dak Nong: 852
  - Dien Bien: 852
  - Dong Nai: 852
  - Dong Thap: 852
  - Gia Lai: 852
  - Ha Giang: 852
  - Ha Nam: 852
  - Ha Tinh: 852
  - Hai Duong: 852
  - Hau Giang: 852
  - Hoa Binh: 852
  - Hung Yen: 852
  - Khanh Hoa: 852
  - Kien Giang: 852
  - Kon Tum: 851
  - Lai Chau: 852
  - Lam Dong: 852
  - Lang Son: 851
  - Lao Cai: 852
  - Long An: 851
  - Nam Dinh: 851
  - Nghe An: 851
  - Ninh Binh: 851
  - Ninh Thuan: 851
  - Phu Tho: 851
  - Phu Yen: 851
  - Quang Binh: 851
  - Quang Nam: 851
  - Quang Ngai: 851
  - Quang Ninh: 851
  - Quang Tri: 851
  - Soc Trang: 851
  - Son La: 851
  - Tay Ninh: 851
  - Thai Binh: 851
  - Thai Nguyen: 851
  - Thanh Hoa: 851
  - Thua Thien Hue: 851
  - Tien Giang: 850
  - Tra Vinh: 851
  - Tuyen Quang: 851
  - Vinh Long: 851
  - Vinh Phuc: 851
  - Yen Bai: 850
[Bootstrap] Progress:
  - Hanoi: 854
  - Ho Chi Minh: 854
  - Hai Phong: 854
  - Da Nang: 853
  - Can Tho: 853
  - An Giang: 853
  - Ba Ria - Vung Tau: 853
  - Bac Giang: 853
  - Bac Kan: 853
  - Bac Lieu: 853
  - Bac Ninh: 853
  - Ben Tre: 852
  - Binh Dinh: 853
  - Binh Duong: 853
  - Binh Phuoc: 853
  - Binh Thuan: 853
  - Ca Mau: 853
  - Cao Bang: 853
  - Dak Lak: 853
  - Dak Nong: 853
  - Dien Bien: 853
  - Dong Nai: 853
  - Dong Thap: 853
  - Gia Lai: 853
  - Ha Giang: 853
  - Ha Nam: 853
  - Ha Tinh: 853
  - Hai Duong: 853
  - Hau Giang: 853
  - Hoa Binh: 853
  - Hung Yen: 853
  - Khanh Hoa: 853
  - Kien Giang: 853
  - Kon Tum: 852
  - Lai Chau: 853
  - Lam Dong: 853
  - Lang Son: 852
  - Lao Cai: 853
  - Long An: 852
  - Nam Dinh: 852
  - Nghe An: 852
  - Ninh Binh: 852
  - Ninh Thuan: 852
  - Phu Tho: 852
  - Phu Yen: 852
  - Quang Binh: 852
  - Quang Nam: 852
  - Quang Ngai: 852
  - Quang Ninh: 852
  - Quang Tri: 852
  - Soc Trang: 852
  - Son La: 852
  - Tay Ninh: 852
  - Thai Binh: 852
  - Thai Nguyen: 852
  - Thanh Hoa: 852
  - Thua Thien Hue: 852
  - Tien Giang: 851
  - Tra Vinh: 852
  - Tuyen Quang: 852
  - Vinh Long: 852
  - Vinh Phuc: 852
  - Yen Bai: 851
[Bootstrap] Progress:
  - Hanoi: 855
  - Ho Chi Minh: 855
  - Hai Phong: 855
  - Da Nang: 854
  - Can Tho: 854
  - An Giang: 854
  - Ba Ria - Vung Tau: 854
  - Bac Giang: 854
  - Bac Kan: 854
  - Bac Lieu: 854
  - Bac Ninh: 854
  - Ben Tre: 853
  - Binh Dinh: 854
  - Binh Duong: 854
  - Binh Phuoc: 854
  - Binh Thuan: 854
  - Ca Mau: 854
  - Cao Bang: 854
  - Dak Lak: 854
  - Dak Nong: 854
  - Dien Bien: 854
  - Dong Nai: 854
  - Dong Thap: 854
  - Gia Lai: 854
  - Ha Giang: 854
  - Ha Nam: 854
  - Ha Tinh: 854
  - Hai Duong: 854
  - Hau Giang: 854
  - Hoa Binh: 854
  - Hung Yen: 854
  - Khanh Hoa: 854
  - Kien Giang: 854
  - Kon Tum: 853
  - Lai Chau: 854
  - Lam Dong: 854
  - Lang Son: 853
  - Lao Cai: 854
  - Long An: 853
  - Nam Dinh: 853
  - Nghe An: 853
  - Ninh Binh: 853
  - Ninh Thuan: 853
  - Phu Tho: 853
  - Phu Yen: 853
  - Quang Binh: 853
  - Quang Nam: 853
  - Quang Ngai: 853
  - Quang Ninh: 853
  - Quang Tri: 853
  - Soc Trang: 853
  - Son La: 853
  - Tay Ninh: 853
  - Thai Binh: 853
  - Thai Nguyen: 853
  - Thanh Hoa: 853
  - Thua Thien Hue: 853
  - Tien Giang: 852
  - Tra Vinh: 853
  - Tuyen Quang: 853
  - Vinh Long: 853
  - Vinh Phuc: 853
  - Yen Bai: 852
[Bootstrap] Progress:
  - Hanoi: 856
  - Ho Chi Minh: 856
  - Hai Phong: 856
  - Da Nang: 855
  - Can Tho: 855
  - An Giang: 855
  - Ba Ria - Vung Tau: 855
  - Bac Giang: 855
  - Bac Kan: 855
  - Bac Lieu: 855
  - Bac Ninh: 855
  - Ben Tre: 854
  - Binh Dinh: 855
  - Binh Duong: 855
  - Binh Phuoc: 855
  - Binh Thuan: 855
  - Ca Mau: 855
  - Cao Bang: 855
  - Dak Lak: 855
  - Dak Nong: 855
  - Dien Bien: 855
  - Dong Nai: 855
  - Dong Thap: 855
  - Gia Lai: 855
  - Ha Giang: 855
  - Ha Nam: 855
  - Ha Tinh: 855
  - Hai Duong: 855
  - Hau Giang: 855
  - Hoa Binh: 855
  - Hung Yen: 855
  - Khanh Hoa: 855
  - Kien Giang: 855
  - Kon Tum: 854
  - Lai Chau: 855
  - Lam Dong: 855
  - Lang Son: 854
  - Lao Cai: 855
  - Long An: 854
  - Nam Dinh: 854
  - Nghe An: 854
  - Ninh Binh: 854
  - Ninh Thuan: 854
  - Phu Tho: 854
  - Phu Yen: 854
  - Quang Binh: 854
  - Quang Nam: 854
  - Quang Ngai: 854
  - Quang Ninh: 854
  - Quang Tri: 854
  - Soc Trang: 854
  - Son La: 854
  - Tay Ninh: 854
  - Thai Binh: 854
  - Thai Nguyen: 854
  - Thanh Hoa: 854
  - Thua Thien Hue: 854
  - Tien Giang: 853
  - Tra Vinh: 854
  - Tuyen Quang: 854
  - Vinh Long: 854
  - Vinh Phuc: 854
  - Yen Bai: 853
[Bootstrap] Progress:
  - Hanoi: 857
  - Ho Chi Minh: 857
  - Hai Phong: 857
  - Da Nang: 856
  - Can Tho: 856
  - An Giang: 856
  - Ba Ria - Vung Tau: 856
  - Bac Giang: 856
  - Bac Kan: 856
  - Bac Lieu: 856
  - Bac Ninh: 856
  - Ben Tre: 855
  - Binh Dinh: 856
  - Binh Duong: 856
  - Binh Phuoc: 856
  - Binh Thuan: 856
  - Ca Mau: 856
  - Cao Bang: 856
  - Dak Lak: 856
  - Dak Nong: 856
  - Dien Bien: 856
  - Dong Nai: 856
  - Dong Thap: 856
  - Gia Lai: 856
  - Ha Giang: 856
  - Ha Nam: 856
  - Ha Tinh: 856
  - Hai Duong: 856
  - Hau Giang: 856
  - Hoa Binh: 856
  - Hung Yen: 856
  - Khanh Hoa: 856
  - Kien Giang: 856
  - Kon Tum: 855
  - Lai Chau: 856
  - Lam Dong: 856
  - Lang Son: 855
  - Lao Cai: 856
  - Long An: 855
  - Nam Dinh: 855
  - Nghe An: 855
  - Ninh Binh: 855
  - Ninh Thuan: 855
  - Phu Tho: 855
  - Phu Yen: 855
  - Quang Binh: 855
  - Quang Nam: 855
  - Quang Ngai: 855
  - Quang Ninh: 855
  - Quang Tri: 855
  - Soc Trang: 855
  - Son La: 855
  - Tay Ninh: 855
  - Thai Binh: 855
  - Thai Nguyen: 855
  - Thanh Hoa: 855
  - Thua Thien Hue: 855
  - Tien Giang: 854
  - Tra Vinh: 855
  - Tuyen Quang: 855
  - Vinh Long: 855
  - Vinh Phuc: 855
  - Yen Bai: 854
[Bootstrap] Progress:
  - Hanoi: 858
  - Ho Chi Minh: 858
  - Hai Phong: 858
  - Da Nang: 857
  - Can Tho: 857
  - An Giang: 857
  - Ba Ria - Vung Tau: 857
  - Bac Giang: 857
  - Bac Kan: 857
  - Bac Lieu: 857
  - Bac Ninh: 857
  - Ben Tre: 856
  - Binh Dinh: 857
  - Binh Duong: 857
  - Binh Phuoc: 857
  - Binh Thuan: 857
  - Ca Mau: 857
  - Cao Bang: 857
  - Dak Lak: 857
  - Dak Nong: 857
  - Dien Bien: 857
  - Dong Nai: 857
  - Dong Thap: 857
  - Gia Lai: 857
  - Ha Giang: 857
  - Ha Nam: 857
  - Ha Tinh: 857
  - Hai Duong: 857
  - Hau Giang: 857
  - Hoa Binh: 857
  - Hung Yen: 857
  - Khanh Hoa: 857
  - Kien Giang: 857
  - Kon Tum: 856
  - Lai Chau: 857
  - Lam Dong: 857
  - Lang Son: 856
  - Lao Cai: 857
  - Long An: 856
  - Nam Dinh: 856
  - Nghe An: 856
  - Ninh Binh: 856
  - Ninh Thuan: 856
  - Phu Tho: 856
  - Phu Yen: 856
  - Quang Binh: 856
  - Quang Nam: 856
  - Quang Ngai: 856
  - Quang Ninh: 856
  - Quang Tri: 856
  - Soc Trang: 856
  - Son La: 856
  - Tay Ninh: 856
  - Thai Binh: 856
  - Thai Nguyen: 856
  - Thanh Hoa: 856
  - Thua Thien Hue: 856
  - Tien Giang: 855
  - Tra Vinh: 856
  - Tuyen Quang: 856
  - Vinh Long: 856
  - Vinh Phuc: 856
  - Yen Bai: 855
[Bootstrap] Progress:
  - Hanoi: 859
  - Ho Chi Minh: 859
  - Hai Phong: 859
  - Da Nang: 858
  - Can Tho: 858
  - An Giang: 858
  - Ba Ria - Vung Tau: 858
  - Bac Giang: 858
  - Bac Kan: 858
  - Bac Lieu: 858
  - Bac Ninh: 858
  - Ben Tre: 857
  - Binh Dinh: 858
  - Binh Duong: 858
  - Binh Phuoc: 858
  - Binh Thuan: 858
  - Ca Mau: 858
  - Cao Bang: 858
  - Dak Lak: 858
  - Dak Nong: 858
  - Dien Bien: 858
  - Dong Nai: 858
  - Dong Thap: 858
  - Gia Lai: 858
  - Ha Giang: 858
  - Ha Nam: 858
  - Ha Tinh: 858
  - Hai Duong: 858
  - Hau Giang: 858
  - Hoa Binh: 858
  - Hung Yen: 858
  - Khanh Hoa: 858
  - Kien Giang: 858
  - Kon Tum: 857
  - Lai Chau: 858
  - Lam Dong: 858
  - Lang Son: 857
  - Lao Cai: 858
  - Long An: 857
  - Nam Dinh: 857
  - Nghe An: 857
  - Ninh Binh: 857
  - Ninh Thuan: 857
  - Phu Tho: 857
  - Phu Yen: 857
  - Quang Binh: 857
  - Quang Nam: 857
  - Quang Ngai: 857
  - Quang Ninh: 857
  - Quang Tri: 857
  - Soc Trang: 857
  - Son La: 857
  - Tay Ninh: 857
  - Thai Binh: 857
  - Thai Nguyen: 857
  - Thanh Hoa: 857
  - Thua Thien Hue: 857
  - Tien Giang: 856
  - Tra Vinh: 857
  - Tuyen Quang: 857
  - Vinh Long: 857
  - Vinh Phuc: 857
  - Yen Bai: 856
[Bootstrap] Progress:
  - Hanoi: 860
  - Ho Chi Minh: 860
  - Hai Phong: 860
  - Da Nang: 859
  - Can Tho: 859
  - An Giang: 859
  - Ba Ria - Vung Tau: 859
  - Bac Giang: 859
  - Bac Kan: 859
  - Bac Lieu: 859
  - Bac Ninh: 859
  - Ben Tre: 858
  - Binh Dinh: 859
  - Binh Duong: 859
  - Binh Phuoc: 859
  - Binh Thuan: 859
  - Ca Mau: 859
  - Cao Bang: 859
  - Dak Lak: 859
  - Dak Nong: 859
  - Dien Bien: 859
  - Dong Nai: 859
  - Dong Thap: 859
  - Gia Lai: 859
  - Ha Giang: 859
  - Ha Nam: 859
  - Ha Tinh: 859
  - Hai Duong: 859
  - Hau Giang: 859
  - Hoa Binh: 859
  - Hung Yen: 859
  - Khanh Hoa: 859
  - Kien Giang: 859
  - Kon Tum: 858
  - Lai Chau: 859
  - Lam Dong: 859
  - Lang Son: 858
  - Lao Cai: 859
  - Long An: 858
  - Nam Dinh: 858
  - Nghe An: 858
  - Ninh Binh: 858
  - Ninh Thuan: 858
  - Phu Tho: 858
  - Phu Yen: 858
  - Quang Binh: 858
  - Quang Nam: 858
  - Quang Ngai: 858
  - Quang Ninh: 858
  - Quang Tri: 858
  - Soc Trang: 858
  - Son La: 858
  - Tay Ninh: 858
  - Thai Binh: 858
  - Thai Nguyen: 858
  - Thanh Hoa: 858
  - Thua Thien Hue: 858
  - Tien Giang: 857
  - Tra Vinh: 858
  - Tuyen Quang: 858
  - Vinh Long: 858
  - Vinh Phuc: 858
  - Yen Bai: 857
[Bootstrap] Progress:
  - Hanoi: 863
  - Ho Chi Minh: 863
  - Hai Phong: 863
  - Da Nang: 862
  - Can Tho: 862
  - An Giang: 862
  - Ba Ria - Vung Tau: 862
  - Bac Giang: 862
  - Bac Kan: 862
  - Bac Lieu: 862
  - Bac Ninh: 862
  - Ben Tre: 861
  - Binh Dinh: 862
  - Binh Duong: 862
  - Binh Phuoc: 862
  - Binh Thuan: 862
  - Ca Mau: 862
  - Cao Bang: 862
  - Dak Lak: 862
  - Dak Nong: 862
  - Dien Bien: 862
  - Dong Nai: 862
  - Dong Thap: 862
  - Gia Lai: 862
  - Ha Giang: 862
  - Ha Nam: 862
  - Ha Tinh: 862
  - Hai Duong: 862
  - Hau Giang: 862
  - Hoa Binh: 862
  - Hung Yen: 862
  - Khanh Hoa: 862
  - Kien Giang: 862
  - Kon Tum: 861
  - Lai Chau: 862
  - Lam Dong: 862
  - Lang Son: 861
  - Lao Cai: 862
  - Long An: 861
  - Nam Dinh: 861
  - Nghe An: 861
  - Ninh Binh: 860
  - Ninh Thuan: 860
  - Phu Tho: 860
  - Phu Yen: 860
  - Quang Binh: 860
  - Quang Nam: 860
  - Quang Ngai: 860
  - Quang Ninh: 860
  - Quang Tri: 860
  - Soc Trang: 860
  - Son La: 860
  - Tay Ninh: 860
  - Thai Binh: 860
  - Thai Nguyen: 860
  - Thanh Hoa: 859
  - Thua Thien Hue: 859
  - Tien Giang: 858
  - Tra Vinh: 859
  - Tuyen Quang: 859
  - Vinh Long: 859
  - Vinh Phuc: 859
  - Yen Bai: 858
[Bootstrap] Progress:
  - Hanoi: 864
  - Ho Chi Minh: 864
  - Hai Phong: 864
  - Da Nang: 863
  - Can Tho: 863
  - An Giang: 863
  - Ba Ria - Vung Tau: 863
  - Bac Giang: 863
  - Bac Kan: 863
  - Bac Lieu: 863
  - Bac Ninh: 863
  - Ben Tre: 862
  - Binh Dinh: 863
  - Binh Duong: 863
  - Binh Phuoc: 863
  - Binh Thuan: 863
  - Ca Mau: 863
  - Cao Bang: 863
  - Dak Lak: 863
  - Dak Nong: 863
  - Dien Bien: 863
  - Dong Nai: 863
  - Dong Thap: 863
  - Gia Lai: 863
  - Ha Giang: 863
  - Ha Nam: 863
  - Ha Tinh: 863
  - Hai Duong: 863
  - Hau Giang: 863
  - Hoa Binh: 863
  - Hung Yen: 863
  - Khanh Hoa: 863
  - Kien Giang: 863
  - Kon Tum: 862
  - Lai Chau: 863
  - Lam Dong: 863
  - Lang Son: 862
  - Lao Cai: 863
  - Long An: 862
  - Nam Dinh: 862
  - Nghe An: 862
  - Ninh Binh: 862
  - Ninh Thuan: 862
  - Phu Tho: 862
  - Phu Yen: 862
  - Quang Binh: 862
  - Quang Nam: 862
  - Quang Ngai: 862
  - Quang Ninh: 862
  - Quang Tri: 862
  - Soc Trang: 862
  - Son La: 862
  - Tay Ninh: 862
  - Thai Binh: 862
  - Thai Nguyen: 862
  - Thanh Hoa: 862
  - Thua Thien Hue: 862
  - Tien Giang: 861
  - Tra Vinh: 862
  - Tuyen Quang: 862
  - Vinh Long: 862
  - Vinh Phuc: 862
  - Yen Bai: 861
[Bootstrap] Progress:
  - Hanoi: 865
  - Ho Chi Minh: 865
  - Hai Phong: 865
  - Da Nang: 864
  - Can Tho: 864
  - An Giang: 864
  - Ba Ria - Vung Tau: 864
  - Bac Giang: 864
  - Bac Kan: 864
  - Bac Lieu: 864
  - Bac Ninh: 864
  - Ben Tre: 863
  - Binh Dinh: 864
  - Binh Duong: 864
  - Binh Phuoc: 864
  - Binh Thuan: 864
  - Ca Mau: 864
  - Cao Bang: 864
  - Dak Lak: 864
  - Dak Nong: 864
  - Dien Bien: 864
  - Dong Nai: 864
  - Dong Thap: 864
  - Gia Lai: 864
  - Ha Giang: 864
  - Ha Nam: 864
  - Ha Tinh: 864
  - Hai Duong: 864
  - Hau Giang: 864
  - Hoa Binh: 864
  - Hung Yen: 864
  - Khanh Hoa: 864
  - Kien Giang: 864
  - Kon Tum: 863
  - Lai Chau: 864
  - Lam Dong: 864
  - Lang Son: 863
  - Lao Cai: 864
  - Long An: 863
  - Nam Dinh: 863
  - Nghe An: 863
  - Ninh Binh: 863
  - Ninh Thuan: 863
  - Phu Tho: 863
  - Phu Yen: 863
  - Quang Binh: 863
  - Quang Nam: 863
  - Quang Ngai: 863
  - Quang Ninh: 863
  - Quang Tri: 863
  - Soc Trang: 863
  - Son La: 863
  - Tay Ninh: 863
  - Thai Binh: 863
  - Thai Nguyen: 863
  - Thanh Hoa: 863
  - Thua Thien Hue: 863
  - Tien Giang: 862
  - Tra Vinh: 863
  - Tuyen Quang: 863
  - Vinh Long: 863
  - Vinh Phuc: 863
  - Yen Bai: 862
[Bootstrap] Progress:
  - Hanoi: 866
  - Ho Chi Minh: 866
  - Hai Phong: 866
  - Da Nang: 865
  - Can Tho: 865
  - An Giang: 865
  - Ba Ria - Vung Tau: 865
  - Bac Giang: 865
  - Bac Kan: 865
  - Bac Lieu: 865
  - Bac Ninh: 865
  - Ben Tre: 864
  - Binh Dinh: 865
  - Binh Duong: 865
  - Binh Phuoc: 865
  - Binh Thuan: 865
  - Ca Mau: 865
  - Cao Bang: 865
  - Dak Lak: 865
  - Dak Nong: 865
  - Dien Bien: 865
  - Dong Nai: 865
  - Dong Thap: 865
  - Gia Lai: 865
  - Ha Giang: 865
  - Ha Nam: 865
  - Ha Tinh: 865
  - Hai Duong: 865
  - Hau Giang: 865
  - Hoa Binh: 865
  - Hung Yen: 865
  - Khanh Hoa: 865
  - Kien Giang: 865
  - Kon Tum: 864
  - Lai Chau: 865
  - Lam Dong: 865
  - Lang Son: 864
  - Lao Cai: 865
  - Long An: 864
  - Nam Dinh: 864
  - Nghe An: 864
  - Ninh Binh: 864
  - Ninh Thuan: 864
  - Phu Tho: 864
  - Phu Yen: 864
  - Quang Binh: 864
  - Quang Nam: 864
  - Quang Ngai: 864
  - Quang Ninh: 864
  - Quang Tri: 864
  - Soc Trang: 864
  - Son La: 864
  - Tay Ninh: 864
  - Thai Binh: 864
  - Thai Nguyen: 864
  - Thanh Hoa: 864
  - Thua Thien Hue: 864
  - Tien Giang: 863
  - Tra Vinh: 864
  - Tuyen Quang: 864
  - Vinh Long: 864
  - Vinh Phuc: 864
  - Yen Bai: 863
[Bootstrap] Progress:
  - Hanoi: 867
  - Ho Chi Minh: 867
  - Hai Phong: 867
  - Da Nang: 866
  - Can Tho: 866
  - An Giang: 866
  - Ba Ria - Vung Tau: 866
  - Bac Giang: 866
  - Bac Kan: 866
  - Bac Lieu: 866
  - Bac Ninh: 866
  - Ben Tre: 865
  - Binh Dinh: 866
  - Binh Duong: 866
  - Binh Phuoc: 866
  - Binh Thuan: 866
  - Ca Mau: 866
  - Cao Bang: 866
  - Dak Lak: 866
  - Dak Nong: 866
  - Dien Bien: 866
  - Dong Nai: 866
  - Dong Thap: 866
  - Gia Lai: 866
  - Ha Giang: 866
  - Ha Nam: 866
  - Ha Tinh: 866
  - Hai Duong: 866
  - Hau Giang: 866
  - Hoa Binh: 866
  - Hung Yen: 866
  - Khanh Hoa: 866
  - Kien Giang: 866
  - Kon Tum: 865
  - Lai Chau: 866
  - Lam Dong: 866
  - Lang Son: 865
  - Lao Cai: 866
  - Long An: 865
  - Nam Dinh: 865
  - Nghe An: 865
  - Ninh Binh: 865
  - Ninh Thuan: 865
  - Phu Tho: 865
  - Phu Yen: 865
  - Quang Binh: 865
  - Quang Nam: 865
  - Quang Ngai: 865
  - Quang Ninh: 865
  - Quang Tri: 865
  - Soc Trang: 865
  - Son La: 865
  - Tay Ninh: 865
  - Thai Binh: 865
  - Thai Nguyen: 865
  - Thanh Hoa: 865
  - Thua Thien Hue: 865
  - Tien Giang: 864
  - Tra Vinh: 865
  - Tuyen Quang: 865
  - Vinh Long: 865
  - Vinh Phuc: 865
  - Yen Bai: 864
[Bootstrap] Progress:
  - Hanoi: 868
  - Ho Chi Minh: 868
  - Hai Phong: 868
  - Da Nang: 867
  - Can Tho: 867
  - An Giang: 867
  - Ba Ria - Vung Tau: 867
  - Bac Giang: 867
  - Bac Kan: 867
  - Bac Lieu: 867
  - Bac Ninh: 867
  - Ben Tre: 866
  - Binh Dinh: 867
  - Binh Duong: 867
  - Binh Phuoc: 867
  - Binh Thuan: 867
  - Ca Mau: 867
  - Cao Bang: 867
  - Dak Lak: 867
  - Dak Nong: 867
  - Dien Bien: 867
  - Dong Nai: 867
  - Dong Thap: 867
  - Gia Lai: 867
  - Ha Giang: 867
  - Ha Nam: 867
  - Ha Tinh: 867
  - Hai Duong: 867
  - Hau Giang: 867
  - Hoa Binh: 867
  - Hung Yen: 867
  - Khanh Hoa: 867
  - Kien Giang: 867
  - Kon Tum: 866
  - Lai Chau: 867
  - Lam Dong: 867
  - Lang Son: 866
  - Lao Cai: 867
  - Long An: 866
  - Nam Dinh: 866
  - Nghe An: 866
  - Ninh Binh: 866
  - Ninh Thuan: 866
  - Phu Tho: 866
  - Phu Yen: 866
  - Quang Binh: 866
  - Quang Nam: 866
  - Quang Ngai: 866
  - Quang Ninh: 866
  - Quang Tri: 866
  - Soc Trang: 866
  - Son La: 866
  - Tay Ninh: 866
  - Thai Binh: 866
  - Thai Nguyen: 866
  - Thanh Hoa: 866
  - Thua Thien Hue: 866
  - Tien Giang: 865
  - Tra Vinh: 866
  - Tuyen Quang: 866
  - Vinh Long: 866
  - Vinh Phuc: 866
  - Yen Bai: 865
[Bootstrap] Progress:
  - Hanoi: 869
  - Ho Chi Minh: 869
  - Hai Phong: 869
  - Da Nang: 868
  - Can Tho: 868
  - An Giang: 868
  - Ba Ria - Vung Tau: 868
  - Bac Giang: 868
  - Bac Kan: 868
  - Bac Lieu: 868
  - Bac Ninh: 868
  - Ben Tre: 867
  - Binh Dinh: 868
  - Binh Duong: 868
  - Binh Phuoc: 868
  - Binh Thuan: 868
  - Ca Mau: 868
  - Cao Bang: 868
  - Dak Lak: 868
  - Dak Nong: 868
  - Dien Bien: 868
  - Dong Nai: 868
  - Dong Thap: 868
  - Gia Lai: 868
  - Ha Giang: 868
  - Ha Nam: 868
  - Ha Tinh: 868
  - Hai Duong: 868
  - Hau Giang: 868
  - Hoa Binh: 868
  - Hung Yen: 868
  - Khanh Hoa: 868
  - Kien Giang: 868
  - Kon Tum: 867
  - Lai Chau: 868
  - Lam Dong: 868
  - Lang Son: 867
  - Lao Cai: 868
  - Long An: 867
  - Nam Dinh: 867
  - Nghe An: 867
  - Ninh Binh: 867
  - Ninh Thuan: 867
  - Phu Tho: 867
  - Phu Yen: 867
  - Quang Binh: 867
  - Quang Nam: 867
  - Quang Ngai: 867
  - Quang Ninh: 867
  - Quang Tri: 867
  - Soc Trang: 867
  - Son La: 867
  - Tay Ninh: 867
  - Thai Binh: 867
  - Thai Nguyen: 867
  - Thanh Hoa: 867
  - Thua Thien Hue: 867
  - Tien Giang: 866
  - Tra Vinh: 867
  - Tuyen Quang: 867
  - Vinh Long: 867
  - Vinh Phuc: 867
  - Yen Bai: 866
[Bootstrap] Progress:
  - Hanoi: 870
  - Ho Chi Minh: 870
  - Hai Phong: 870
  - Da Nang: 869
  - Can Tho: 869
  - An Giang: 869
  - Ba Ria - Vung Tau: 869
  - Bac Giang: 869
  - Bac Kan: 869
  - Bac Lieu: 869
  - Bac Ninh: 869
  - Ben Tre: 868
  - Binh Dinh: 869
  - Binh Duong: 869
  - Binh Phuoc: 869
  - Binh Thuan: 869
  - Ca Mau: 869
  - Cao Bang: 869
  - Dak Lak: 869
  - Dak Nong: 869
  - Dien Bien: 869
  - Dong Nai: 869
  - Dong Thap: 869
  - Gia Lai: 869
  - Ha Giang: 869
  - Ha Nam: 869
  - Ha Tinh: 869
  - Hai Duong: 869
  - Hau Giang: 869
  - Hoa Binh: 869
  - Hung Yen: 869
  - Khanh Hoa: 869
  - Kien Giang: 869
  - Kon Tum: 868
  - Lai Chau: 869
  - Lam Dong: 869
  - Lang Son: 868
  - Lao Cai: 869
  - Long An: 868
  - Nam Dinh: 868
  - Nghe An: 868
  - Ninh Binh: 868
  - Ninh Thuan: 868
  - Phu Tho: 868
  - Phu Yen: 868
  - Quang Binh: 868
  - Quang Nam: 868
  - Quang Ngai: 868
  - Quang Ninh: 868
  - Quang Tri: 868
  - Soc Trang: 868
  - Son La: 868
  - Tay Ninh: 868
  - Thai Binh: 868
  - Thai Nguyen: 868
  - Thanh Hoa: 868
  - Thua Thien Hue: 868
  - Tien Giang: 867
  - Tra Vinh: 868
  - Tuyen Quang: 868
  - Vinh Long: 868
  - Vinh Phuc: 868
  - Yen Bai: 867
[Bootstrap] Progress:
  - Hanoi: 871
  - Ho Chi Minh: 871
  - Hai Phong: 871
  - Da Nang: 870
  - Can Tho: 870
  - An Giang: 870
  - Ba Ria - Vung Tau: 870
  - Bac Giang: 870
  - Bac Kan: 870
  - Bac Lieu: 870
  - Bac Ninh: 870
  - Ben Tre: 869
  - Binh Dinh: 870
  - Binh Duong: 870
  - Binh Phuoc: 870
  - Binh Thuan: 870
  - Ca Mau: 870
  - Cao Bang: 870
  - Dak Lak: 870
  - Dak Nong: 870
  - Dien Bien: 870
  - Dong Nai: 870
  - Dong Thap: 870
  - Gia Lai: 870
  - Ha Giang: 870
  - Ha Nam: 870
  - Ha Tinh: 870
  - Hai Duong: 870
  - Hau Giang: 870
  - Hoa Binh: 870
  - Hung Yen: 870
  - Khanh Hoa: 870
  - Kien Giang: 870
  - Kon Tum: 869
  - Lai Chau: 870
  - Lam Dong: 870
  - Lang Son: 869
  - Lao Cai: 870
  - Long An: 869
  - Nam Dinh: 869
  - Nghe An: 869
  - Ninh Binh: 869
  - Ninh Thuan: 869
  - Phu Tho: 869
  - Phu Yen: 869
  - Quang Binh: 869
  - Quang Nam: 869
  - Quang Ngai: 869
  - Quang Ninh: 869
  - Quang Tri: 869
  - Soc Trang: 869
  - Son La: 869
  - Tay Ninh: 869
  - Thai Binh: 869
  - Thai Nguyen: 869
  - Thanh Hoa: 869
  - Thua Thien Hue: 869
  - Tien Giang: 868
  - Tra Vinh: 869
  - Tuyen Quang: 869
  - Vinh Long: 869
  - Vinh Phuc: 869
  - Yen Bai: 868
[Bootstrap] Progress:
  - Hanoi: 872
  - Ho Chi Minh: 872
  - Hai Phong: 872
  - Da Nang: 871
  - Can Tho: 871
  - An Giang: 871
  - Ba Ria - Vung Tau: 871
  - Bac Giang: 871
  - Bac Kan: 871
  - Bac Lieu: 871
  - Bac Ninh: 871
  - Ben Tre: 870
  - Binh Dinh: 871
  - Binh Duong: 871
  - Binh Phuoc: 871
  - Binh Thuan: 871
  - Ca Mau: 871
  - Cao Bang: 871
  - Dak Lak: 871
  - Dak Nong: 871
  - Dien Bien: 871
  - Dong Nai: 871
  - Dong Thap: 871
  - Gia Lai: 871
  - Ha Giang: 871
  - Ha Nam: 871
  - Ha Tinh: 871
  - Hai Duong: 871
  - Hau Giang: 871
  - Hoa Binh: 871
  - Hung Yen: 871
  - Khanh Hoa: 871
  - Kien Giang: 871
  - Kon Tum: 870
  - Lai Chau: 871
  - Lam Dong: 871
  - Lang Son: 870
  - Lao Cai: 871
  - Long An: 870
  - Nam Dinh: 870
  - Nghe An: 870
  - Ninh Binh: 870
  - Ninh Thuan: 870
  - Phu Tho: 870
  - Phu Yen: 870
  - Quang Binh: 870
  - Quang Nam: 870
  - Quang Ngai: 870
  - Quang Ninh: 870
  - Quang Tri: 870
  - Soc Trang: 870
  - Son La: 870
  - Tay Ninh: 870
  - Thai Binh: 870
  - Thai Nguyen: 870
  - Thanh Hoa: 870
  - Thua Thien Hue: 870
  - Tien Giang: 869
  - Tra Vinh: 870
  - Tuyen Quang: 870
  - Vinh Long: 870
  - Vinh Phuc: 870
  - Yen Bai: 869
[Bootstrap] Progress:
  - Hanoi: 873
  - Ho Chi Minh: 873
  - Hai Phong: 873
  - Da Nang: 872
  - Can Tho: 872
  - An Giang: 872
  - Ba Ria - Vung Tau: 872
  - Bac Giang: 872
  - Bac Kan: 872
  - Bac Lieu: 872
  - Bac Ninh: 872
  - Ben Tre: 871
  - Binh Dinh: 872
  - Binh Duong: 872
  - Binh Phuoc: 872
  - Binh Thuan: 872
  - Ca Mau: 872
  - Cao Bang: 872
  - Dak Lak: 872
  - Dak Nong: 872
  - Dien Bien: 872
  - Dong Nai: 872
  - Dong Thap: 872
  - Gia Lai: 872
  - Ha Giang: 872
  - Ha Nam: 872
  - Ha Tinh: 872
  - Hai Duong: 872
  - Hau Giang: 872
  - Hoa Binh: 872
  - Hung Yen: 872
  - Khanh Hoa: 872
  - Kien Giang: 872
  - Kon Tum: 871
  - Lai Chau: 872
  - Lam Dong: 872
  - Lang Son: 871
  - Lao Cai: 872
  - Long An: 871
  - Nam Dinh: 871
  - Nghe An: 871
  - Ninh Binh: 871
  - Ninh Thuan: 871
  - Phu Tho: 871
  - Phu Yen: 871
  - Quang Binh: 871
  - Quang Nam: 871
  - Quang Ngai: 871
  - Quang Ninh: 871
  - Quang Tri: 871
  - Soc Trang: 871
  - Son La: 871
  - Tay Ninh: 871
  - Thai Binh: 871
  - Thai Nguyen: 871
  - Thanh Hoa: 871
  - Thua Thien Hue: 871
  - Tien Giang: 870
  - Tra Vinh: 871
  - Tuyen Quang: 871
  - Vinh Long: 871
  - Vinh Phuc: 871
  - Yen Bai: 870
[Bootstrap] Progress:
  - Hanoi: 876
  - Ho Chi Minh: 876
  - Hai Phong: 876
  - Da Nang: 875
  - Can Tho: 875
  - An Giang: 875
  - Ba Ria - Vung Tau: 875
  - Bac Giang: 875
  - Bac Kan: 875
  - Bac Lieu: 875
  - Bac Ninh: 875
  - Ben Tre: 874
  - Binh Dinh: 875
  - Binh Duong: 875
  - Binh Phuoc: 875
  - Binh Thuan: 875
  - Ca Mau: 875
  - Cao Bang: 875
  - Dak Lak: 875
  - Dak Nong: 875
  - Dien Bien: 875
  - Dong Nai: 875
  - Dong Thap: 875
  - Gia Lai: 875
  - Ha Giang: 875
  - Ha Nam: 875
  - Ha Tinh: 875
  - Hai Duong: 875
  - Hau Giang: 875
  - Hoa Binh: 875
  - Hung Yen: 875
  - Khanh Hoa: 875
  - Kien Giang: 875
  - Kon Tum: 874
  - Lai Chau: 875
  - Lam Dong: 875
  - Lang Son: 874
  - Lao Cai: 875
  - Long An: 874
  - Nam Dinh: 874
  - Nghe An: 874
  - Ninh Binh: 874
  - Ninh Thuan: 874
  - Phu Tho: 874
  - Phu Yen: 874
  - Quang Binh: 874
  - Quang Nam: 874
  - Quang Ngai: 874
  - Quang Ninh: 874
  - Quang Tri: 874
  - Soc Trang: 873
  - Son La: 873
  - Tay Ninh: 873
  - Thai Binh: 873
  - Thai Nguyen: 873
  - Thanh Hoa: 873
  - Thua Thien Hue: 873
  - Tien Giang: 872
  - Tra Vinh: 873
  - Tuyen Quang: 873
  - Vinh Long: 873
  - Vinh Phuc: 873
  - Yen Bai: 872
[Bootstrap] Progress:
  - Hanoi: 877
  - Ho Chi Minh: 877
  - Hai Phong: 877
  - Da Nang: 876
  - Can Tho: 876
  - An Giang: 876
  - Ba Ria - Vung Tau: 876
  - Bac Giang: 876
  - Bac Kan: 876
  - Bac Lieu: 876
  - Bac Ninh: 876
  - Ben Tre: 875
  - Binh Dinh: 876
  - Binh Duong: 876
  - Binh Phuoc: 876
  - Binh Thuan: 876
  - Ca Mau: 876
  - Cao Bang: 876
  - Dak Lak: 876
  - Dak Nong: 876
  - Dien Bien: 876
  - Dong Nai: 876
  - Dong Thap: 876
  - Gia Lai: 876
  - Ha Giang: 876
  - Ha Nam: 876
  - Ha Tinh: 876
  - Hai Duong: 876
  - Hau Giang: 876
  - Hoa Binh: 876
  - Hung Yen: 876
  - Khanh Hoa: 876
  - Kien Giang: 876
  - Kon Tum: 875
  - Lai Chau: 876
  - Lam Dong: 876
  - Lang Son: 875
  - Lao Cai: 876
  - Long An: 875
  - Nam Dinh: 875
  - Nghe An: 875
  - Ninh Binh: 875
  - Ninh Thuan: 875
  - Phu Tho: 875
  - Phu Yen: 875
  - Quang Binh: 875
  - Quang Nam: 875
  - Quang Ngai: 875
  - Quang Ninh: 875
  - Quang Tri: 875
  - Soc Trang: 875
  - Son La: 875
  - Tay Ninh: 875
  - Thai Binh: 875
  - Thai Nguyen: 875
  - Thanh Hoa: 875
  - Thua Thien Hue: 875
  - Tien Giang: 874
  - Tra Vinh: 875
  - Tuyen Quang: 875
  - Vinh Long: 875
  - Vinh Phuc: 875
  - Yen Bai: 874
[Bootstrap] Progress:
  - Hanoi: 878
  - Ho Chi Minh: 878
  - Hai Phong: 878
  - Da Nang: 877
  - Can Tho: 877
  - An Giang: 877
  - Ba Ria - Vung Tau: 877
  - Bac Giang: 877
  - Bac Kan: 877
  - Bac Lieu: 877
  - Bac Ninh: 877
  - Ben Tre: 876
  - Binh Dinh: 877
  - Binh Duong: 877
  - Binh Phuoc: 877
  - Binh Thuan: 877
  - Ca Mau: 877
  - Cao Bang: 877
  - Dak Lak: 877
  - Dak Nong: 877
  - Dien Bien: 877
  - Dong Nai: 877
  - Dong Thap: 877
  - Gia Lai: 877
  - Ha Giang: 877
  - Ha Nam: 877
  - Ha Tinh: 877
  - Hai Duong: 877
  - Hau Giang: 877
  - Hoa Binh: 877
  - Hung Yen: 877
  - Khanh Hoa: 877
  - Kien Giang: 877
  - Kon Tum: 876
  - Lai Chau: 877
  - Lam Dong: 877
  - Lang Son: 876
  - Lao Cai: 877
  - Long An: 876
  - Nam Dinh: 876
  - Nghe An: 876
  - Ninh Binh: 876
  - Ninh Thuan: 876
  - Phu Tho: 876
  - Phu Yen: 876
  - Quang Binh: 876
  - Quang Nam: 876
  - Quang Ngai: 876
  - Quang Ninh: 876
  - Quang Tri: 876
  - Soc Trang: 876
  - Son La: 876
  - Tay Ninh: 876
  - Thai Binh: 876
  - Thai Nguyen: 876
  - Thanh Hoa: 876
  - Thua Thien Hue: 876
  - Tien Giang: 875
  - Tra Vinh: 876
  - Tuyen Quang: 876
  - Vinh Long: 876
  - Vinh Phuc: 876
  - Yen Bai: 875
[Bootstrap] Progress:
  - Hanoi: 879
  - Ho Chi Minh: 879
  - Hai Phong: 879
  - Da Nang: 878
  - Can Tho: 878
  - An Giang: 878
  - Ba Ria - Vung Tau: 878
  - Bac Giang: 878
  - Bac Kan: 878
  - Bac Lieu: 878
  - Bac Ninh: 878
  - Ben Tre: 877
  - Binh Dinh: 878
  - Binh Duong: 878
  - Binh Phuoc: 878
  - Binh Thuan: 878
  - Ca Mau: 878
  - Cao Bang: 878
  - Dak Lak: 878
  - Dak Nong: 878
  - Dien Bien: 878
  - Dong Nai: 878
  - Dong Thap: 878
  - Gia Lai: 878
  - Ha Giang: 878
  - Ha Nam: 878
  - Ha Tinh: 878
  - Hai Duong: 878
  - Hau Giang: 878
  - Hoa Binh: 878
  - Hung Yen: 878
  - Khanh Hoa: 878
  - Kien Giang: 878
  - Kon Tum: 877
  - Lai Chau: 878
  - Lam Dong: 878
  - Lang Son: 877
  - Lao Cai: 878
  - Long An: 877
  - Nam Dinh: 877
  - Nghe An: 877
  - Ninh Binh: 877
  - Ninh Thuan: 877
  - Phu Tho: 877
  - Phu Yen: 877
  - Quang Binh: 877
  - Quang Nam: 877
  - Quang Ngai: 877
  - Quang Ninh: 877
  - Quang Tri: 877
  - Soc Trang: 877
  - Son La: 877
  - Tay Ninh: 877
  - Thai Binh: 877
  - Thai Nguyen: 877
  - Thanh Hoa: 877
  - Thua Thien Hue: 877
  - Tien Giang: 876
  - Tra Vinh: 877
  - Tuyen Quang: 877
  - Vinh Long: 877
  - Vinh Phuc: 877
  - Yen Bai: 876
[Bootstrap] Progress:
  - Hanoi: 880
  - Ho Chi Minh: 880
  - Hai Phong: 880
  - Da Nang: 879
  - Can Tho: 879
  - An Giang: 879
  - Ba Ria - Vung Tau: 879
  - Bac Giang: 879
  - Bac Kan: 879
  - Bac Lieu: 879
  - Bac Ninh: 879
  - Ben Tre: 878
  - Binh Dinh: 879
  - Binh Duong: 879
  - Binh Phuoc: 879
  - Binh Thuan: 879
  - Ca Mau: 879
  - Cao Bang: 879
  - Dak Lak: 879
  - Dak Nong: 879
  - Dien Bien: 879
  - Dong Nai: 879
  - Dong Thap: 879
  - Gia Lai: 879
  - Ha Giang: 879
  - Ha Nam: 879
  - Ha Tinh: 879
  - Hai Duong: 879
  - Hau Giang: 879
  - Hoa Binh: 879
  - Hung Yen: 879
  - Khanh Hoa: 879
  - Kien Giang: 879
  - Kon Tum: 878
  - Lai Chau: 879
  - Lam Dong: 879
  - Lang Son: 878
  - Lao Cai: 879
  - Long An: 878
  - Nam Dinh: 878
  - Nghe An: 878
  - Ninh Binh: 878
  - Ninh Thuan: 878
  - Phu Tho: 878
  - Phu Yen: 878
  - Quang Binh: 878
  - Quang Nam: 878
  - Quang Ngai: 878
  - Quang Ninh: 878
  - Quang Tri: 878
  - Soc Trang: 878
  - Son La: 878
  - Tay Ninh: 878
  - Thai Binh: 878
  - Thai Nguyen: 878
  - Thanh Hoa: 878
  - Thua Thien Hue: 878
  - Tien Giang: 877
  - Tra Vinh: 878
  - Tuyen Quang: 878
  - Vinh Long: 878
  - Vinh Phuc: 878
  - Yen Bai: 877
[Bootstrap] Progress:
  - Hanoi: 881
  - Ho Chi Minh: 881
  - Hai Phong: 881
  - Da Nang: 880
  - Can Tho: 880
  - An Giang: 880
  - Ba Ria - Vung Tau: 880
  - Bac Giang: 880
  - Bac Kan: 880
  - Bac Lieu: 880
  - Bac Ninh: 880
  - Ben Tre: 879
  - Binh Dinh: 880
  - Binh Duong: 880
  - Binh Phuoc: 880
  - Binh Thuan: 880
  - Ca Mau: 880
  - Cao Bang: 880
  - Dak Lak: 880
  - Dak Nong: 880
  - Dien Bien: 880
  - Dong Nai: 880
  - Dong Thap: 880
  - Gia Lai: 880
  - Ha Giang: 880
  - Ha Nam: 880
  - Ha Tinh: 880
  - Hai Duong: 880
  - Hau Giang: 880
  - Hoa Binh: 880
  - Hung Yen: 880
  - Khanh Hoa: 880
  - Kien Giang: 880
  - Kon Tum: 879
  - Lai Chau: 880
  - Lam Dong: 880
  - Lang Son: 879
  - Lao Cai: 880
  - Long An: 879
  - Nam Dinh: 879
  - Nghe An: 879
  - Ninh Binh: 879
  - Ninh Thuan: 879
  - Phu Tho: 879
  - Phu Yen: 879
  - Quang Binh: 879
  - Quang Nam: 879
  - Quang Ngai: 879
  - Quang Ninh: 879
  - Quang Tri: 879
  - Soc Trang: 879
  - Son La: 879
  - Tay Ninh: 879
  - Thai Binh: 879
  - Thai Nguyen: 879
  - Thanh Hoa: 879
  - Thua Thien Hue: 879
  - Tien Giang: 878
  - Tra Vinh: 879
  - Tuyen Quang: 879
  - Vinh Long: 879
  - Vinh Phuc: 879
  - Yen Bai: 878
[Bootstrap] Progress:
  - Hanoi: 882
  - Ho Chi Minh: 882
  - Hai Phong: 882
  - Da Nang: 881
  - Can Tho: 881
  - An Giang: 881
  - Ba Ria - Vung Tau: 881
  - Bac Giang: 881
  - Bac Kan: 881
  - Bac Lieu: 881
  - Bac Ninh: 881
  - Ben Tre: 880
  - Binh Dinh: 881
  - Binh Duong: 881
  - Binh Phuoc: 881
  - Binh Thuan: 881
  - Ca Mau: 881
  - Cao Bang: 881
  - Dak Lak: 881
  - Dak Nong: 881
  - Dien Bien: 881
  - Dong Nai: 881
  - Dong Thap: 881
  - Gia Lai: 881
  - Ha Giang: 881
  - Ha Nam: 881
  - Ha Tinh: 881
  - Hai Duong: 881
  - Hau Giang: 881
  - Hoa Binh: 881
  - Hung Yen: 881
  - Khanh Hoa: 881
  - Kien Giang: 881
  - Kon Tum: 880
  - Lai Chau: 881
  - Lam Dong: 881
  - Lang Son: 880
  - Lao Cai: 881
  - Long An: 880
  - Nam Dinh: 880
  - Nghe An: 880
  - Ninh Binh: 880
  - Ninh Thuan: 880
  - Phu Tho: 880
  - Phu Yen: 880
  - Quang Binh: 880
  - Quang Nam: 880
  - Quang Ngai: 880
  - Quang Ninh: 880
  - Quang Tri: 880
  - Soc Trang: 880
  - Son La: 880
  - Tay Ninh: 880
  - Thai Binh: 880
  - Thai Nguyen: 880
  - Thanh Hoa: 880
  - Thua Thien Hue: 880
  - Tien Giang: 879
  - Tra Vinh: 880
  - Tuyen Quang: 880
  - Vinh Long: 880
  - Vinh Phuc: 880
  - Yen Bai: 879
[Bootstrap] Progress:
  - Hanoi: 883
  - Ho Chi Minh: 883
  - Hai Phong: 883
  - Da Nang: 882
  - Can Tho: 882
  - An Giang: 882
  - Ba Ria - Vung Tau: 882
  - Bac Giang: 882
  - Bac Kan: 882
  - Bac Lieu: 882
  - Bac Ninh: 882
  - Ben Tre: 881
  - Binh Dinh: 882
  - Binh Duong: 882
  - Binh Phuoc: 882
  - Binh Thuan: 882
  - Ca Mau: 882
  - Cao Bang: 882
  - Dak Lak: 882
  - Dak Nong: 882
  - Dien Bien: 882
  - Dong Nai: 882
  - Dong Thap: 882
  - Gia Lai: 882
  - Ha Giang: 882
  - Ha Nam: 882
  - Ha Tinh: 882
  - Hai Duong: 882
  - Hau Giang: 882
  - Hoa Binh: 882
  - Hung Yen: 882
  - Khanh Hoa: 882
  - Kien Giang: 882
  - Kon Tum: 881
  - Lai Chau: 882
  - Lam Dong: 882
  - Lang Son: 881
  - Lao Cai: 882
  - Long An: 881
  - Nam Dinh: 881
  - Nghe An: 881
  - Ninh Binh: 881
  - Ninh Thuan: 881
  - Phu Tho: 881
  - Phu Yen: 881
  - Quang Binh: 881
  - Quang Nam: 881
  - Quang Ngai: 881
  - Quang Ninh: 881
  - Quang Tri: 881
  - Soc Trang: 881
  - Son La: 881
  - Tay Ninh: 881
  - Thai Binh: 881
  - Thai Nguyen: 881
  - Thanh Hoa: 881
  - Thua Thien Hue: 881
  - Tien Giang: 880
  - Tra Vinh: 881
  - Tuyen Quang: 881
  - Vinh Long: 881
  - Vinh Phuc: 881
  - Yen Bai: 880
[Bootstrap] Progress:
  - Hanoi: 884
  - Ho Chi Minh: 884
  - Hai Phong: 884
  - Da Nang: 883
  - Can Tho: 883
  - An Giang: 883
  - Ba Ria - Vung Tau: 883
  - Bac Giang: 883
  - Bac Kan: 883
  - Bac Lieu: 883
  - Bac Ninh: 883
  - Ben Tre: 882
  - Binh Dinh: 883
  - Binh Duong: 883
  - Binh Phuoc: 883
  - Binh Thuan: 883
  - Ca Mau: 883
  - Cao Bang: 883
  - Dak Lak: 883
  - Dak Nong: 883
  - Dien Bien: 883
  - Dong Nai: 883
  - Dong Thap: 883
  - Gia Lai: 883
  - Ha Giang: 883
  - Ha Nam: 883
  - Ha Tinh: 883
  - Hai Duong: 883
  - Hau Giang: 883
  - Hoa Binh: 883
  - Hung Yen: 883
  - Khanh Hoa: 883
  - Kien Giang: 883
  - Kon Tum: 882
  - Lai Chau: 883
  - Lam Dong: 883
  - Lang Son: 882
  - Lao Cai: 883
  - Long An: 882
  - Nam Dinh: 882
  - Nghe An: 882
  - Ninh Binh: 882
  - Ninh Thuan: 882
  - Phu Tho: 882
  - Phu Yen: 882
  - Quang Binh: 882
  - Quang Nam: 882
  - Quang Ngai: 882
  - Quang Ninh: 882
  - Quang Tri: 882
  - Soc Trang: 882
  - Son La: 882
  - Tay Ninh: 882
  - Thai Binh: 882
  - Thai Nguyen: 882
  - Thanh Hoa: 882
  - Thua Thien Hue: 882
  - Tien Giang: 881
  - Tra Vinh: 882
  - Tuyen Quang: 882
  - Vinh Long: 882
  - Vinh Phuc: 882
  - Yen Bai: 881
[Bootstrap] Progress:
  - Hanoi: 885
  - Ho Chi Minh: 885
  - Hai Phong: 885
  - Da Nang: 884
  - Can Tho: 884
  - An Giang: 884
  - Ba Ria - Vung Tau: 884
  - Bac Giang: 884
  - Bac Kan: 884
  - Bac Lieu: 884
  - Bac Ninh: 884
  - Ben Tre: 883
  - Binh Dinh: 884
  - Binh Duong: 884
  - Binh Phuoc: 884
  - Binh Thuan: 884
  - Ca Mau: 884
  - Cao Bang: 884
  - Dak Lak: 884
  - Dak Nong: 884
  - Dien Bien: 884
  - Dong Nai: 884
  - Dong Thap: 884
  - Gia Lai: 884
  - Ha Giang: 884
  - Ha Nam: 884
  - Ha Tinh: 884
  - Hai Duong: 884
  - Hau Giang: 884
  - Hoa Binh: 884
  - Hung Yen: 884
  - Khanh Hoa: 884
  - Kien Giang: 884
  - Kon Tum: 883
  - Lai Chau: 884
  - Lam Dong: 884
  - Lang Son: 883
  - Lao Cai: 884
  - Long An: 883
  - Nam Dinh: 883
  - Nghe An: 883
  - Ninh Binh: 883
  - Ninh Thuan: 883
  - Phu Tho: 883
  - Phu Yen: 883
  - Quang Binh: 883
  - Quang Nam: 883
  - Quang Ngai: 883
  - Quang Ninh: 883
  - Quang Tri: 883
  - Soc Trang: 883
  - Son La: 883
  - Tay Ninh: 883
  - Thai Binh: 883
  - Thai Nguyen: 883
  - Thanh Hoa: 883
  - Thua Thien Hue: 883
  - Tien Giang: 882
  - Tra Vinh: 883
  - Tuyen Quang: 883
  - Vinh Long: 883
  - Vinh Phuc: 883
  - Yen Bai: 882
[Bootstrap] Progress:
  - Hanoi: 886
  - Ho Chi Minh: 886
  - Hai Phong: 886
  - Da Nang: 885
  - Can Tho: 885
  - An Giang: 885
  - Ba Ria - Vung Tau: 885
  - Bac Giang: 885
  - Bac Kan: 885
  - Bac Lieu: 885
  - Bac Ninh: 885
  - Ben Tre: 884
  - Binh Dinh: 885
  - Binh Duong: 885
  - Binh Phuoc: 885
  - Binh Thuan: 885
  - Ca Mau: 885
  - Cao Bang: 885
  - Dak Lak: 885
  - Dak Nong: 885
  - Dien Bien: 885
  - Dong Nai: 885
  - Dong Thap: 885
  - Gia Lai: 885
  - Ha Giang: 885
  - Ha Nam: 885
  - Ha Tinh: 885
  - Hai Duong: 885
  - Hau Giang: 885
  - Hoa Binh: 885
  - Hung Yen: 885
  - Khanh Hoa: 885
  - Kien Giang: 885
  - Kon Tum: 884
  - Lai Chau: 885
  - Lam Dong: 885
  - Lang Son: 884
  - Lao Cai: 885
  - Long An: 884
  - Nam Dinh: 884
  - Nghe An: 884
  - Ninh Binh: 884
  - Ninh Thuan: 884
  - Phu Tho: 884
  - Phu Yen: 884
  - Quang Binh: 884
  - Quang Nam: 884
  - Quang Ngai: 884
  - Quang Ninh: 884
  - Quang Tri: 884
  - Soc Trang: 884
  - Son La: 884
  - Tay Ninh: 884
  - Thai Binh: 884
  - Thai Nguyen: 884
  - Thanh Hoa: 884
  - Thua Thien Hue: 884
  - Tien Giang: 883
  - Tra Vinh: 884
  - Tuyen Quang: 884
  - Vinh Long: 884
  - Vinh Phuc: 884
  - Yen Bai: 883
[Bootstrap] Progress:
  - Hanoi: 889
  - Ho Chi Minh: 889
  - Hai Phong: 889
  - Da Nang: 888
  - Can Tho: 888
  - An Giang: 888
  - Ba Ria - Vung Tau: 888
  - Bac Giang: 888
  - Bac Kan: 888
  - Bac Lieu: 888
  - Bac Ninh: 888
  - Ben Tre: 887
  - Binh Dinh: 888
  - Binh Duong: 888
  - Binh Phuoc: 888
  - Binh Thuan: 888
  - Ca Mau: 888
  - Cao Bang: 888
  - Dak Lak: 888
  - Dak Nong: 888
  - Dien Bien: 888
  - Dong Nai: 888
  - Dong Thap: 888
  - Gia Lai: 888
  - Ha Giang: 888
  - Ha Nam: 888
  - Ha Tinh: 888
  - Hai Duong: 888
  - Hau Giang: 888
  - Hoa Binh: 888
  - Hung Yen: 888
  - Khanh Hoa: 888
  - Kien Giang: 888
  - Kon Tum: 887
  - Lai Chau: 888
  - Lam Dong: 888
  - Lang Son: 887
  - Lao Cai: 888
  - Long An: 887
  - Nam Dinh: 887
  - Nghe An: 887
  - Ninh Binh: 887
  - Ninh Thuan: 887
  - Phu Tho: 887
  - Phu Yen: 887
  - Quang Binh: 887
  - Quang Nam: 887
  - Quang Ngai: 887
  - Quang Ninh: 887
  - Quang Tri: 887
  - Soc Trang: 887
  - Son La: 887
  - Tay Ninh: 887
  - Thai Binh: 887
  - Thai Nguyen: 887
  - Thanh Hoa: 887
  - Thua Thien Hue: 887
  - Tien Giang: 886
  - Tra Vinh: 887
  - Tuyen Quang: 887
  - Vinh Long: 887
  - Vinh Phuc: 887
  - Yen Bai: 886
[Bootstrap] Progress:
  - Hanoi: 890
  - Ho Chi Minh: 890
  - Hai Phong: 890
  - Da Nang: 889
  - Can Tho: 889
  - An Giang: 889
  - Ba Ria - Vung Tau: 889
  - Bac Giang: 889
  - Bac Kan: 889
  - Bac Lieu: 889
  - Bac Ninh: 889
  - Ben Tre: 888
  - Binh Dinh: 889
  - Binh Duong: 889
  - Binh Phuoc: 889
  - Binh Thuan: 889
  - Ca Mau: 889
  - Cao Bang: 889
  - Dak Lak: 889
  - Dak Nong: 889
  - Dien Bien: 889
  - Dong Nai: 889
  - Dong Thap: 889
  - Gia Lai: 889
  - Ha Giang: 889
  - Ha Nam: 889
  - Ha Tinh: 889
  - Hai Duong: 889
  - Hau Giang: 889
  - Hoa Binh: 889
  - Hung Yen: 889
  - Khanh Hoa: 889
  - Kien Giang: 889
  - Kon Tum: 888
  - Lai Chau: 889
  - Lam Dong: 889
  - Lang Son: 888
  - Lao Cai: 889
  - Long An: 888
  - Nam Dinh: 888
  - Nghe An: 888
  - Ninh Binh: 888
  - Ninh Thuan: 888
  - Phu Tho: 888
  - Phu Yen: 888
  - Quang Binh: 888
  - Quang Nam: 888
  - Quang Ngai: 888
  - Quang Ninh: 888
  - Quang Tri: 888
  - Soc Trang: 888
  - Son La: 888
  - Tay Ninh: 888
  - Thai Binh: 888
  - Thai Nguyen: 888
  - Thanh Hoa: 888
  - Thua Thien Hue: 888
  - Tien Giang: 887
  - Tra Vinh: 888
  - Tuyen Quang: 888
  - Vinh Long: 888
  - Vinh Phuc: 888
  - Yen Bai: 887
[Bootstrap] Progress:
  - Hanoi: 891
  - Ho Chi Minh: 891
  - Hai Phong: 891
  - Da Nang: 890
  - Can Tho: 890
  - An Giang: 890
  - Ba Ria - Vung Tau: 890
  - Bac Giang: 890
  - Bac Kan: 890
  - Bac Lieu: 890
  - Bac Ninh: 890
  - Ben Tre: 889
  - Binh Dinh: 890
  - Binh Duong: 890
  - Binh Phuoc: 890
  - Binh Thuan: 890
  - Ca Mau: 890
  - Cao Bang: 890
  - Dak Lak: 890
  - Dak Nong: 890
  - Dien Bien: 890
  - Dong Nai: 890
  - Dong Thap: 890
  - Gia Lai: 890
  - Ha Giang: 890
  - Ha Nam: 890
  - Ha Tinh: 890
  - Hai Duong: 890
  - Hau Giang: 890
  - Hoa Binh: 890
  - Hung Yen: 890
  - Khanh Hoa: 890
  - Kien Giang: 890
  - Kon Tum: 889
  - Lai Chau: 890
  - Lam Dong: 890
  - Lang Son: 889
  - Lao Cai: 890
  - Long An: 889
  - Nam Dinh: 889
  - Nghe An: 889
  - Ninh Binh: 889
  - Ninh Thuan: 889
  - Phu Tho: 889
  - Phu Yen: 889
  - Quang Binh: 889
  - Quang Nam: 889
  - Quang Ngai: 889
  - Quang Ninh: 889
  - Quang Tri: 889
  - Soc Trang: 889
  - Son La: 889
  - Tay Ninh: 889
  - Thai Binh: 889
  - Thai Nguyen: 889
  - Thanh Hoa: 889
  - Thua Thien Hue: 889
  - Tien Giang: 888
  - Tra Vinh: 889
  - Tuyen Quang: 889
  - Vinh Long: 889
  - Vinh Phuc: 889
  - Yen Bai: 888
[Bootstrap] Progress:
  - Hanoi: 892
  - Ho Chi Minh: 892
  - Hai Phong: 892
  - Da Nang: 891
  - Can Tho: 891
  - An Giang: 891
  - Ba Ria - Vung Tau: 891
  - Bac Giang: 891
  - Bac Kan: 891
  - Bac Lieu: 891
  - Bac Ninh: 891
  - Ben Tre: 890
  - Binh Dinh: 891
  - Binh Duong: 891
  - Binh Phuoc: 891
  - Binh Thuan: 891
  - Ca Mau: 891
  - Cao Bang: 891
  - Dak Lak: 891
  - Dak Nong: 891
  - Dien Bien: 891
  - Dong Nai: 891
  - Dong Thap: 891
  - Gia Lai: 891
  - Ha Giang: 891
  - Ha Nam: 891
  - Ha Tinh: 891
  - Hai Duong: 891
  - Hau Giang: 891
  - Hoa Binh: 891
  - Hung Yen: 891
  - Khanh Hoa: 891
  - Kien Giang: 891
  - Kon Tum: 890
  - Lai Chau: 891
  - Lam Dong: 891
  - Lang Son: 890
  - Lao Cai: 891
  - Long An: 890
  - Nam Dinh: 890
  - Nghe An: 890
  - Ninh Binh: 890
  - Ninh Thuan: 890
  - Phu Tho: 890
  - Phu Yen: 890
  - Quang Binh: 890
  - Quang Nam: 890
  - Quang Ngai: 890
  - Quang Ninh: 890
  - Quang Tri: 890
  - Soc Trang: 890
  - Son La: 890
  - Tay Ninh: 890
  - Thai Binh: 890
  - Thai Nguyen: 890
  - Thanh Hoa: 890
  - Thua Thien Hue: 890
  - Tien Giang: 889
  - Tra Vinh: 890
  - Tuyen Quang: 890
  - Vinh Long: 890
  - Vinh Phuc: 890
  - Yen Bai: 889
[Bootstrap] Progress:
  - Hanoi: 893
  - Ho Chi Minh: 893
  - Hai Phong: 893
  - Da Nang: 892
  - Can Tho: 892
  - An Giang: 892
  - Ba Ria - Vung Tau: 892
  - Bac Giang: 892
  - Bac Kan: 892
  - Bac Lieu: 892
  - Bac Ninh: 892
  - Ben Tre: 891
  - Binh Dinh: 892
  - Binh Duong: 892
  - Binh Phuoc: 892
  - Binh Thuan: 892
  - Ca Mau: 892
  - Cao Bang: 892
  - Dak Lak: 892
  - Dak Nong: 892
  - Dien Bien: 892
  - Dong Nai: 892
  - Dong Thap: 892
  - Gia Lai: 892
  - Ha Giang: 892
  - Ha Nam: 892
  - Ha Tinh: 892
  - Hai Duong: 892
  - Hau Giang: 892
  - Hoa Binh: 892
  - Hung Yen: 892
  - Khanh Hoa: 892
  - Kien Giang: 892
  - Kon Tum: 891
  - Lai Chau: 892
  - Lam Dong: 892
  - Lang Son: 891
  - Lao Cai: 892
  - Long An: 891
  - Nam Dinh: 891
  - Nghe An: 891
  - Ninh Binh: 891
  - Ninh Thuan: 891
  - Phu Tho: 891
  - Phu Yen: 891
  - Quang Binh: 891
  - Quang Nam: 891
  - Quang Ngai: 891
  - Quang Ninh: 891
  - Quang Tri: 891
  - Soc Trang: 891
  - Son La: 891
  - Tay Ninh: 891
  - Thai Binh: 891
  - Thai Nguyen: 891
  - Thanh Hoa: 891
  - Thua Thien Hue: 891
  - Tien Giang: 890
  - Tra Vinh: 891
  - Tuyen Quang: 891
  - Vinh Long: 891
  - Vinh Phuc: 891
  - Yen Bai: 890
[Bootstrap] Progress:
  - Hanoi: 894
  - Ho Chi Minh: 894
  - Hai Phong: 894
  - Da Nang: 893
  - Can Tho: 893
  - An Giang: 893
  - Ba Ria - Vung Tau: 893
  - Bac Giang: 893
  - Bac Kan: 893
  - Bac Lieu: 893
  - Bac Ninh: 893
  - Ben Tre: 892
  - Binh Dinh: 893
  - Binh Duong: 893
  - Binh Phuoc: 893
  - Binh Thuan: 893
  - Ca Mau: 893
  - Cao Bang: 893
  - Dak Lak: 893
  - Dak Nong: 893
  - Dien Bien: 893
  - Dong Nai: 893
  - Dong Thap: 893
  - Gia Lai: 893
  - Ha Giang: 893
  - Ha Nam: 893
  - Ha Tinh: 893
  - Hai Duong: 893
  - Hau Giang: 893
  - Hoa Binh: 893
  - Hung Yen: 893
  - Khanh Hoa: 893
  - Kien Giang: 893
  - Kon Tum: 892
  - Lai Chau: 893
  - Lam Dong: 893
  - Lang Son: 892
  - Lao Cai: 893
  - Long An: 892
  - Nam Dinh: 892
  - Nghe An: 892
  - Ninh Binh: 892
  - Ninh Thuan: 892
  - Phu Tho: 892
  - Phu Yen: 892
  - Quang Binh: 892
  - Quang Nam: 892
  - Quang Ngai: 892
  - Quang Ninh: 892
  - Quang Tri: 892
  - Soc Trang: 892
  - Son La: 892
  - Tay Ninh: 892
  - Thai Binh: 892
  - Thai Nguyen: 892
  - Thanh Hoa: 892
  - Thua Thien Hue: 892
  - Tien Giang: 891
  - Tra Vinh: 892
  - Tuyen Quang: 892
  - Vinh Long: 892
  - Vinh Phuc: 892
  - Yen Bai: 891
[Bootstrap] Progress:
  - Hanoi: 895
  - Ho Chi Minh: 895
  - Hai Phong: 895
  - Da Nang: 894
  - Can Tho: 894
  - An Giang: 894
  - Ba Ria - Vung Tau: 894
  - Bac Giang: 894
  - Bac Kan: 894
  - Bac Lieu: 894
  - Bac Ninh: 894
  - Ben Tre: 893
  - Binh Dinh: 894
  - Binh Duong: 894
  - Binh Phuoc: 894
  - Binh Thuan: 894
  - Ca Mau: 894
  - Cao Bang: 894
  - Dak Lak: 894
  - Dak Nong: 894
  - Dien Bien: 894
  - Dong Nai: 894
  - Dong Thap: 894
  - Gia Lai: 894
  - Ha Giang: 894
  - Ha Nam: 894
  - Ha Tinh: 894
  - Hai Duong: 894
  - Hau Giang: 894
  - Hoa Binh: 894
  - Hung Yen: 894
  - Khanh Hoa: 894
  - Kien Giang: 894
  - Kon Tum: 893
  - Lai Chau: 894
  - Lam Dong: 894
  - Lang Son: 893
  - Lao Cai: 894
  - Long An: 893
  - Nam Dinh: 893
  - Nghe An: 893
  - Ninh Binh: 893
  - Ninh Thuan: 893
  - Phu Tho: 893
  - Phu Yen: 893
  - Quang Binh: 893
  - Quang Nam: 893
  - Quang Ngai: 893
  - Quang Ninh: 893
  - Quang Tri: 893
  - Soc Trang: 893
  - Son La: 893
  - Tay Ninh: 893
  - Thai Binh: 893
  - Thai Nguyen: 893
  - Thanh Hoa: 893
  - Thua Thien Hue: 893
  - Tien Giang: 892
  - Tra Vinh: 893
  - Tuyen Quang: 893
  - Vinh Long: 893
  - Vinh Phuc: 893
  - Yen Bai: 892
[Bootstrap] Progress:
  - Hanoi: 896
  - Ho Chi Minh: 896
  - Hai Phong: 896
  - Da Nang: 895
  - Can Tho: 895
  - An Giang: 895
  - Ba Ria - Vung Tau: 895
  - Bac Giang: 895
  - Bac Kan: 895
  - Bac Lieu: 895
  - Bac Ninh: 895
  - Ben Tre: 894
  - Binh Dinh: 895
  - Binh Duong: 895
  - Binh Phuoc: 895
  - Binh Thuan: 895
  - Ca Mau: 895
  - Cao Bang: 895
  - Dak Lak: 895
  - Dak Nong: 895
  - Dien Bien: 895
  - Dong Nai: 895
  - Dong Thap: 895
  - Gia Lai: 895
  - Ha Giang: 895
  - Ha Nam: 895
  - Ha Tinh: 895
  - Hai Duong: 895
  - Hau Giang: 895
  - Hoa Binh: 895
  - Hung Yen: 895
  - Khanh Hoa: 895
  - Kien Giang: 895
  - Kon Tum: 894
  - Lai Chau: 895
  - Lam Dong: 895
  - Lang Son: 894
  - Lao Cai: 895
  - Long An: 894
  - Nam Dinh: 894
  - Nghe An: 894
  - Ninh Binh: 894
  - Ninh Thuan: 894
  - Phu Tho: 894
  - Phu Yen: 894
  - Quang Binh: 894
  - Quang Nam: 894
  - Quang Ngai: 894
  - Quang Ninh: 894
  - Quang Tri: 894
  - Soc Trang: 894
  - Son La: 894
  - Tay Ninh: 894
  - Thai Binh: 894
  - Thai Nguyen: 894
  - Thanh Hoa: 894
  - Thua Thien Hue: 894
  - Tien Giang: 893
  - Tra Vinh: 894
  - Tuyen Quang: 894
  - Vinh Long: 894
  - Vinh Phuc: 894
  - Yen Bai: 893
[Bootstrap] Progress:
  - Hanoi: 897
  - Ho Chi Minh: 897
  - Hai Phong: 897
  - Da Nang: 896
  - Can Tho: 896
  - An Giang: 896
  - Ba Ria - Vung Tau: 896
  - Bac Giang: 896
  - Bac Kan: 896
  - Bac Lieu: 896
  - Bac Ninh: 896
  - Ben Tre: 895
  - Binh Dinh: 896
  - Binh Duong: 896
  - Binh Phuoc: 896
  - Binh Thuan: 896
  - Ca Mau: 896
  - Cao Bang: 896
  - Dak Lak: 896
  - Dak Nong: 896
  - Dien Bien: 896
  - Dong Nai: 896
  - Dong Thap: 896
  - Gia Lai: 896
  - Ha Giang: 896
  - Ha Nam: 896
  - Ha Tinh: 896
  - Hai Duong: 896
  - Hau Giang: 896
  - Hoa Binh: 896
  - Hung Yen: 896
  - Khanh Hoa: 896
  - Kien Giang: 896
  - Kon Tum: 895
  - Lai Chau: 896
  - Lam Dong: 896
  - Lang Son: 895
  - Lao Cai: 896
  - Long An: 895
  - Nam Dinh: 895
  - Nghe An: 895
  - Ninh Binh: 895
  - Ninh Thuan: 895
  - Phu Tho: 895
  - Phu Yen: 895
  - Quang Binh: 895
  - Quang Nam: 895
  - Quang Ngai: 895
  - Quang Ninh: 895
  - Quang Tri: 895
  - Soc Trang: 895
  - Son La: 895
  - Tay Ninh: 895
  - Thai Binh: 895
  - Thai Nguyen: 895
  - Thanh Hoa: 895
  - Thua Thien Hue: 895
  - Tien Giang: 894
  - Tra Vinh: 895
  - Tuyen Quang: 895
  - Vinh Long: 895
  - Vinh Phuc: 895
  - Yen Bai: 894
[Bootstrap] Progress:
  - Hanoi: 898
  - Ho Chi Minh: 898
  - Hai Phong: 898
  - Da Nang: 897
  - Can Tho: 897
  - An Giang: 897
  - Ba Ria - Vung Tau: 897
  - Bac Giang: 897
  - Bac Kan: 897
  - Bac Lieu: 897
  - Bac Ninh: 897
  - Ben Tre: 896
  - Binh Dinh: 897
  - Binh Duong: 897
  - Binh Phuoc: 897
  - Binh Thuan: 897
  - Ca Mau: 897
  - Cao Bang: 897
  - Dak Lak: 897
  - Dak Nong: 897
  - Dien Bien: 897
  - Dong Nai: 897
  - Dong Thap: 897
  - Gia Lai: 897
  - Ha Giang: 897
  - Ha Nam: 897
  - Ha Tinh: 897
  - Hai Duong: 897
  - Hau Giang: 897
  - Hoa Binh: 897
  - Hung Yen: 897
  - Khanh Hoa: 897
  - Kien Giang: 897
  - Kon Tum: 896
  - Lai Chau: 897
  - Lam Dong: 897
  - Lang Son: 896
  - Lao Cai: 897
  - Long An: 896
  - Nam Dinh: 896
  - Nghe An: 896
  - Ninh Binh: 896
  - Ninh Thuan: 896
  - Phu Tho: 896
  - Phu Yen: 896
  - Quang Binh: 896
  - Quang Nam: 896
  - Quang Ngai: 896
  - Quang Ninh: 896
  - Quang Tri: 896
  - Soc Trang: 896
  - Son La: 896
  - Tay Ninh: 896
  - Thai Binh: 896
  - Thai Nguyen: 896
  - Thanh Hoa: 896
  - Thua Thien Hue: 896
  - Tien Giang: 895
  - Tra Vinh: 896
  - Tuyen Quang: 896
  - Vinh Long: 896
  - Vinh Phuc: 896
  - Yen Bai: 895
[Bootstrap] Progress:
  - Hanoi: 899
  - Ho Chi Minh: 899
  - Hai Phong: 899
  - Da Nang: 898
  - Can Tho: 898
  - An Giang: 898
  - Ba Ria - Vung Tau: 898
  - Bac Giang: 898
  - Bac Kan: 898
  - Bac Lieu: 898
  - Bac Ninh: 898
  - Ben Tre: 897
  - Binh Dinh: 898
  - Binh Duong: 898
  - Binh Phuoc: 898
  - Binh Thuan: 898
  - Ca Mau: 898
  - Cao Bang: 898
  - Dak Lak: 898
  - Dak Nong: 898
  - Dien Bien: 898
  - Dong Nai: 898
  - Dong Thap: 898
  - Gia Lai: 898
  - Ha Giang: 898
  - Ha Nam: 898
  - Ha Tinh: 898
  - Hai Duong: 898
  - Hau Giang: 898
  - Hoa Binh: 898
  - Hung Yen: 898
  - Khanh Hoa: 898
  - Kien Giang: 898
  - Kon Tum: 897
  - Lai Chau: 898
  - Lam Dong: 898
  - Lang Son: 897
  - Lao Cai: 898
  - Long An: 897
  - Nam Dinh: 897
  - Nghe An: 897
  - Ninh Binh: 897
  - Ninh Thuan: 897
  - Phu Tho: 897
  - Phu Yen: 897
  - Quang Binh: 897
  - Quang Nam: 897
  - Quang Ngai: 897
  - Quang Ninh: 897
  - Quang Tri: 897
  - Soc Trang: 897
  - Son La: 897
  - Tay Ninh: 897
  - Thai Binh: 897
  - Thai Nguyen: 897
  - Thanh Hoa: 897
  - Thua Thien Hue: 897
  - Tien Giang: 896
  - Tra Vinh: 897
  - Tuyen Quang: 897
  - Vinh Long: 897
  - Vinh Phuc: 897
  - Yen Bai: 896
[Bootstrap] Progress:
  - Hanoi: 902
  - Ho Chi Minh: 902
  - Hai Phong: 902
  - Da Nang: 901
  - Can Tho: 901
  - An Giang: 901
  - Ba Ria - Vung Tau: 901
  - Bac Giang: 901
  - Bac Kan: 901
  - Bac Lieu: 901
  - Bac Ninh: 901
  - Ben Tre: 900
  - Binh Dinh: 901
  - Binh Duong: 901
  - Binh Phuoc: 901
  - Binh Thuan: 901
  - Ca Mau: 901
  - Cao Bang: 901
  - Dak Lak: 901
  - Dak Nong: 901
  - Dien Bien: 901
  - Dong Nai: 901
  - Dong Thap: 901
  - Gia Lai: 901
  - Ha Giang: 901
  - Ha Nam: 901
  - Ha Tinh: 901
  - Hai Duong: 901
  - Hau Giang: 900
  - Hoa Binh: 900
  - Hung Yen: 900
  - Khanh Hoa: 900
  - Kien Giang: 900
  - Kon Tum: 899
  - Lai Chau: 900
  - Lam Dong: 900
  - Lang Son: 899
  - Lao Cai: 900
  - Long An: 899
  - Nam Dinh: 899
  - Nghe An: 899
  - Ninh Binh: 899
  - Ninh Thuan: 899
  - Phu Tho: 899
  - Phu Yen: 899
  - Quang Binh: 898
  - Quang Nam: 898
  - Quang Ngai: 898
  - Quang Ninh: 898
  - Quang Tri: 898
  - Soc Trang: 898
  - Son La: 898
  - Tay Ninh: 898
  - Thai Binh: 898
  - Thai Nguyen: 898
  - Thanh Hoa: 898
  - Thua Thien Hue: 898
  - Tien Giang: 897
  - Tra Vinh: 898
  - Tuyen Quang: 898
  - Vinh Long: 898
  - Vinh Phuc: 898
  - Yen Bai: 897
[Bootstrap] Progress:
  - Hanoi: 903
  - Ho Chi Minh: 903
  - Hai Phong: 903
  - Da Nang: 902
  - Can Tho: 902
  - An Giang: 902
  - Ba Ria - Vung Tau: 902
  - Bac Giang: 902
  - Bac Kan: 902
  - Bac Lieu: 902
  - Bac Ninh: 902
  - Ben Tre: 901
  - Binh Dinh: 902
  - Binh Duong: 902
  - Binh Phuoc: 902
  - Binh Thuan: 902
  - Ca Mau: 902
  - Cao Bang: 902
  - Dak Lak: 902
  - Dak Nong: 902
  - Dien Bien: 902
  - Dong Nai: 902
  - Dong Thap: 902
  - Gia Lai: 902
  - Ha Giang: 902
  - Ha Nam: 902
  - Ha Tinh: 902
  - Hai Duong: 902
  - Hau Giang: 902
  - Hoa Binh: 902
  - Hung Yen: 902
  - Khanh Hoa: 902
  - Kien Giang: 902
  - Kon Tum: 901
  - Lai Chau: 902
  - Lam Dong: 902
  - Lang Son: 901
  - Lao Cai: 902
  - Long An: 901
  - Nam Dinh: 901
  - Nghe An: 901
  - Ninh Binh: 901
  - Ninh Thuan: 901
  - Phu Tho: 901
  - Phu Yen: 901
  - Quang Binh: 901
  - Quang Nam: 901
  - Quang Ngai: 901
  - Quang Ninh: 901
  - Quang Tri: 901
  - Soc Trang: 901
  - Son La: 901
  - Tay Ninh: 901
  - Thai Binh: 901
  - Thai Nguyen: 901
  - Thanh Hoa: 901
  - Thua Thien Hue: 901
  - Tien Giang: 900
  - Tra Vinh: 901
  - Tuyen Quang: 901
  - Vinh Long: 901
  - Vinh Phuc: 901
  - Yen Bai: 900
[Bootstrap] Progress:
  - Hanoi: 904
  - Ho Chi Minh: 904
  - Hai Phong: 904
  - Da Nang: 903
  - Can Tho: 903
  - An Giang: 903
  - Ba Ria - Vung Tau: 903
  - Bac Giang: 903
  - Bac Kan: 903
  - Bac Lieu: 903
  - Bac Ninh: 903
  - Ben Tre: 902
  - Binh Dinh: 903
  - Binh Duong: 903
  - Binh Phuoc: 903
  - Binh Thuan: 903
  - Ca Mau: 903
  - Cao Bang: 903
  - Dak Lak: 903
  - Dak Nong: 903
  - Dien Bien: 903
  - Dong Nai: 903
  - Dong Thap: 903
  - Gia Lai: 903
  - Ha Giang: 903
  - Ha Nam: 903
  - Ha Tinh: 903
  - Hai Duong: 903
  - Hau Giang: 903
  - Hoa Binh: 903
  - Hung Yen: 903
  - Khanh Hoa: 903
  - Kien Giang: 903
  - Kon Tum: 902
  - Lai Chau: 903
  - Lam Dong: 903
  - Lang Son: 902
  - Lao Cai: 903
  - Long An: 902
  - Nam Dinh: 902
  - Nghe An: 902
  - Ninh Binh: 902
  - Ninh Thuan: 902
  - Phu Tho: 902
  - Phu Yen: 902
  - Quang Binh: 902
  - Quang Nam: 902
  - Quang Ngai: 902
  - Quang Ninh: 902
  - Quang Tri: 902
  - Soc Trang: 902
  - Son La: 902
  - Tay Ninh: 902
  - Thai Binh: 902
  - Thai Nguyen: 902
  - Thanh Hoa: 902
  - Thua Thien Hue: 902
  - Tien Giang: 901
  - Tra Vinh: 902
  - Tuyen Quang: 902
  - Vinh Long: 902
  - Vinh Phuc: 902
  - Yen Bai: 901
[Bootstrap] Progress:
  - Hanoi: 905
  - Ho Chi Minh: 905
  - Hai Phong: 905
  - Da Nang: 904
  - Can Tho: 904
  - An Giang: 904
  - Ba Ria - Vung Tau: 904
  - Bac Giang: 904
  - Bac Kan: 904
  - Bac Lieu: 904
  - Bac Ninh: 904
  - Ben Tre: 903
  - Binh Dinh: 904
  - Binh Duong: 904
  - Binh Phuoc: 904
  - Binh Thuan: 904
  - Ca Mau: 904
  - Cao Bang: 904
  - Dak Lak: 904
  - Dak Nong: 904
  - Dien Bien: 904
  - Dong Nai: 904
  - Dong Thap: 904
  - Gia Lai: 904
  - Ha Giang: 904
  - Ha Nam: 904
  - Ha Tinh: 904
  - Hai Duong: 904
  - Hau Giang: 904
  - Hoa Binh: 904
  - Hung Yen: 904
  - Khanh Hoa: 904
  - Kien Giang: 904
  - Kon Tum: 903
  - Lai Chau: 904
  - Lam Dong: 904
  - Lang Son: 903
  - Lao Cai: 904
  - Long An: 903
  - Nam Dinh: 903
  - Nghe An: 903
  - Ninh Binh: 903
  - Ninh Thuan: 903
  - Phu Tho: 903
  - Phu Yen: 903
  - Quang Binh: 903
  - Quang Nam: 903
  - Quang Ngai: 903
  - Quang Ninh: 903
  - Quang Tri: 903
  - Soc Trang: 903
  - Son La: 903
  - Tay Ninh: 903
  - Thai Binh: 903
  - Thai Nguyen: 903
  - Thanh Hoa: 903
  - Thua Thien Hue: 903
  - Tien Giang: 902
  - Tra Vinh: 903
  - Tuyen Quang: 903
  - Vinh Long: 903
  - Vinh Phuc: 903
  - Yen Bai: 902
[Bootstrap] Progress:
  - Hanoi: 906
  - Ho Chi Minh: 906
  - Hai Phong: 906
  - Da Nang: 905
  - Can Tho: 905
  - An Giang: 905
  - Ba Ria - Vung Tau: 905
  - Bac Giang: 905
  - Bac Kan: 905
  - Bac Lieu: 905
  - Bac Ninh: 905
  - Ben Tre: 904
  - Binh Dinh: 905
  - Binh Duong: 905
  - Binh Phuoc: 905
  - Binh Thuan: 905
  - Ca Mau: 905
  - Cao Bang: 905
  - Dak Lak: 905
  - Dak Nong: 905
  - Dien Bien: 905
  - Dong Nai: 905
  - Dong Thap: 905
  - Gia Lai: 905
  - Ha Giang: 905
  - Ha Nam: 905
  - Ha Tinh: 905
  - Hai Duong: 905
  - Hau Giang: 905
  - Hoa Binh: 905
  - Hung Yen: 905
  - Khanh Hoa: 905
  - Kien Giang: 905
  - Kon Tum: 904
  - Lai Chau: 905
  - Lam Dong: 905
  - Lang Son: 904
  - Lao Cai: 905
  - Long An: 904
  - Nam Dinh: 904
  - Nghe An: 904
  - Ninh Binh: 904
  - Ninh Thuan: 904
  - Phu Tho: 904
  - Phu Yen: 904
  - Quang Binh: 904
  - Quang Nam: 904
  - Quang Ngai: 904
  - Quang Ninh: 904
  - Quang Tri: 904
  - Soc Trang: 904
  - Son La: 904
  - Tay Ninh: 904
  - Thai Binh: 904
  - Thai Nguyen: 904
  - Thanh Hoa: 904
  - Thua Thien Hue: 904
  - Tien Giang: 903
  - Tra Vinh: 904
  - Tuyen Quang: 904
  - Vinh Long: 904
  - Vinh Phuc: 904
  - Yen Bai: 903
[Bootstrap] Progress:
  - Hanoi: 907
  - Ho Chi Minh: 907
  - Hai Phong: 907
  - Da Nang: 906
  - Can Tho: 906
  - An Giang: 906
  - Ba Ria - Vung Tau: 906
  - Bac Giang: 906
  - Bac Kan: 906
  - Bac Lieu: 906
  - Bac Ninh: 906
  - Ben Tre: 905
  - Binh Dinh: 906
  - Binh Duong: 906
  - Binh Phuoc: 906
  - Binh Thuan: 906
  - Ca Mau: 906
  - Cao Bang: 906
  - Dak Lak: 906
  - Dak Nong: 906
  - Dien Bien: 906
  - Dong Nai: 906
  - Dong Thap: 906
  - Gia Lai: 906
  - Ha Giang: 906
  - Ha Nam: 906
  - Ha Tinh: 906
  - Hai Duong: 906
  - Hau Giang: 906
  - Hoa Binh: 906
  - Hung Yen: 906
  - Khanh Hoa: 906
  - Kien Giang: 906
  - Kon Tum: 905
  - Lai Chau: 906
  - Lam Dong: 906
  - Lang Son: 905
  - Lao Cai: 906
  - Long An: 905
  - Nam Dinh: 905
  - Nghe An: 905
  - Ninh Binh: 905
  - Ninh Thuan: 905
  - Phu Tho: 905
  - Phu Yen: 905
  - Quang Binh: 905
  - Quang Nam: 905
  - Quang Ngai: 905
  - Quang Ninh: 905
  - Quang Tri: 905
  - Soc Trang: 905
  - Son La: 905
  - Tay Ninh: 905
  - Thai Binh: 905
  - Thai Nguyen: 905
  - Thanh Hoa: 905
  - Thua Thien Hue: 905
  - Tien Giang: 904
  - Tra Vinh: 905
  - Tuyen Quang: 905
  - Vinh Long: 905
  - Vinh Phuc: 905
  - Yen Bai: 904
[Bootstrap] Progress:
  - Hanoi: 908
  - Ho Chi Minh: 908
  - Hai Phong: 908
  - Da Nang: 907
  - Can Tho: 907
  - An Giang: 907
  - Ba Ria - Vung Tau: 907
  - Bac Giang: 907
  - Bac Kan: 907
  - Bac Lieu: 907
  - Bac Ninh: 907
  - Ben Tre: 906
  - Binh Dinh: 907
  - Binh Duong: 907
  - Binh Phuoc: 907
  - Binh Thuan: 907
  - Ca Mau: 907
  - Cao Bang: 907
  - Dak Lak: 907
  - Dak Nong: 907
  - Dien Bien: 907
  - Dong Nai: 907
  - Dong Thap: 907
  - Gia Lai: 907
  - Ha Giang: 907
  - Ha Nam: 907
  - Ha Tinh: 907
  - Hai Duong: 907
  - Hau Giang: 907
  - Hoa Binh: 907
  - Hung Yen: 907
  - Khanh Hoa: 907
  - Kien Giang: 907
  - Kon Tum: 906
  - Lai Chau: 907
  - Lam Dong: 907
  - Lang Son: 906
  - Lao Cai: 907
  - Long An: 906
  - Nam Dinh: 906
  - Nghe An: 906
  - Ninh Binh: 906
  - Ninh Thuan: 906
  - Phu Tho: 906
  - Phu Yen: 906
  - Quang Binh: 906
  - Quang Nam: 906
  - Quang Ngai: 906
  - Quang Ninh: 906
  - Quang Tri: 906
  - Soc Trang: 906
  - Son La: 906
  - Tay Ninh: 906
  - Thai Binh: 906
  - Thai Nguyen: 906
  - Thanh Hoa: 906
  - Thua Thien Hue: 906
  - Tien Giang: 905
  - Tra Vinh: 906
  - Tuyen Quang: 906
  - Vinh Long: 906
  - Vinh Phuc: 906
  - Yen Bai: 905
[Bootstrap] Progress:
  - Hanoi: 909
  - Ho Chi Minh: 909
  - Hai Phong: 909
  - Da Nang: 908
  - Can Tho: 908
  - An Giang: 908
  - Ba Ria - Vung Tau: 908
  - Bac Giang: 908
  - Bac Kan: 908
  - Bac Lieu: 908
  - Bac Ninh: 908
  - Ben Tre: 907
  - Binh Dinh: 908
  - Binh Duong: 908
  - Binh Phuoc: 908
  - Binh Thuan: 908
  - Ca Mau: 908
  - Cao Bang: 908
  - Dak Lak: 908
  - Dak Nong: 908
  - Dien Bien: 908
  - Dong Nai: 908
  - Dong Thap: 908
  - Gia Lai: 908
  - Ha Giang: 908
  - Ha Nam: 908
  - Ha Tinh: 908
  - Hai Duong: 908
  - Hau Giang: 908
  - Hoa Binh: 908
  - Hung Yen: 908
  - Khanh Hoa: 908
  - Kien Giang: 908
  - Kon Tum: 907
  - Lai Chau: 908
  - Lam Dong: 908
  - Lang Son: 907
  - Lao Cai: 908
  - Long An: 907
  - Nam Dinh: 907
  - Nghe An: 907
  - Ninh Binh: 907
  - Ninh Thuan: 907
  - Phu Tho: 907
  - Phu Yen: 907
  - Quang Binh: 907
  - Quang Nam: 907
  - Quang Ngai: 907
  - Quang Ninh: 907
  - Quang Tri: 907
  - Soc Trang: 907
  - Son La: 907
  - Tay Ninh: 907
  - Thai Binh: 907
  - Thai Nguyen: 907
  - Thanh Hoa: 907
  - Thua Thien Hue: 907
  - Tien Giang: 906
  - Tra Vinh: 907
  - Tuyen Quang: 907
  - Vinh Long: 907
  - Vinh Phuc: 907
  - Yen Bai: 906
[Bootstrap] Progress:
  - Hanoi: 910
  - Ho Chi Minh: 910
  - Hai Phong: 910
  - Da Nang: 909
  - Can Tho: 909
  - An Giang: 909
  - Ba Ria - Vung Tau: 909
  - Bac Giang: 909
  - Bac Kan: 909
  - Bac Lieu: 909
  - Bac Ninh: 909
  - Ben Tre: 908
  - Binh Dinh: 909
  - Binh Duong: 909
  - Binh Phuoc: 909
  - Binh Thuan: 909
  - Ca Mau: 909
  - Cao Bang: 909
  - Dak Lak: 909
  - Dak Nong: 909
  - Dien Bien: 909
  - Dong Nai: 909
  - Dong Thap: 909
  - Gia Lai: 909
  - Ha Giang: 909
  - Ha Nam: 909
  - Ha Tinh: 909
  - Hai Duong: 909
  - Hau Giang: 909
  - Hoa Binh: 909
  - Hung Yen: 909
  - Khanh Hoa: 909
  - Kien Giang: 909
  - Kon Tum: 908
  - Lai Chau: 909
  - Lam Dong: 909
  - Lang Son: 908
  - Lao Cai: 909
  - Long An: 908
  - Nam Dinh: 908
  - Nghe An: 908
  - Ninh Binh: 908
  - Ninh Thuan: 908
  - Phu Tho: 908
  - Phu Yen: 908
  - Quang Binh: 908
  - Quang Nam: 908
  - Quang Ngai: 908
  - Quang Ninh: 908
  - Quang Tri: 908
  - Soc Trang: 908
  - Son La: 908
  - Tay Ninh: 908
  - Thai Binh: 908
  - Thai Nguyen: 908
  - Thanh Hoa: 908
  - Thua Thien Hue: 908
  - Tien Giang: 907
  - Tra Vinh: 908
  - Tuyen Quang: 908
  - Vinh Long: 908
  - Vinh Phuc: 908
  - Yen Bai: 907
[Bootstrap] Progress:
  - Hanoi: 911
  - Ho Chi Minh: 911
  - Hai Phong: 911
  - Da Nang: 910
  - Can Tho: 910
  - An Giang: 910
  - Ba Ria - Vung Tau: 910
  - Bac Giang: 910
  - Bac Kan: 910
  - Bac Lieu: 910
  - Bac Ninh: 910
  - Ben Tre: 909
  - Binh Dinh: 910
  - Binh Duong: 910
  - Binh Phuoc: 910
  - Binh Thuan: 910
  - Ca Mau: 910
  - Cao Bang: 910
  - Dak Lak: 910
  - Dak Nong: 910
  - Dien Bien: 910
  - Dong Nai: 910
  - Dong Thap: 910
  - Gia Lai: 910
  - Ha Giang: 910
  - Ha Nam: 910
  - Ha Tinh: 910
  - Hai Duong: 910
  - Hau Giang: 910
  - Hoa Binh: 910
  - Hung Yen: 910
  - Khanh Hoa: 910
  - Kien Giang: 910
  - Kon Tum: 909
  - Lai Chau: 910
  - Lam Dong: 910
  - Lang Son: 909
  - Lao Cai: 910
  - Long An: 909
  - Nam Dinh: 909
  - Nghe An: 909
  - Ninh Binh: 909
  - Ninh Thuan: 909
  - Phu Tho: 909
  - Phu Yen: 909
  - Quang Binh: 909
  - Quang Nam: 909
  - Quang Ngai: 909
  - Quang Ninh: 909
  - Quang Tri: 909
  - Soc Trang: 909
  - Son La: 909
  - Tay Ninh: 909
  - Thai Binh: 909
  - Thai Nguyen: 909
  - Thanh Hoa: 909
  - Thua Thien Hue: 909
  - Tien Giang: 908
  - Tra Vinh: 909
  - Tuyen Quang: 909
  - Vinh Long: 909
  - Vinh Phuc: 909
  - Yen Bai: 908
[Bootstrap] Progress:
  - Hanoi: 912
  - Ho Chi Minh: 912
  - Hai Phong: 912
  - Da Nang: 911
  - Can Tho: 911
  - An Giang: 911
  - Ba Ria - Vung Tau: 911
  - Bac Giang: 911
  - Bac Kan: 911
  - Bac Lieu: 911
  - Bac Ninh: 911
  - Ben Tre: 910
  - Binh Dinh: 911
  - Binh Duong: 911
  - Binh Phuoc: 911
  - Binh Thuan: 911
  - Ca Mau: 911
  - Cao Bang: 911
  - Dak Lak: 911
  - Dak Nong: 911
  - Dien Bien: 911
  - Dong Nai: 911
  - Dong Thap: 911
  - Gia Lai: 911
  - Ha Giang: 911
  - Ha Nam: 911
  - Ha Tinh: 911
  - Hai Duong: 911
  - Hau Giang: 911
  - Hoa Binh: 911
  - Hung Yen: 911
  - Khanh Hoa: 911
  - Kien Giang: 911
  - Kon Tum: 910
  - Lai Chau: 911
  - Lam Dong: 911
  - Lang Son: 910
  - Lao Cai: 911
  - Long An: 910
  - Nam Dinh: 910
  - Nghe An: 910
  - Ninh Binh: 910
  - Ninh Thuan: 910
  - Phu Tho: 910
  - Phu Yen: 910
  - Quang Binh: 910
  - Quang Nam: 910
  - Quang Ngai: 910
  - Quang Ninh: 910
  - Quang Tri: 910
  - Soc Trang: 910
  - Son La: 910
  - Tay Ninh: 910
  - Thai Binh: 910
  - Thai Nguyen: 910
  - Thanh Hoa: 910
  - Thua Thien Hue: 910
  - Tien Giang: 909
  - Tra Vinh: 910
  - Tuyen Quang: 910
  - Vinh Long: 910
  - Vinh Phuc: 910
  - Yen Bai: 909
[Bootstrap] Progress:
  - Hanoi: 914
  - Ho Chi Minh: 913
  - Hai Phong: 913
  - Da Nang: 912
  - Can Tho: 912
  - An Giang: 912
  - Ba Ria - Vung Tau: 912
  - Bac Giang: 912
  - Bac Kan: 912
  - Bac Lieu: 912
  - Bac Ninh: 912
  - Ben Tre: 911
  - Binh Dinh: 912
  - Binh Duong: 912
  - Binh Phuoc: 912
  - Binh Thuan: 912
  - Ca Mau: 912
  - Cao Bang: 912
  - Dak Lak: 912
  - Dak Nong: 912
  - Dien Bien: 912
  - Dong Nai: 912
  - Dong Thap: 912
  - Gia Lai: 912
  - Ha Giang: 912
  - Ha Nam: 912
  - Ha Tinh: 912
  - Hai Duong: 912
  - Hau Giang: 912
  - Hoa Binh: 912
  - Hung Yen: 912
  - Khanh Hoa: 912
  - Kien Giang: 912
  - Kon Tum: 911
  - Lai Chau: 912
  - Lam Dong: 912
  - Lang Son: 911
  - Lao Cai: 912
  - Long An: 911
  - Nam Dinh: 911
  - Nghe An: 911
  - Ninh Binh: 911
  - Ninh Thuan: 911
  - Phu Tho: 911
  - Phu Yen: 911
  - Quang Binh: 911
  - Quang Nam: 911
  - Quang Ngai: 911
  - Quang Ninh: 911
  - Quang Tri: 911
  - Soc Trang: 911
  - Son La: 911
  - Tay Ninh: 911
  - Thai Binh: 911
  - Thai Nguyen: 911
  - Thanh Hoa: 911
  - Thua Thien Hue: 911
  - Tien Giang: 910
  - Tra Vinh: 911
  - Tuyen Quang: 911
  - Vinh Long: 911
  - Vinh Phuc: 911
  - Yen Bai: 910
[Bootstrap] Progress:
  - Hanoi: 916
  - Ho Chi Minh: 916
  - Hai Phong: 916
  - Da Nang: 915
  - Can Tho: 915
  - An Giang: 915
  - Ba Ria - Vung Tau: 915
  - Bac Giang: 915
  - Bac Kan: 915
  - Bac Lieu: 915
  - Bac Ninh: 915
  - Ben Tre: 914
  - Binh Dinh: 915
  - Binh Duong: 915
  - Binh Phuoc: 915
  - Binh Thuan: 915
  - Ca Mau: 915
  - Cao Bang: 915
  - Dak Lak: 915
  - Dak Nong: 915
  - Dien Bien: 915
  - Dong Nai: 915
  - Dong Thap: 915
  - Gia Lai: 915
  - Ha Giang: 915
  - Ha Nam: 915
  - Ha Tinh: 915
  - Hai Duong: 915
  - Hau Giang: 915
  - Hoa Binh: 915
  - Hung Yen: 915
  - Khanh Hoa: 915
  - Kien Giang: 915
  - Kon Tum: 914
  - Lai Chau: 915
  - Lam Dong: 915
  - Lang Son: 914
  - Lao Cai: 915
  - Long An: 914
  - Nam Dinh: 914
  - Nghe An: 914
  - Ninh Binh: 914
  - Ninh Thuan: 914
  - Phu Tho: 914
  - Phu Yen: 914
  - Quang Binh: 914
  - Quang Nam: 914
  - Quang Ngai: 914
  - Quang Ninh: 914
  - Quang Tri: 914
  - Soc Trang: 914
  - Son La: 914
  - Tay Ninh: 914
  - Thai Binh: 914
  - Thai Nguyen: 914
  - Thanh Hoa: 914
  - Thua Thien Hue: 914
  - Tien Giang: 913
  - Tra Vinh: 914
  - Tuyen Quang: 914
  - Vinh Long: 914
  - Vinh Phuc: 914
  - Yen Bai: 913
[Bootstrap] Progress:
  - Hanoi: 917
  - Ho Chi Minh: 917
  - Hai Phong: 917
  - Da Nang: 916
  - Can Tho: 916
  - An Giang: 916
  - Ba Ria - Vung Tau: 916
  - Bac Giang: 916
  - Bac Kan: 916
  - Bac Lieu: 916
  - Bac Ninh: 916
  - Ben Tre: 915
  - Binh Dinh: 916
  - Binh Duong: 916
  - Binh Phuoc: 916
  - Binh Thuan: 916
  - Ca Mau: 916
  - Cao Bang: 916
  - Dak Lak: 916
  - Dak Nong: 916
  - Dien Bien: 916
  - Dong Nai: 916
  - Dong Thap: 916
  - Gia Lai: 916
  - Ha Giang: 916
  - Ha Nam: 916
  - Ha Tinh: 916
  - Hai Duong: 916
  - Hau Giang: 916
  - Hoa Binh: 916
  - Hung Yen: 916
  - Khanh Hoa: 916
  - Kien Giang: 916
  - Kon Tum: 915
  - Lai Chau: 916
  - Lam Dong: 916
  - Lang Son: 915
  - Lao Cai: 916
  - Long An: 915
  - Nam Dinh: 915
  - Nghe An: 915
  - Ninh Binh: 915
  - Ninh Thuan: 915
  - Phu Tho: 915
  - Phu Yen: 915
  - Quang Binh: 915
  - Quang Nam: 915
  - Quang Ngai: 915
  - Quang Ninh: 915
  - Quang Tri: 915
  - Soc Trang: 915
  - Son La: 915
  - Tay Ninh: 915
  - Thai Binh: 915
  - Thai Nguyen: 915
  - Thanh Hoa: 915
  - Thua Thien Hue: 915
  - Tien Giang: 914
  - Tra Vinh: 915
  - Tuyen Quang: 915
  - Vinh Long: 915
  - Vinh Phuc: 915
  - Yen Bai: 914
[Bootstrap] Progress:
  - Hanoi: 918
  - Ho Chi Minh: 918
  - Hai Phong: 918
  - Da Nang: 917
  - Can Tho: 917
  - An Giang: 917
  - Ba Ria - Vung Tau: 917
  - Bac Giang: 917
  - Bac Kan: 917
  - Bac Lieu: 917
  - Bac Ninh: 917
  - Ben Tre: 916
  - Binh Dinh: 917
  - Binh Duong: 917
  - Binh Phuoc: 917
  - Binh Thuan: 917
  - Ca Mau: 917
  - Cao Bang: 917
  - Dak Lak: 917
  - Dak Nong: 917
  - Dien Bien: 917
  - Dong Nai: 917
  - Dong Thap: 917
  - Gia Lai: 917
  - Ha Giang: 917
  - Ha Nam: 917
  - Ha Tinh: 917
  - Hai Duong: 917
  - Hau Giang: 917
  - Hoa Binh: 917
  - Hung Yen: 917
  - Khanh Hoa: 917
  - Kien Giang: 917
  - Kon Tum: 916
  - Lai Chau: 917
  - Lam Dong: 917
  - Lang Son: 916
  - Lao Cai: 917
  - Long An: 916
  - Nam Dinh: 916
  - Nghe An: 916
  - Ninh Binh: 916
  - Ninh Thuan: 916
  - Phu Tho: 916
  - Phu Yen: 916
  - Quang Binh: 916
  - Quang Nam: 916
  - Quang Ngai: 916
  - Quang Ninh: 916
  - Quang Tri: 916
  - Soc Trang: 916
  - Son La: 916
  - Tay Ninh: 916
  - Thai Binh: 916
  - Thai Nguyen: 916
  - Thanh Hoa: 916
  - Thua Thien Hue: 916
  - Tien Giang: 915
  - Tra Vinh: 916
  - Tuyen Quang: 916
  - Vinh Long: 916
  - Vinh Phuc: 916
  - Yen Bai: 915
[Bootstrap] Progress:
  - Hanoi: 919
  - Ho Chi Minh: 919
  - Hai Phong: 919
  - Da Nang: 918
  - Can Tho: 918
  - An Giang: 918
  - Ba Ria - Vung Tau: 918
  - Bac Giang: 918
  - Bac Kan: 918
  - Bac Lieu: 918
  - Bac Ninh: 918
  - Ben Tre: 917
  - Binh Dinh: 918
  - Binh Duong: 918
  - Binh Phuoc: 918
  - Binh Thuan: 918
  - Ca Mau: 918
  - Cao Bang: 918
  - Dak Lak: 918
  - Dak Nong: 918
  - Dien Bien: 918
  - Dong Nai: 918
  - Dong Thap: 918
  - Gia Lai: 918
  - Ha Giang: 918
  - Ha Nam: 918
  - Ha Tinh: 918
  - Hai Duong: 918
  - Hau Giang: 918
  - Hoa Binh: 918
  - Hung Yen: 918
  - Khanh Hoa: 918
  - Kien Giang: 918
  - Kon Tum: 917
  - Lai Chau: 918
  - Lam Dong: 918
  - Lang Son: 917
  - Lao Cai: 918
  - Long An: 917
  - Nam Dinh: 917
  - Nghe An: 917
  - Ninh Binh: 917
  - Ninh Thuan: 917
  - Phu Tho: 917
  - Phu Yen: 917
  - Quang Binh: 917
  - Quang Nam: 917
  - Quang Ngai: 917
  - Quang Ninh: 917
  - Quang Tri: 917
  - Soc Trang: 917
  - Son La: 917
  - Tay Ninh: 917
  - Thai Binh: 917
  - Thai Nguyen: 917
  - Thanh Hoa: 917
  - Thua Thien Hue: 917
  - Tien Giang: 916
  - Tra Vinh: 917
  - Tuyen Quang: 917
  - Vinh Long: 917
  - Vinh Phuc: 917
  - Yen Bai: 916
[Bootstrap] Progress:
  - Hanoi: 920
  - Ho Chi Minh: 920
  - Hai Phong: 920
  - Da Nang: 919
  - Can Tho: 919
  - An Giang: 919
  - Ba Ria - Vung Tau: 919
  - Bac Giang: 919
  - Bac Kan: 919
  - Bac Lieu: 919
  - Bac Ninh: 919
  - Ben Tre: 918
  - Binh Dinh: 919
  - Binh Duong: 919
  - Binh Phuoc: 919
  - Binh Thuan: 919
  - Ca Mau: 919
  - Cao Bang: 919
  - Dak Lak: 919
  - Dak Nong: 919
  - Dien Bien: 919
  - Dong Nai: 919
  - Dong Thap: 919
  - Gia Lai: 919
  - Ha Giang: 919
  - Ha Nam: 919
  - Ha Tinh: 919
  - Hai Duong: 919
  - Hau Giang: 919
  - Hoa Binh: 919
  - Hung Yen: 919
  - Khanh Hoa: 919
  - Kien Giang: 919
  - Kon Tum: 918
  - Lai Chau: 919
  - Lam Dong: 919
  - Lang Son: 918
  - Lao Cai: 919
  - Long An: 918
  - Nam Dinh: 918
  - Nghe An: 918
  - Ninh Binh: 918
  - Ninh Thuan: 918
  - Phu Tho: 918
  - Phu Yen: 918
  - Quang Binh: 918
  - Quang Nam: 918
  - Quang Ngai: 918
  - Quang Ninh: 918
  - Quang Tri: 918
  - Soc Trang: 918
  - Son La: 918
  - Tay Ninh: 918
  - Thai Binh: 918
  - Thai Nguyen: 918
  - Thanh Hoa: 918
  - Thua Thien Hue: 918
  - Tien Giang: 917
  - Tra Vinh: 918
  - Tuyen Quang: 918
  - Vinh Long: 918
  - Vinh Phuc: 918
  - Yen Bai: 917
[Bootstrap] Progress:
  - Hanoi: 921
  - Ho Chi Minh: 921
  - Hai Phong: 921
  - Da Nang: 920
  - Can Tho: 920
  - An Giang: 920
  - Ba Ria - Vung Tau: 920
  - Bac Giang: 920
  - Bac Kan: 920
  - Bac Lieu: 920
  - Bac Ninh: 920
  - Ben Tre: 919
  - Binh Dinh: 920
  - Binh Duong: 920
  - Binh Phuoc: 920
  - Binh Thuan: 920
  - Ca Mau: 920
  - Cao Bang: 920
  - Dak Lak: 920
  - Dak Nong: 920
  - Dien Bien: 920
  - Dong Nai: 920
  - Dong Thap: 920
  - Gia Lai: 920
  - Ha Giang: 920
  - Ha Nam: 920
  - Ha Tinh: 920
  - Hai Duong: 920
  - Hau Giang: 920
  - Hoa Binh: 920
  - Hung Yen: 920
  - Khanh Hoa: 920
  - Kien Giang: 920
  - Kon Tum: 919
  - Lai Chau: 920
  - Lam Dong: 920
  - Lang Son: 919
  - Lao Cai: 920
  - Long An: 919
  - Nam Dinh: 919
  - Nghe An: 919
  - Ninh Binh: 919
  - Ninh Thuan: 919
  - Phu Tho: 919
  - Phu Yen: 919
  - Quang Binh: 919
  - Quang Nam: 919
  - Quang Ngai: 919
  - Quang Ninh: 919
  - Quang Tri: 919
  - Soc Trang: 919
  - Son La: 919
  - Tay Ninh: 919
  - Thai Binh: 919
  - Thai Nguyen: 919
  - Thanh Hoa: 919
  - Thua Thien Hue: 919
  - Tien Giang: 918
  - Tra Vinh: 919
  - Tuyen Quang: 919
  - Vinh Long: 919
  - Vinh Phuc: 919
  - Yen Bai: 918
[Bootstrap] Progress:
  - Hanoi: 924
  - Ho Chi Minh: 924
  - Hai Phong: 924
  - Da Nang: 923
  - Can Tho: 923
  - An Giang: 923
  - Ba Ria - Vung Tau: 923
  - Bac Giang: 923
  - Bac Kan: 923
  - Bac Lieu: 923
  - Bac Ninh: 923
  - Ben Tre: 922
  - Binh Dinh: 923
  - Binh Duong: 923
  - Binh Phuoc: 923
  - Binh Thuan: 923
  - Ca Mau: 923
  - Cao Bang: 923
  - Dak Lak: 923
  - Dak Nong: 923
  - Dien Bien: 923
  - Dong Nai: 923
  - Dong Thap: 923
  - Gia Lai: 923
  - Ha Giang: 923
  - Ha Nam: 923
  - Ha Tinh: 923
  - Hai Duong: 923
  - Hau Giang: 923
  - Hoa Binh: 923
  - Hung Yen: 923
  - Khanh Hoa: 923
  - Kien Giang: 923
  - Kon Tum: 922
  - Lai Chau: 923
  - Lam Dong: 923
  - Lang Son: 922
  - Lao Cai: 923
  - Long An: 922
  - Nam Dinh: 922
  - Nghe An: 922
  - Ninh Binh: 922
  - Ninh Thuan: 922
  - Phu Tho: 922
  - Phu Yen: 922
  - Quang Binh: 921
  - Quang Nam: 921
  - Quang Ngai: 921
  - Quang Ninh: 921
  - Quang Tri: 921
  - Soc Trang: 921
  - Son La: 921
  - Tay Ninh: 921
  - Thai Binh: 920
  - Thai Nguyen: 920
  - Thanh Hoa: 920
  - Thua Thien Hue: 920
  - Tien Giang: 919
  - Tra Vinh: 920
  - Tuyen Quang: 920
  - Vinh Long: 920
  - Vinh Phuc: 920
  - Yen Bai: 919
[Bootstrap] Progress:
  - Hanoi: 925
  - Ho Chi Minh: 925
  - Hai Phong: 925
  - Da Nang: 924
  - Can Tho: 924
  - An Giang: 924
  - Ba Ria - Vung Tau: 924
  - Bac Giang: 924
  - Bac Kan: 924
  - Bac Lieu: 924
  - Bac Ninh: 924
  - Ben Tre: 923
  - Binh Dinh: 924
  - Binh Duong: 924
  - Binh Phuoc: 924
  - Binh Thuan: 924
  - Ca Mau: 924
  - Cao Bang: 924
  - Dak Lak: 924
  - Dak Nong: 924
  - Dien Bien: 924
  - Dong Nai: 924
  - Dong Thap: 924
  - Gia Lai: 924
  - Ha Giang: 924
  - Ha Nam: 924
  - Ha Tinh: 924
  - Hai Duong: 924
  - Hau Giang: 924
  - Hoa Binh: 924
  - Hung Yen: 924
  - Khanh Hoa: 924
  - Kien Giang: 924
  - Kon Tum: 923
  - Lai Chau: 924
  - Lam Dong: 924
  - Lang Son: 923
  - Lao Cai: 924
  - Long An: 923
  - Nam Dinh: 923
  - Nghe An: 923
  - Ninh Binh: 923
  - Ninh Thuan: 923
  - Phu Tho: 923
  - Phu Yen: 923
  - Quang Binh: 923
  - Quang Nam: 923
  - Quang Ngai: 923
  - Quang Ninh: 923
  - Quang Tri: 923
  - Soc Trang: 923
  - Son La: 923
  - Tay Ninh: 923
  - Thai Binh: 923
  - Thai Nguyen: 923
  - Thanh Hoa: 923
  - Thua Thien Hue: 923
  - Tien Giang: 922
  - Tra Vinh: 923
  - Tuyen Quang: 923
  - Vinh Long: 923
  - Vinh Phuc: 923
  - Yen Bai: 922
[Bootstrap] Progress:
  - Hanoi: 926
  - Ho Chi Minh: 926
  - Hai Phong: 926
  - Da Nang: 925
  - Can Tho: 925
  - An Giang: 925
  - Ba Ria - Vung Tau: 925
  - Bac Giang: 925
  - Bac Kan: 925
  - Bac Lieu: 925
  - Bac Ninh: 925
  - Ben Tre: 924
  - Binh Dinh: 925
  - Binh Duong: 925
  - Binh Phuoc: 925
  - Binh Thuan: 925
  - Ca Mau: 925
  - Cao Bang: 925
  - Dak Lak: 925
  - Dak Nong: 925
  - Dien Bien: 925
  - Dong Nai: 925
  - Dong Thap: 925
  - Gia Lai: 925
  - Ha Giang: 925
  - Ha Nam: 925
  - Ha Tinh: 925
  - Hai Duong: 925
  - Hau Giang: 925
  - Hoa Binh: 925
  - Hung Yen: 925
  - Khanh Hoa: 925
  - Kien Giang: 925
  - Kon Tum: 924
  - Lai Chau: 925
  - Lam Dong: 925
  - Lang Son: 924
  - Lao Cai: 925
  - Long An: 924
  - Nam Dinh: 924
  - Nghe An: 924
  - Ninh Binh: 924
  - Ninh Thuan: 924
  - Phu Tho: 924
  - Phu Yen: 924
  - Quang Binh: 924
  - Quang Nam: 924
  - Quang Ngai: 924
  - Quang Ninh: 924
  - Quang Tri: 924
  - Soc Trang: 924
  - Son La: 924
  - Tay Ninh: 924
  - Thai Binh: 924
  - Thai Nguyen: 924
  - Thanh Hoa: 924
  - Thua Thien Hue: 924
  - Tien Giang: 923
  - Tra Vinh: 924
  - Tuyen Quang: 924
  - Vinh Long: 924
  - Vinh Phuc: 924
  - Yen Bai: 923
[Bootstrap] Progress:
  - Hanoi: 927
  - Ho Chi Minh: 927
  - Hai Phong: 927
  - Da Nang: 926
  - Can Tho: 926
  - An Giang: 926
  - Ba Ria - Vung Tau: 926
  - Bac Giang: 926
  - Bac Kan: 926
  - Bac Lieu: 926
  - Bac Ninh: 926
  - Ben Tre: 925
  - Binh Dinh: 926
  - Binh Duong: 926
  - Binh Phuoc: 926
  - Binh Thuan: 926
  - Ca Mau: 926
  - Cao Bang: 926
  - Dak Lak: 926
  - Dak Nong: 926
  - Dien Bien: 926
  - Dong Nai: 926
  - Dong Thap: 926
  - Gia Lai: 926
  - Ha Giang: 926
  - Ha Nam: 926
  - Ha Tinh: 926
  - Hai Duong: 926
  - Hau Giang: 926
  - Hoa Binh: 926
  - Hung Yen: 926
  - Khanh Hoa: 926
  - Kien Giang: 926
  - Kon Tum: 925
  - Lai Chau: 926
  - Lam Dong: 926
  - Lang Son: 925
  - Lao Cai: 926
  - Long An: 925
  - Nam Dinh: 925
  - Nghe An: 925
  - Ninh Binh: 925
  - Ninh Thuan: 925
  - Phu Tho: 925
  - Phu Yen: 925
  - Quang Binh: 925
  - Quang Nam: 925
  - Quang Ngai: 925
  - Quang Ninh: 925
  - Quang Tri: 925
  - Soc Trang: 925
  - Son La: 925
  - Tay Ninh: 925
  - Thai Binh: 925
  - Thai Nguyen: 925
  - Thanh Hoa: 925
  - Thua Thien Hue: 925
  - Tien Giang: 924
  - Tra Vinh: 925
  - Tuyen Quang: 925
  - Vinh Long: 925
  - Vinh Phuc: 925
  - Yen Bai: 924
[Bootstrap] Progress:
  - Hanoi: 928
  - Ho Chi Minh: 928
  - Hai Phong: 928
  - Da Nang: 927
  - Can Tho: 927
  - An Giang: 927
  - Ba Ria - Vung Tau: 927
  - Bac Giang: 927
  - Bac Kan: 927
  - Bac Lieu: 927
  - Bac Ninh: 927
  - Ben Tre: 926
  - Binh Dinh: 927
  - Binh Duong: 927
  - Binh Phuoc: 927
  - Binh Thuan: 927
  - Ca Mau: 927
  - Cao Bang: 927
  - Dak Lak: 927
  - Dak Nong: 927
  - Dien Bien: 927
  - Dong Nai: 927
  - Dong Thap: 927
  - Gia Lai: 927
  - Ha Giang: 927
  - Ha Nam: 927
  - Ha Tinh: 927
  - Hai Duong: 927
  - Hau Giang: 927
  - Hoa Binh: 927
  - Hung Yen: 927
  - Khanh Hoa: 927
  - Kien Giang: 927
  - Kon Tum: 926
  - Lai Chau: 927
  - Lam Dong: 927
  - Lang Son: 926
  - Lao Cai: 927
  - Long An: 926
  - Nam Dinh: 926
  - Nghe An: 926
  - Ninh Binh: 926
  - Ninh Thuan: 926
  - Phu Tho: 926
  - Phu Yen: 926
  - Quang Binh: 926
  - Quang Nam: 926
  - Quang Ngai: 926
  - Quang Ninh: 926
  - Quang Tri: 926
  - Soc Trang: 926
  - Son La: 926
  - Tay Ninh: 926
  - Thai Binh: 926
  - Thai Nguyen: 926
  - Thanh Hoa: 926
  - Thua Thien Hue: 926
  - Tien Giang: 925
  - Tra Vinh: 926
  - Tuyen Quang: 926
  - Vinh Long: 926
  - Vinh Phuc: 926
  - Yen Bai: 925
[Bootstrap] Progress:
  - Hanoi: 931
  - Ho Chi Minh: 931
  - Hai Phong: 931
  - Da Nang: 930
  - Can Tho: 930
  - An Giang: 930
  - Ba Ria - Vung Tau: 930
  - Bac Giang: 930
  - Bac Kan: 930
  - Bac Lieu: 930
  - Bac Ninh: 930
  - Ben Tre: 929
  - Binh Dinh: 930
  - Binh Duong: 930
  - Binh Phuoc: 930
  - Binh Thuan: 930
  - Ca Mau: 930
  - Cao Bang: 930
  - Dak Lak: 930
  - Dak Nong: 930
  - Dien Bien: 930
  - Dong Nai: 930
  - Dong Thap: 930
  - Gia Lai: 930
  - Ha Giang: 930
  - Ha Nam: 930
  - Ha Tinh: 930
  - Hai Duong: 930
  - Hau Giang: 930
  - Hoa Binh: 930
  - Hung Yen: 930
  - Khanh Hoa: 930
  - Kien Giang: 930
  - Kon Tum: 929
  - Lai Chau: 930
  - Lam Dong: 930
  - Lang Son: 929
  - Lao Cai: 930
  - Long An: 929
  - Nam Dinh: 929
  - Nghe An: 929
  - Ninh Binh: 929
  - Ninh Thuan: 929
  - Phu Tho: 929
  - Phu Yen: 928
  - Quang Binh: 928
  - Quang Nam: 928
  - Quang Ngai: 928
  - Quang Ninh: 928
  - Quang Tri: 928
  - Soc Trang: 928
  - Son La: 927
  - Tay Ninh: 927
  - Thai Binh: 927
  - Thai Nguyen: 927
  - Thanh Hoa: 927
  - Thua Thien Hue: 927
  - Tien Giang: 926
  - Tra Vinh: 927
  - Tuyen Quang: 927
  - Vinh Long: 927
  - Vinh Phuc: 927
  - Yen Bai: 926
[Bootstrap] Progress:
  - Hanoi: 932
  - Ho Chi Minh: 932
  - Hai Phong: 932
  - Da Nang: 931
  - Can Tho: 931
  - An Giang: 931
  - Ba Ria - Vung Tau: 931
  - Bac Giang: 931
  - Bac Kan: 931
  - Bac Lieu: 931
  - Bac Ninh: 931
  - Ben Tre: 930
  - Binh Dinh: 931
  - Binh Duong: 931
  - Binh Phuoc: 931
  - Binh Thuan: 931
  - Ca Mau: 931
  - Cao Bang: 931
  - Dak Lak: 931
  - Dak Nong: 931
  - Dien Bien: 931
  - Dong Nai: 931
  - Dong Thap: 931
  - Gia Lai: 931
  - Ha Giang: 931
  - Ha Nam: 931
  - Ha Tinh: 931
  - Hai Duong: 931
  - Hau Giang: 931
  - Hoa Binh: 931
  - Hung Yen: 931
  - Khanh Hoa: 931
  - Kien Giang: 931
  - Kon Tum: 930
  - Lai Chau: 931
  - Lam Dong: 931
  - Lang Son: 930
  - Lao Cai: 931
  - Long An: 930
  - Nam Dinh: 930
  - Nghe An: 930
  - Ninh Binh: 930
  - Ninh Thuan: 930
  - Phu Tho: 930
  - Phu Yen: 930
  - Quang Binh: 930
  - Quang Nam: 930
  - Quang Ngai: 930
  - Quang Ninh: 930
  - Quang Tri: 930
  - Soc Trang: 930
  - Son La: 930
  - Tay Ninh: 930
  - Thai Binh: 930
  - Thai Nguyen: 930
  - Thanh Hoa: 930
  - Thua Thien Hue: 930
  - Tien Giang: 929
  - Tra Vinh: 930
  - Tuyen Quang: 930
  - Vinh Long: 930
  - Vinh Phuc: 930
  - Yen Bai: 929
[Bootstrap] Progress:
  - Hanoi: 933
  - Ho Chi Minh: 933
  - Hai Phong: 933
  - Da Nang: 932
  - Can Tho: 932
  - An Giang: 932
  - Ba Ria - Vung Tau: 932
  - Bac Giang: 932
  - Bac Kan: 932
  - Bac Lieu: 932
  - Bac Ninh: 932
  - Ben Tre: 931
  - Binh Dinh: 932
  - Binh Duong: 932
  - Binh Phuoc: 932
  - Binh Thuan: 932
  - Ca Mau: 932
  - Cao Bang: 932
  - Dak Lak: 932
  - Dak Nong: 932
  - Dien Bien: 932
  - Dong Nai: 932
  - Dong Thap: 932
  - Gia Lai: 932
  - Ha Giang: 932
  - Ha Nam: 932
  - Ha Tinh: 932
  - Hai Duong: 932
  - Hau Giang: 932
  - Hoa Binh: 932
  - Hung Yen: 932
  - Khanh Hoa: 932
  - Kien Giang: 932
  - Kon Tum: 931
  - Lai Chau: 932
  - Lam Dong: 932
  - Lang Son: 931
  - Lao Cai: 932
  - Long An: 931
  - Nam Dinh: 931
  - Nghe An: 931
  - Ninh Binh: 931
  - Ninh Thuan: 931
  - Phu Tho: 931
  - Phu Yen: 931
  - Quang Binh: 931
  - Quang Nam: 931
  - Quang Ngai: 931
  - Quang Ninh: 931
  - Quang Tri: 931
  - Soc Trang: 931
  - Son La: 931
  - Tay Ninh: 931
  - Thai Binh: 931
  - Thai Nguyen: 931
  - Thanh Hoa: 931
  - Thua Thien Hue: 931
  - Tien Giang: 930
  - Tra Vinh: 931
  - Tuyen Quang: 931
  - Vinh Long: 931
  - Vinh Phuc: 931
  - Yen Bai: 930
[Bootstrap] Progress:
  - Hanoi: 934
  - Ho Chi Minh: 934
  - Hai Phong: 934
  - Da Nang: 933
  - Can Tho: 933
  - An Giang: 933
  - Ba Ria - Vung Tau: 933
  - Bac Giang: 933
  - Bac Kan: 933
  - Bac Lieu: 933
  - Bac Ninh: 933
  - Ben Tre: 932
  - Binh Dinh: 933
  - Binh Duong: 933
  - Binh Phuoc: 933
  - Binh Thuan: 933
  - Ca Mau: 933
  - Cao Bang: 933
  - Dak Lak: 933
  - Dak Nong: 933
  - Dien Bien: 933
  - Dong Nai: 933
  - Dong Thap: 933
  - Gia Lai: 933
  - Ha Giang: 933
  - Ha Nam: 933
  - Ha Tinh: 933
  - Hai Duong: 933
  - Hau Giang: 933
  - Hoa Binh: 933
  - Hung Yen: 933
  - Khanh Hoa: 933
  - Kien Giang: 933
  - Kon Tum: 932
  - Lai Chau: 933
  - Lam Dong: 933
  - Lang Son: 932
  - Lao Cai: 933
  - Long An: 932
  - Nam Dinh: 932
  - Nghe An: 932
  - Ninh Binh: 932
  - Ninh Thuan: 932
  - Phu Tho: 932
  - Phu Yen: 932
  - Quang Binh: 932
  - Quang Nam: 932
  - Quang Ngai: 932
  - Quang Ninh: 932
  - Quang Tri: 932
  - Soc Trang: 932
  - Son La: 932
  - Tay Ninh: 932
  - Thai Binh: 932
  - Thai Nguyen: 932
  - Thanh Hoa: 932
  - Thua Thien Hue: 932
  - Tien Giang: 931
  - Tra Vinh: 932
  - Tuyen Quang: 932
  - Vinh Long: 932
  - Vinh Phuc: 932
  - Yen Bai: 931
[Bootstrap] Progress:
  - Hanoi: 935
  - Ho Chi Minh: 935
  - Hai Phong: 935
  - Da Nang: 934
  - Can Tho: 934
  - An Giang: 934
  - Ba Ria - Vung Tau: 934
  - Bac Giang: 934
  - Bac Kan: 934
  - Bac Lieu: 934
  - Bac Ninh: 934
  - Ben Tre: 933
  - Binh Dinh: 934
  - Binh Duong: 934
  - Binh Phuoc: 934
  - Binh Thuan: 934
  - Ca Mau: 934
  - Cao Bang: 934
  - Dak Lak: 934
  - Dak Nong: 934
  - Dien Bien: 934
  - Dong Nai: 934
  - Dong Thap: 934
  - Gia Lai: 934
  - Ha Giang: 934
  - Ha Nam: 934
  - Ha Tinh: 934
  - Hai Duong: 934
  - Hau Giang: 934
  - Hoa Binh: 934
  - Hung Yen: 934
  - Khanh Hoa: 934
  - Kien Giang: 934
  - Kon Tum: 933
  - Lai Chau: 934
  - Lam Dong: 934
  - Lang Son: 933
  - Lao Cai: 934
  - Long An: 933
  - Nam Dinh: 933
  - Nghe An: 933
  - Ninh Binh: 933
  - Ninh Thuan: 933
  - Phu Tho: 933
  - Phu Yen: 933
  - Quang Binh: 933
  - Quang Nam: 933
  - Quang Ngai: 933
  - Quang Ninh: 933
  - Quang Tri: 933
  - Soc Trang: 933
  - Son La: 933
  - Tay Ninh: 933
  - Thai Binh: 933
  - Thai Nguyen: 933
  - Thanh Hoa: 933
  - Thua Thien Hue: 933
  - Tien Giang: 932
  - Tra Vinh: 933
  - Tuyen Quang: 933
  - Vinh Long: 933
  - Vinh Phuc: 933
  - Yen Bai: 932
[Bootstrap] Progress:
  - Hanoi: 938
  - Ho Chi Minh: 938
  - Hai Phong: 938
  - Da Nang: 937
  - Can Tho: 937
  - An Giang: 937
  - Ba Ria - Vung Tau: 937
  - Bac Giang: 937
  - Bac Kan: 937
  - Bac Lieu: 937
  - Bac Ninh: 937
  - Ben Tre: 936
  - Binh Dinh: 937
  - Binh Duong: 937
  - Binh Phuoc: 937
  - Binh Thuan: 937
  - Ca Mau: 937
  - Cao Bang: 937
  - Dak Lak: 937
  - Dak Nong: 937
  - Dien Bien: 937
  - Dong Nai: 937
  - Dong Thap: 937
  - Gia Lai: 937
  - Ha Giang: 937
  - Ha Nam: 937
  - Ha Tinh: 937
  - Hai Duong: 937
  - Hau Giang: 937
  - Hoa Binh: 937
  - Hung Yen: 937
  - Khanh Hoa: 937
  - Kien Giang: 937
  - Kon Tum: 936
  - Lai Chau: 937
  - Lam Dong: 937
  - Lang Son: 936
  - Lao Cai: 937
  - Long An: 936
  - Nam Dinh: 936
  - Nghe An: 936
  - Ninh Binh: 936
  - Ninh Thuan: 936
  - Phu Tho: 936
  - Phu Yen: 936
  - Quang Binh: 936
  - Quang Nam: 936
  - Quang Ngai: 936
  - Quang Ninh: 936
  - Quang Tri: 936
  - Soc Trang: 936
  - Son La: 936
  - Tay Ninh: 936
  - Thai Binh: 936
  - Thai Nguyen: 936
  - Thanh Hoa: 936
  - Thua Thien Hue: 936
  - Tien Giang: 935
  - Tra Vinh: 936
  - Tuyen Quang: 936
  - Vinh Long: 936
  - Vinh Phuc: 936
  - Yen Bai: 934
[Bootstrap] Progress:
  - Hanoi: 939
  - Ho Chi Minh: 939
  - Hai Phong: 939
  - Da Nang: 938
  - Can Tho: 938
  - An Giang: 938
  - Ba Ria - Vung Tau: 938
  - Bac Giang: 938
  - Bac Kan: 938
  - Bac Lieu: 938
  - Bac Ninh: 938
  - Ben Tre: 937
  - Binh Dinh: 938
  - Binh Duong: 938
  - Binh Phuoc: 938
  - Binh Thuan: 938
  - Ca Mau: 938
  - Cao Bang: 938
  - Dak Lak: 938
  - Dak Nong: 938
  - Dien Bien: 938
  - Dong Nai: 938
  - Dong Thap: 938
  - Gia Lai: 938
  - Ha Giang: 938
  - Ha Nam: 938
  - Ha Tinh: 938
  - Hai Duong: 938
  - Hau Giang: 938
  - Hoa Binh: 938
  - Hung Yen: 938
  - Khanh Hoa: 938
  - Kien Giang: 938
  - Kon Tum: 937
  - Lai Chau: 938
  - Lam Dong: 938
  - Lang Son: 937
  - Lao Cai: 938
  - Long An: 937
  - Nam Dinh: 937
  - Nghe An: 937
  - Ninh Binh: 937
  - Ninh Thuan: 937
  - Phu Tho: 937
  - Phu Yen: 937
  - Quang Binh: 937
  - Quang Nam: 937
  - Quang Ngai: 937
  - Quang Ninh: 937
  - Quang Tri: 937
  - Soc Trang: 937
  - Son La: 937
  - Tay Ninh: 937
  - Thai Binh: 937
  - Thai Nguyen: 937
  - Thanh Hoa: 937
  - Thua Thien Hue: 937
  - Tien Giang: 936
  - Tra Vinh: 937
  - Tuyen Quang: 937
  - Vinh Long: 937
  - Vinh Phuc: 937
  - Yen Bai: 936
[Bootstrap] Progress:
  - Hanoi: 940
  - Ho Chi Minh: 940
  - Hai Phong: 940
  - Da Nang: 939
  - Can Tho: 939
  - An Giang: 939
  - Ba Ria - Vung Tau: 939
  - Bac Giang: 939
  - Bac Kan: 939
  - Bac Lieu: 939
  - Bac Ninh: 939
  - Ben Tre: 938
  - Binh Dinh: 939
  - Binh Duong: 939
  - Binh Phuoc: 939
  - Binh Thuan: 939
  - Ca Mau: 939
  - Cao Bang: 939
  - Dak Lak: 939
  - Dak Nong: 939
  - Dien Bien: 939
  - Dong Nai: 939
  - Dong Thap: 939
  - Gia Lai: 939
  - Ha Giang: 939
  - Ha Nam: 939
  - Ha Tinh: 939
  - Hai Duong: 939
  - Hau Giang: 939
  - Hoa Binh: 939
  - Hung Yen: 939
  - Khanh Hoa: 939
  - Kien Giang: 939
  - Kon Tum: 938
  - Lai Chau: 939
  - Lam Dong: 939
  - Lang Son: 938
  - Lao Cai: 939
  - Long An: 938
  - Nam Dinh: 938
  - Nghe An: 938
  - Ninh Binh: 938
  - Ninh Thuan: 938
  - Phu Tho: 938
  - Phu Yen: 938
  - Quang Binh: 938
  - Quang Nam: 938
  - Quang Ngai: 938
  - Quang Ninh: 938
  - Quang Tri: 938
  - Soc Trang: 938
  - Son La: 938
  - Tay Ninh: 938
  - Thai Binh: 938
  - Thai Nguyen: 938
  - Thanh Hoa: 938
  - Thua Thien Hue: 938
  - Tien Giang: 937
  - Tra Vinh: 938
  - Tuyen Quang: 938
  - Vinh Long: 938
  - Vinh Phuc: 938
  - Yen Bai: 937
[Bootstrap] Progress:
  - Hanoi: 941
  - Ho Chi Minh: 941
  - Hai Phong: 941
  - Da Nang: 940
  - Can Tho: 940
  - An Giang: 940
  - Ba Ria - Vung Tau: 940
  - Bac Giang: 940
  - Bac Kan: 940
  - Bac Lieu: 940
  - Bac Ninh: 940
  - Ben Tre: 939
  - Binh Dinh: 940
  - Binh Duong: 940
  - Binh Phuoc: 940
  - Binh Thuan: 940
  - Ca Mau: 940
  - Cao Bang: 940
  - Dak Lak: 940
  - Dak Nong: 940
  - Dien Bien: 940
  - Dong Nai: 940
  - Dong Thap: 940
  - Gia Lai: 940
  - Ha Giang: 940
  - Ha Nam: 940
  - Ha Tinh: 940
  - Hai Duong: 940
  - Hau Giang: 940
  - Hoa Binh: 940
  - Hung Yen: 940
  - Khanh Hoa: 940
  - Kien Giang: 940
  - Kon Tum: 939
  - Lai Chau: 940
  - Lam Dong: 940
  - Lang Son: 939
  - Lao Cai: 940
  - Long An: 939
  - Nam Dinh: 939
  - Nghe An: 939
  - Ninh Binh: 939
  - Ninh Thuan: 939
  - Phu Tho: 939
  - Phu Yen: 939
  - Quang Binh: 939
  - Quang Nam: 939
  - Quang Ngai: 939
  - Quang Ninh: 939
  - Quang Tri: 939
  - Soc Trang: 939
  - Son La: 939
  - Tay Ninh: 939
  - Thai Binh: 939
  - Thai Nguyen: 939
  - Thanh Hoa: 939
  - Thua Thien Hue: 939
  - Tien Giang: 938
  - Tra Vinh: 939
  - Tuyen Quang: 939
  - Vinh Long: 939
  - Vinh Phuc: 939
  - Yen Bai: 938
[Bootstrap] Progress:
  - Hanoi: 942
  - Ho Chi Minh: 942
  - Hai Phong: 942
  - Da Nang: 941
  - Can Tho: 941
  - An Giang: 941
  - Ba Ria - Vung Tau: 941
  - Bac Giang: 941
  - Bac Kan: 941
  - Bac Lieu: 941
  - Bac Ninh: 941
  - Ben Tre: 940
  - Binh Dinh: 941
  - Binh Duong: 941
  - Binh Phuoc: 941
  - Binh Thuan: 941
  - Ca Mau: 941
  - Cao Bang: 941
  - Dak Lak: 941
  - Dak Nong: 941
  - Dien Bien: 941
  - Dong Nai: 941
  - Dong Thap: 941
  - Gia Lai: 941
  - Ha Giang: 941
  - Ha Nam: 941
  - Ha Tinh: 941
  - Hai Duong: 941
  - Hau Giang: 941
  - Hoa Binh: 941
  - Hung Yen: 941
  - Khanh Hoa: 941
  - Kien Giang: 941
  - Kon Tum: 940
  - Lai Chau: 941
  - Lam Dong: 941
  - Lang Son: 940
  - Lao Cai: 941
  - Long An: 940
  - Nam Dinh: 940
  - Nghe An: 940
  - Ninh Binh: 940
  - Ninh Thuan: 940
  - Phu Tho: 940
  - Phu Yen: 940
  - Quang Binh: 940
  - Quang Nam: 940
  - Quang Ngai: 940
  - Quang Ninh: 940
  - Quang Tri: 940
  - Soc Trang: 940
  - Son La: 940
  - Tay Ninh: 940
  - Thai Binh: 940
  - Thai Nguyen: 940
  - Thanh Hoa: 940
  - Thua Thien Hue: 940
  - Tien Giang: 939
  - Tra Vinh: 940
  - Tuyen Quang: 940
  - Vinh Long: 940
  - Vinh Phuc: 940
  - Yen Bai: 939
[Bootstrap] Progress:
  - Hanoi: 945
  - Ho Chi Minh: 945
  - Hai Phong: 945
  - Da Nang: 944
  - Can Tho: 944
  - An Giang: 944
  - Ba Ria - Vung Tau: 944
  - Bac Giang: 944
  - Bac Kan: 944
  - Bac Lieu: 944
  - Bac Ninh: 944
  - Ben Tre: 943
  - Binh Dinh: 944
  - Binh Duong: 944
  - Binh Phuoc: 944
  - Binh Thuan: 944
  - Ca Mau: 944
  - Cao Bang: 944
  - Dak Lak: 944
  - Dak Nong: 944
  - Dien Bien: 944
  - Dong Nai: 944
  - Dong Thap: 944
  - Gia Lai: 944
  - Ha Giang: 944
  - Ha Nam: 944
  - Ha Tinh: 944
  - Hai Duong: 944
  - Hau Giang: 944
  - Hoa Binh: 944
  - Hung Yen: 944
  - Khanh Hoa: 944
  - Kien Giang: 944
  - Kon Tum: 943
  - Lai Chau: 944
  - Lam Dong: 944
  - Lang Son: 943
  - Lao Cai: 944
  - Long An: 943
  - Nam Dinh: 943
  - Nghe An: 943
  - Ninh Binh: 943
  - Ninh Thuan: 943
  - Phu Tho: 943
  - Phu Yen: 943
  - Quang Binh: 943
  - Quang Nam: 943
  - Quang Ngai: 943
  - Quang Ninh: 943
  - Quang Tri: 943
  - Soc Trang: 943
  - Son La: 943
  - Tay Ninh: 943
  - Thai Binh: 943
  - Thai Nguyen: 943
  - Thanh Hoa: 943
  - Thua Thien Hue: 943
  - Tien Giang: 942
  - Tra Vinh: 943
  - Tuyen Quang: 943
  - Vinh Long: 943
  - Vinh Phuc: 943
  - Yen Bai: 942
[Bootstrap] Progress:
  - Hanoi: 946
  - Ho Chi Minh: 946
  - Hai Phong: 946
  - Da Nang: 945
  - Can Tho: 945
  - An Giang: 945
  - Ba Ria - Vung Tau: 945
  - Bac Giang: 945
  - Bac Kan: 945
  - Bac Lieu: 945
  - Bac Ninh: 945
  - Ben Tre: 944
  - Binh Dinh: 945
  - Binh Duong: 945
  - Binh Phuoc: 945
  - Binh Thuan: 945
  - Ca Mau: 945
  - Cao Bang: 945
  - Dak Lak: 945
  - Dak Nong: 945
  - Dien Bien: 945
  - Dong Nai: 945
  - Dong Thap: 945
  - Gia Lai: 945
  - Ha Giang: 945
  - Ha Nam: 945
  - Ha Tinh: 945
  - Hai Duong: 945
  - Hau Giang: 945
  - Hoa Binh: 945
  - Hung Yen: 945
  - Khanh Hoa: 945
  - Kien Giang: 945
  - Kon Tum: 944
  - Lai Chau: 945
  - Lam Dong: 945
  - Lang Son: 944
  - Lao Cai: 945
  - Long An: 944
  - Nam Dinh: 944
  - Nghe An: 944
  - Ninh Binh: 944
  - Ninh Thuan: 944
  - Phu Tho: 944
  - Phu Yen: 944
  - Quang Binh: 944
  - Quang Nam: 944
  - Quang Ngai: 944
  - Quang Ninh: 944
  - Quang Tri: 944
  - Soc Trang: 944
  - Son La: 944
  - Tay Ninh: 944
  - Thai Binh: 944
  - Thai Nguyen: 944
  - Thanh Hoa: 944
  - Thua Thien Hue: 944
  - Tien Giang: 943
  - Tra Vinh: 944
  - Tuyen Quang: 944
  - Vinh Long: 944
  - Vinh Phuc: 944
  - Yen Bai: 943
[Bootstrap] Progress:
  - Hanoi: 947
  - Ho Chi Minh: 947
  - Hai Phong: 947
  - Da Nang: 946
  - Can Tho: 946
  - An Giang: 946
  - Ba Ria - Vung Tau: 946
  - Bac Giang: 946
  - Bac Kan: 946
  - Bac Lieu: 946
  - Bac Ninh: 946
  - Ben Tre: 945
  - Binh Dinh: 946
  - Binh Duong: 946
  - Binh Phuoc: 946
  - Binh Thuan: 946
  - Ca Mau: 946
  - Cao Bang: 946
  - Dak Lak: 946
  - Dak Nong: 946
  - Dien Bien: 946
  - Dong Nai: 946
  - Dong Thap: 946
  - Gia Lai: 946
  - Ha Giang: 946
  - Ha Nam: 946
  - Ha Tinh: 946
  - Hai Duong: 946
  - Hau Giang: 946
  - Hoa Binh: 946
  - Hung Yen: 946
  - Khanh Hoa: 946
  - Kien Giang: 946
  - Kon Tum: 945
  - Lai Chau: 946
  - Lam Dong: 946
  - Lang Son: 945
  - Lao Cai: 946
  - Long An: 945
  - Nam Dinh: 945
  - Nghe An: 945
  - Ninh Binh: 945
  - Ninh Thuan: 945
  - Phu Tho: 945
  - Phu Yen: 945
  - Quang Binh: 945
  - Quang Nam: 945
  - Quang Ngai: 945
  - Quang Ninh: 945
  - Quang Tri: 945
  - Soc Trang: 945
  - Son La: 945
  - Tay Ninh: 945
  - Thai Binh: 945
  - Thai Nguyen: 945
  - Thanh Hoa: 945
  - Thua Thien Hue: 945
  - Tien Giang: 944
  - Tra Vinh: 945
  - Tuyen Quang: 945
  - Vinh Long: 945
  - Vinh Phuc: 945
  - Yen Bai: 944
[Bootstrap] Progress:
  - Hanoi: 948
  - Ho Chi Minh: 948
  - Hai Phong: 948
  - Da Nang: 947
  - Can Tho: 947
  - An Giang: 947
  - Ba Ria - Vung Tau: 947
  - Bac Giang: 947
  - Bac Kan: 947
  - Bac Lieu: 947
  - Bac Ninh: 947
  - Ben Tre: 946
  - Binh Dinh: 947
  - Binh Duong: 947
  - Binh Phuoc: 947
  - Binh Thuan: 947
  - Ca Mau: 947
  - Cao Bang: 947
  - Dak Lak: 947
  - Dak Nong: 947
  - Dien Bien: 947
  - Dong Nai: 947
  - Dong Thap: 947
  - Gia Lai: 947
  - Ha Giang: 947
  - Ha Nam: 947
  - Ha Tinh: 947
  - Hai Duong: 947
  - Hau Giang: 947
  - Hoa Binh: 947
  - Hung Yen: 947
  - Khanh Hoa: 947
  - Kien Giang: 947
  - Kon Tum: 946
  - Lai Chau: 947
  - Lam Dong: 947
  - Lang Son: 946
  - Lao Cai: 947
  - Long An: 946
  - Nam Dinh: 946
  - Nghe An: 946
  - Ninh Binh: 946
  - Ninh Thuan: 946
  - Phu Tho: 946
  - Phu Yen: 946
  - Quang Binh: 946
  - Quang Nam: 946
  - Quang Ngai: 946
  - Quang Ninh: 946
  - Quang Tri: 946
  - Soc Trang: 946
  - Son La: 946
  - Tay Ninh: 946
  - Thai Binh: 946
  - Thai Nguyen: 946
  - Thanh Hoa: 946
  - Thua Thien Hue: 946
  - Tien Giang: 945
  - Tra Vinh: 946
  - Tuyen Quang: 946
  - Vinh Long: 946
  - Vinh Phuc: 946
  - Yen Bai: 945
[Bootstrap] Progress:
  - Hanoi: 949
  - Ho Chi Minh: 949
  - Hai Phong: 949
  - Da Nang: 948
  - Can Tho: 948
  - An Giang: 948
  - Ba Ria - Vung Tau: 948
  - Bac Giang: 948
  - Bac Kan: 948
  - Bac Lieu: 948
  - Bac Ninh: 948
  - Ben Tre: 947
  - Binh Dinh: 948
  - Binh Duong: 948
  - Binh Phuoc: 948
  - Binh Thuan: 948
  - Ca Mau: 948
  - Cao Bang: 948
  - Dak Lak: 948
  - Dak Nong: 948
  - Dien Bien: 948
  - Dong Nai: 948
  - Dong Thap: 948
  - Gia Lai: 948
  - Ha Giang: 948
  - Ha Nam: 948
  - Ha Tinh: 948
  - Hai Duong: 948
  - Hau Giang: 948
  - Hoa Binh: 948
  - Hung Yen: 948
  - Khanh Hoa: 948
  - Kien Giang: 948
  - Kon Tum: 947
  - Lai Chau: 948
  - Lam Dong: 948
  - Lang Son: 947
  - Lao Cai: 948
  - Long An: 947
  - Nam Dinh: 947
  - Nghe An: 947
  - Ninh Binh: 947
  - Ninh Thuan: 947
  - Phu Tho: 947
  - Phu Yen: 947
  - Quang Binh: 947
  - Quang Nam: 947
  - Quang Ngai: 947
  - Quang Ninh: 947
  - Quang Tri: 947
  - Soc Trang: 947
  - Son La: 947
  - Tay Ninh: 947
  - Thai Binh: 947
  - Thai Nguyen: 947
  - Thanh Hoa: 947
  - Thua Thien Hue: 947
  - Tien Giang: 946
  - Tra Vinh: 947
  - Tuyen Quang: 947
  - Vinh Long: 947
  - Vinh Phuc: 947
  - Yen Bai: 946
[Bootstrap] Progress:
  - Hanoi: 950
  - Ho Chi Minh: 950
  - Hai Phong: 950
  - Da Nang: 949
  - Can Tho: 949
  - An Giang: 949
  - Ba Ria - Vung Tau: 949
  - Bac Giang: 949
  - Bac Kan: 949
  - Bac Lieu: 949
  - Bac Ninh: 949
  - Ben Tre: 948
  - Binh Dinh: 949
  - Binh Duong: 949
  - Binh Phuoc: 949
  - Binh Thuan: 949
  - Ca Mau: 949
  - Cao Bang: 949
  - Dak Lak: 949
  - Dak Nong: 949
  - Dien Bien: 949
  - Dong Nai: 949
  - Dong Thap: 949
  - Gia Lai: 949
  - Ha Giang: 949
  - Ha Nam: 949
  - Ha Tinh: 949
  - Hai Duong: 949
  - Hau Giang: 949
  - Hoa Binh: 949
  - Hung Yen: 949
  - Khanh Hoa: 949
  - Kien Giang: 949
  - Kon Tum: 948
  - Lai Chau: 949
  - Lam Dong: 949
  - Lang Son: 948
  - Lao Cai: 949
  - Long An: 948
  - Nam Dinh: 948
  - Nghe An: 948
  - Ninh Binh: 948
  - Ninh Thuan: 948
  - Phu Tho: 948
  - Phu Yen: 948
  - Quang Binh: 948
  - Quang Nam: 948
  - Quang Ngai: 948
  - Quang Ninh: 948
  - Quang Tri: 948
  - Soc Trang: 948
  - Son La: 948
  - Tay Ninh: 948
  - Thai Binh: 948
  - Thai Nguyen: 948
  - Thanh Hoa: 948
  - Thua Thien Hue: 948
  - Tien Giang: 947
  - Tra Vinh: 948
  - Tuyen Quang: 948
  - Vinh Long: 948
  - Vinh Phuc: 948
  - Yen Bai: 947
[Bootstrap] Progress:
  - Hanoi: 951
  - Ho Chi Minh: 951
  - Hai Phong: 951
  - Da Nang: 950
  - Can Tho: 950
  - An Giang: 950
  - Ba Ria - Vung Tau: 950
  - Bac Giang: 950
  - Bac Kan: 950
  - Bac Lieu: 950
  - Bac Ninh: 950
  - Ben Tre: 949
  - Binh Dinh: 950
  - Binh Duong: 950
  - Binh Phuoc: 950
  - Binh Thuan: 950
  - Ca Mau: 950
  - Cao Bang: 950
  - Dak Lak: 950
  - Dak Nong: 950
  - Dien Bien: 950
  - Dong Nai: 950
  - Dong Thap: 950
  - Gia Lai: 950
  - Ha Giang: 950
  - Ha Nam: 950
  - Ha Tinh: 950
  - Hai Duong: 950
  - Hau Giang: 950
  - Hoa Binh: 950
  - Hung Yen: 950
  - Khanh Hoa: 950
  - Kien Giang: 950
  - Kon Tum: 949
  - Lai Chau: 950
  - Lam Dong: 950
  - Lang Son: 949
  - Lao Cai: 950
  - Long An: 949
  - Nam Dinh: 949
  - Nghe An: 949
  - Ninh Binh: 949
  - Ninh Thuan: 949
  - Phu Tho: 949
  - Phu Yen: 949
  - Quang Binh: 949
  - Quang Nam: 949
  - Quang Ngai: 949
  - Quang Ninh: 949
  - Quang Tri: 949
  - Soc Trang: 949
  - Son La: 949
  - Tay Ninh: 949
  - Thai Binh: 949
  - Thai Nguyen: 949
  - Thanh Hoa: 949
  - Thua Thien Hue: 949
  - Tien Giang: 948
  - Tra Vinh: 949
  - Tuyen Quang: 949
  - Vinh Long: 949
  - Vinh Phuc: 949
  - Yen Bai: 948
[Bootstrap] Progress:
  - Hanoi: 954
  - Ho Chi Minh: 954
  - Hai Phong: 954
  - Da Nang: 953
  - Can Tho: 953
  - An Giang: 953
  - Ba Ria - Vung Tau: 953
  - Bac Giang: 953
  - Bac Kan: 953
  - Bac Lieu: 953
  - Bac Ninh: 953
  - Ben Tre: 952
  - Binh Dinh: 953
  - Binh Duong: 953
  - Binh Phuoc: 953
  - Binh Thuan: 953
  - Ca Mau: 953
  - Cao Bang: 953
  - Dak Lak: 953
  - Dak Nong: 953
  - Dien Bien: 953
  - Dong Nai: 953
  - Dong Thap: 953
  - Gia Lai: 953
  - Ha Giang: 953
  - Ha Nam: 953
  - Ha Tinh: 953
  - Hai Duong: 953
  - Hau Giang: 953
  - Hoa Binh: 953
  - Hung Yen: 953
  - Khanh Hoa: 953
  - Kien Giang: 953
  - Kon Tum: 952
  - Lai Chau: 953
  - Lam Dong: 953
  - Lang Son: 952
  - Lao Cai: 953
  - Long An: 952
  - Nam Dinh: 952
  - Nghe An: 952
  - Ninh Binh: 952
  - Ninh Thuan: 952
  - Phu Tho: 952
  - Phu Yen: 952
  - Quang Binh: 952
  - Quang Nam: 952
  - Quang Ngai: 952
  - Quang Ninh: 952
  - Quang Tri: 952
  - Soc Trang: 952
  - Son La: 952
  - Tay Ninh: 952
  - Thai Binh: 952
  - Thai Nguyen: 952
  - Thanh Hoa: 952
  - Thua Thien Hue: 952
  - Tien Giang: 951
  - Tra Vinh: 952
  - Tuyen Quang: 952
  - Vinh Long: 952
  - Vinh Phuc: 952
  - Yen Bai: 951
[Bootstrap] Progress:
  - Hanoi: 955
  - Ho Chi Minh: 955
  - Hai Phong: 955
  - Da Nang: 954
  - Can Tho: 954
  - An Giang: 954
  - Ba Ria - Vung Tau: 954
  - Bac Giang: 954
  - Bac Kan: 954
  - Bac Lieu: 954
  - Bac Ninh: 954
  - Ben Tre: 953
  - Binh Dinh: 954
  - Binh Duong: 954
  - Binh Phuoc: 954
  - Binh Thuan: 954
  - Ca Mau: 954
  - Cao Bang: 954
  - Dak Lak: 954
  - Dak Nong: 954
  - Dien Bien: 954
  - Dong Nai: 954
  - Dong Thap: 954
  - Gia Lai: 954
  - Ha Giang: 954
  - Ha Nam: 954
  - Ha Tinh: 954
  - Hai Duong: 954
  - Hau Giang: 954
  - Hoa Binh: 954
  - Hung Yen: 954
  - Khanh Hoa: 954
  - Kien Giang: 954
  - Kon Tum: 953
  - Lai Chau: 954
  - Lam Dong: 954
  - Lang Son: 953
  - Lao Cai: 954
  - Long An: 953
  - Nam Dinh: 953
  - Nghe An: 953
  - Ninh Binh: 953
  - Ninh Thuan: 953
  - Phu Tho: 953
  - Phu Yen: 953
  - Quang Binh: 953
  - Quang Nam: 953
  - Quang Ngai: 953
  - Quang Ninh: 953
  - Quang Tri: 953
  - Soc Trang: 953
  - Son La: 953
  - Tay Ninh: 953
  - Thai Binh: 953
  - Thai Nguyen: 953
  - Thanh Hoa: 953
  - Thua Thien Hue: 953
  - Tien Giang: 952
  - Tra Vinh: 953
  - Tuyen Quang: 953
  - Vinh Long: 953
  - Vinh Phuc: 953
  - Yen Bai: 952
[Bootstrap] Progress:
  - Hanoi: 956
  - Ho Chi Minh: 956
  - Hai Phong: 956
  - Da Nang: 955
  - Can Tho: 955
  - An Giang: 955
  - Ba Ria - Vung Tau: 955
  - Bac Giang: 955
  - Bac Kan: 955
  - Bac Lieu: 955
  - Bac Ninh: 955
  - Ben Tre: 954
  - Binh Dinh: 955
  - Binh Duong: 955
  - Binh Phuoc: 955
  - Binh Thuan: 955
  - Ca Mau: 955
  - Cao Bang: 955
  - Dak Lak: 955
  - Dak Nong: 955
  - Dien Bien: 955
  - Dong Nai: 955
  - Dong Thap: 955
  - Gia Lai: 955
  - Ha Giang: 955
  - Ha Nam: 955
  - Ha Tinh: 955
  - Hai Duong: 955
  - Hau Giang: 955
  - Hoa Binh: 955
  - Hung Yen: 955
  - Khanh Hoa: 955
  - Kien Giang: 955
  - Kon Tum: 954
  - Lai Chau: 955
  - Lam Dong: 955
  - Lang Son: 954
  - Lao Cai: 955
  - Long An: 954
  - Nam Dinh: 954
  - Nghe An: 954
  - Ninh Binh: 954
  - Ninh Thuan: 954
  - Phu Tho: 954
  - Phu Yen: 954
  - Quang Binh: 954
  - Quang Nam: 954
  - Quang Ngai: 954
  - Quang Ninh: 954
  - Quang Tri: 954
  - Soc Trang: 954
  - Son La: 954
  - Tay Ninh: 954
  - Thai Binh: 954
  - Thai Nguyen: 954
  - Thanh Hoa: 954
  - Thua Thien Hue: 954
  - Tien Giang: 953
  - Tra Vinh: 954
  - Tuyen Quang: 954
  - Vinh Long: 954
  - Vinh Phuc: 954
  - Yen Bai: 953
[Bootstrap] Progress:
  - Hanoi: 957
  - Ho Chi Minh: 957
  - Hai Phong: 957
  - Da Nang: 956
  - Can Tho: 956
  - An Giang: 956
  - Ba Ria - Vung Tau: 956
  - Bac Giang: 956
  - Bac Kan: 956
  - Bac Lieu: 956
  - Bac Ninh: 956
  - Ben Tre: 955
  - Binh Dinh: 956
  - Binh Duong: 956
  - Binh Phuoc: 956
  - Binh Thuan: 956
  - Ca Mau: 956
  - Cao Bang: 956
  - Dak Lak: 956
  - Dak Nong: 956
  - Dien Bien: 956
  - Dong Nai: 956
  - Dong Thap: 956
  - Gia Lai: 956
  - Ha Giang: 956
  - Ha Nam: 956
  - Ha Tinh: 956
  - Hai Duong: 956
  - Hau Giang: 956
  - Hoa Binh: 956
  - Hung Yen: 956
  - Khanh Hoa: 956
  - Kien Giang: 956
  - Kon Tum: 955
  - Lai Chau: 956
  - Lam Dong: 956
  - Lang Son: 955
  - Lao Cai: 956
  - Long An: 955
  - Nam Dinh: 955
  - Nghe An: 955
  - Ninh Binh: 955
  - Ninh Thuan: 955
  - Phu Tho: 955
  - Phu Yen: 955
  - Quang Binh: 955
  - Quang Nam: 955
  - Quang Ngai: 955
  - Quang Ninh: 955
  - Quang Tri: 955
  - Soc Trang: 955
  - Son La: 955
  - Tay Ninh: 955
  - Thai Binh: 955
  - Thai Nguyen: 955
  - Thanh Hoa: 955
  - Thua Thien Hue: 955
  - Tien Giang: 954
  - Tra Vinh: 955
  - Tuyen Quang: 955
  - Vinh Long: 955
  - Vinh Phuc: 955
  - Yen Bai: 954
[Bootstrap] Progress:
  - Hanoi: 958
  - Ho Chi Minh: 958
  - Hai Phong: 958
  - Da Nang: 957
  - Can Tho: 957
  - An Giang: 957
  - Ba Ria - Vung Tau: 957
  - Bac Giang: 957
  - Bac Kan: 957
  - Bac Lieu: 957
  - Bac Ninh: 957
  - Ben Tre: 956
  - Binh Dinh: 957
  - Binh Duong: 957
  - Binh Phuoc: 957
  - Binh Thuan: 957
  - Ca Mau: 957
  - Cao Bang: 957
  - Dak Lak: 957
  - Dak Nong: 957
  - Dien Bien: 957
  - Dong Nai: 957
  - Dong Thap: 957
  - Gia Lai: 957
  - Ha Giang: 957
  - Ha Nam: 957
  - Ha Tinh: 957
  - Hai Duong: 957
  - Hau Giang: 957
  - Hoa Binh: 957
  - Hung Yen: 957
  - Khanh Hoa: 957
  - Kien Giang: 957
  - Kon Tum: 956
  - Lai Chau: 957
  - Lam Dong: 957
  - Lang Son: 956
  - Lao Cai: 957
  - Long An: 956
  - Nam Dinh: 956
  - Nghe An: 956
  - Ninh Binh: 956
  - Ninh Thuan: 956
  - Phu Tho: 956
  - Phu Yen: 956
  - Quang Binh: 956
  - Quang Nam: 956
  - Quang Ngai: 956
  - Quang Ninh: 956
  - Quang Tri: 956
  - Soc Trang: 956
  - Son La: 956
  - Tay Ninh: 956
  - Thai Binh: 956
  - Thai Nguyen: 956
  - Thanh Hoa: 956
  - Thua Thien Hue: 956
  - Tien Giang: 955
  - Tra Vinh: 956
  - Tuyen Quang: 956
  - Vinh Long: 956
  - Vinh Phuc: 956
  - Yen Bai: 955
[Bootstrap] Progress:
  - Hanoi: 959
  - Ho Chi Minh: 959
  - Hai Phong: 959
  - Da Nang: 958
  - Can Tho: 958
  - An Giang: 958
  - Ba Ria - Vung Tau: 958
  - Bac Giang: 958
  - Bac Kan: 958
  - Bac Lieu: 958
  - Bac Ninh: 958
  - Ben Tre: 957
  - Binh Dinh: 958
  - Binh Duong: 958
  - Binh Phuoc: 958
  - Binh Thuan: 958
  - Ca Mau: 958
  - Cao Bang: 958
  - Dak Lak: 958
  - Dak Nong: 958
  - Dien Bien: 958
  - Dong Nai: 958
  - Dong Thap: 958
  - Gia Lai: 958
  - Ha Giang: 958
  - Ha Nam: 958
  - Ha Tinh: 958
  - Hai Duong: 958
  - Hau Giang: 958
  - Hoa Binh: 958
  - Hung Yen: 958
  - Khanh Hoa: 958
  - Kien Giang: 958
  - Kon Tum: 957
  - Lai Chau: 958
  - Lam Dong: 958
  - Lang Son: 957
  - Lao Cai: 958
  - Long An: 957
  - Nam Dinh: 957
  - Nghe An: 957
  - Ninh Binh: 957
  - Ninh Thuan: 957
  - Phu Tho: 957
  - Phu Yen: 957
  - Quang Binh: 957
  - Quang Nam: 957
  - Quang Ngai: 957
  - Quang Ninh: 957
  - Quang Tri: 957
  - Soc Trang: 957
  - Son La: 957
  - Tay Ninh: 957
  - Thai Binh: 957
  - Thai Nguyen: 957
  - Thanh Hoa: 957
  - Thua Thien Hue: 957
  - Tien Giang: 956
  - Tra Vinh: 957
  - Tuyen Quang: 957
  - Vinh Long: 957
  - Vinh Phuc: 957
  - Yen Bai: 956
[Bootstrap] Progress:
  - Hanoi: 960
  - Ho Chi Minh: 960
  - Hai Phong: 960
  - Da Nang: 959
  - Can Tho: 959
  - An Giang: 959
  - Ba Ria - Vung Tau: 959
  - Bac Giang: 959
  - Bac Kan: 959
  - Bac Lieu: 959
  - Bac Ninh: 959
  - Ben Tre: 958
  - Binh Dinh: 959
  - Binh Duong: 959
  - Binh Phuoc: 959
  - Binh Thuan: 959
  - Ca Mau: 959
  - Cao Bang: 959
  - Dak Lak: 959
  - Dak Nong: 959
  - Dien Bien: 959
  - Dong Nai: 959
  - Dong Thap: 959
  - Gia Lai: 959
  - Ha Giang: 959
  - Ha Nam: 959
  - Ha Tinh: 959
  - Hai Duong: 959
  - Hau Giang: 959
  - Hoa Binh: 959
  - Hung Yen: 959
  - Khanh Hoa: 959
  - Kien Giang: 959
  - Kon Tum: 958
  - Lai Chau: 959
  - Lam Dong: 959
  - Lang Son: 958
  - Lao Cai: 959
  - Long An: 958
  - Nam Dinh: 958
  - Nghe An: 958
  - Ninh Binh: 958
  - Ninh Thuan: 958
  - Phu Tho: 958
  - Phu Yen: 958
  - Quang Binh: 958
  - Quang Nam: 958
  - Quang Ngai: 958
  - Quang Ninh: 958
  - Quang Tri: 958
  - Soc Trang: 958
  - Son La: 958
  - Tay Ninh: 958
  - Thai Binh: 958
  - Thai Nguyen: 958
  - Thanh Hoa: 958
  - Thua Thien Hue: 958
  - Tien Giang: 957
  - Tra Vinh: 958
  - Tuyen Quang: 958
  - Vinh Long: 958
  - Vinh Phuc: 958
  - Yen Bai: 957
[Bootstrap] Progress:
  - Hanoi: 961
  - Ho Chi Minh: 961
  - Hai Phong: 961
  - Da Nang: 960
  - Can Tho: 960
  - An Giang: 960
  - Ba Ria - Vung Tau: 960
  - Bac Giang: 960
  - Bac Kan: 960
  - Bac Lieu: 960
  - Bac Ninh: 960
  - Ben Tre: 959
  - Binh Dinh: 960
  - Binh Duong: 960
  - Binh Phuoc: 960
  - Binh Thuan: 960
  - Ca Mau: 960
  - Cao Bang: 960
  - Dak Lak: 960
  - Dak Nong: 960
  - Dien Bien: 960
  - Dong Nai: 960
  - Dong Thap: 960
  - Gia Lai: 960
  - Ha Giang: 960
  - Ha Nam: 960
  - Ha Tinh: 960
  - Hai Duong: 960
  - Hau Giang: 960
  - Hoa Binh: 960
  - Hung Yen: 960
  - Khanh Hoa: 960
  - Kien Giang: 960
  - Kon Tum: 959
  - Lai Chau: 960
  - Lam Dong: 960
  - Lang Son: 959
  - Lao Cai: 960
  - Long An: 959
  - Nam Dinh: 959
  - Nghe An: 959
  - Ninh Binh: 959
  - Ninh Thuan: 959
  - Phu Tho: 959
  - Phu Yen: 959
  - Quang Binh: 959
  - Quang Nam: 959
  - Quang Ngai: 959
  - Quang Ninh: 959
  - Quang Tri: 959
  - Soc Trang: 959
  - Son La: 959
  - Tay Ninh: 959
  - Thai Binh: 959
  - Thai Nguyen: 959
  - Thanh Hoa: 959
  - Thua Thien Hue: 959
  - Tien Giang: 958
  - Tra Vinh: 959
  - Tuyen Quang: 959
  - Vinh Long: 959
  - Vinh Phuc: 959
  - Yen Bai: 958
[Bootstrap] Progress:
  - Hanoi: 962
  - Ho Chi Minh: 962
  - Hai Phong: 962
  - Da Nang: 961
  - Can Tho: 961
  - An Giang: 961
  - Ba Ria - Vung Tau: 961
  - Bac Giang: 961
  - Bac Kan: 961
  - Bac Lieu: 961
  - Bac Ninh: 961
  - Ben Tre: 960
  - Binh Dinh: 961
  - Binh Duong: 961
  - Binh Phuoc: 961
  - Binh Thuan: 961
  - Ca Mau: 961
  - Cao Bang: 961
  - Dak Lak: 961
  - Dak Nong: 961
  - Dien Bien: 961
  - Dong Nai: 961
  - Dong Thap: 961
  - Gia Lai: 961
  - Ha Giang: 961
  - Ha Nam: 961
  - Ha Tinh: 961
  - Hai Duong: 961
  - Hau Giang: 961
  - Hoa Binh: 961
  - Hung Yen: 961
  - Khanh Hoa: 961
  - Kien Giang: 961
  - Kon Tum: 960
  - Lai Chau: 961
  - Lam Dong: 961
  - Lang Son: 960
  - Lao Cai: 961
  - Long An: 960
  - Nam Dinh: 960
  - Nghe An: 960
  - Ninh Binh: 960
  - Ninh Thuan: 960
  - Phu Tho: 960
  - Phu Yen: 960
  - Quang Binh: 960
  - Quang Nam: 960
  - Quang Ngai: 960
  - Quang Ninh: 960
  - Quang Tri: 960
  - Soc Trang: 960
  - Son La: 960
  - Tay Ninh: 960
  - Thai Binh: 960
  - Thai Nguyen: 960
  - Thanh Hoa: 960
  - Thua Thien Hue: 960
  - Tien Giang: 959
  - Tra Vinh: 960
  - Tuyen Quang: 960
  - Vinh Long: 960
  - Vinh Phuc: 960
  - Yen Bai: 959
[Bootstrap] Progress:
  - Hanoi: 963
  - Ho Chi Minh: 963
  - Hai Phong: 963
  - Da Nang: 962
  - Can Tho: 962
  - An Giang: 962
  - Ba Ria - Vung Tau: 962
  - Bac Giang: 962
  - Bac Kan: 962
  - Bac Lieu: 962
  - Bac Ninh: 962
  - Ben Tre: 961
  - Binh Dinh: 962
  - Binh Duong: 962
  - Binh Phuoc: 962
  - Binh Thuan: 962
  - Ca Mau: 962
  - Cao Bang: 962
  - Dak Lak: 962
  - Dak Nong: 962
  - Dien Bien: 962
  - Dong Nai: 962
  - Dong Thap: 962
  - Gia Lai: 962
  - Ha Giang: 962
  - Ha Nam: 962
  - Ha Tinh: 962
  - Hai Duong: 962
  - Hau Giang: 962
  - Hoa Binh: 962
  - Hung Yen: 962
  - Khanh Hoa: 962
  - Kien Giang: 962
  - Kon Tum: 961
  - Lai Chau: 962
  - Lam Dong: 962
  - Lang Son: 961
  - Lao Cai: 962
  - Long An: 961
  - Nam Dinh: 961
  - Nghe An: 961
  - Ninh Binh: 961
  - Ninh Thuan: 961
  - Phu Tho: 961
  - Phu Yen: 961
  - Quang Binh: 961
  - Quang Nam: 961
  - Quang Ngai: 961
  - Quang Ninh: 961
  - Quang Tri: 961
  - Soc Trang: 961
  - Son La: 961
  - Tay Ninh: 961
  - Thai Binh: 961
  - Thai Nguyen: 961
  - Thanh Hoa: 961
  - Thua Thien Hue: 961
  - Tien Giang: 960
  - Tra Vinh: 961
  - Tuyen Quang: 961
  - Vinh Long: 961
  - Vinh Phuc: 961
  - Yen Bai: 960
[Bootstrap] Progress:
  - Hanoi: 964
  - Ho Chi Minh: 964
  - Hai Phong: 964
  - Da Nang: 963
  - Can Tho: 963
  - An Giang: 963
  - Ba Ria - Vung Tau: 963
  - Bac Giang: 963
  - Bac Kan: 963
  - Bac Lieu: 963
  - Bac Ninh: 963
  - Ben Tre: 962
  - Binh Dinh: 963
  - Binh Duong: 963
  - Binh Phuoc: 963
  - Binh Thuan: 963
  - Ca Mau: 963
  - Cao Bang: 963
  - Dak Lak: 963
  - Dak Nong: 963
  - Dien Bien: 963
  - Dong Nai: 963
  - Dong Thap: 963
  - Gia Lai: 963
  - Ha Giang: 963
  - Ha Nam: 963
  - Ha Tinh: 963
  - Hai Duong: 963
  - Hau Giang: 963
  - Hoa Binh: 963
  - Hung Yen: 963
  - Khanh Hoa: 963
  - Kien Giang: 963
  - Kon Tum: 962
  - Lai Chau: 963
  - Lam Dong: 963
  - Lang Son: 962
  - Lao Cai: 963
  - Long An: 962
  - Nam Dinh: 962
  - Nghe An: 962
  - Ninh Binh: 962
  - Ninh Thuan: 962
  - Phu Tho: 962
  - Phu Yen: 962
  - Quang Binh: 962
  - Quang Nam: 962
  - Quang Ngai: 962
  - Quang Ninh: 962
  - Quang Tri: 962
  - Soc Trang: 962
  - Son La: 962
  - Tay Ninh: 962
  - Thai Binh: 962
  - Thai Nguyen: 962
  - Thanh Hoa: 962
  - Thua Thien Hue: 962
  - Tien Giang: 961
  - Tra Vinh: 962
  - Tuyen Quang: 962
  - Vinh Long: 962
  - Vinh Phuc: 962
  - Yen Bai: 961
[Bootstrap] Progress:
  - Hanoi: 967
  - Ho Chi Minh: 967
  - Hai Phong: 967
  - Da Nang: 966
  - Can Tho: 966
  - An Giang: 966
  - Ba Ria - Vung Tau: 966
  - Bac Giang: 966
  - Bac Kan: 966
  - Bac Lieu: 966
  - Bac Ninh: 966
  - Ben Tre: 965
  - Binh Dinh: 966
  - Binh Duong: 966
  - Binh Phuoc: 966
  - Binh Thuan: 966
  - Ca Mau: 966
  - Cao Bang: 966
  - Dak Lak: 966
  - Dak Nong: 966
  - Dien Bien: 966
  - Dong Nai: 966
  - Dong Thap: 966
  - Gia Lai: 966
  - Ha Giang: 966
  - Ha Nam: 966
  - Ha Tinh: 966
  - Hai Duong: 966
  - Hau Giang: 966
  - Hoa Binh: 966
  - Hung Yen: 966
  - Khanh Hoa: 966
  - Kien Giang: 966
  - Kon Tum: 965
  - Lai Chau: 966
  - Lam Dong: 966
  - Lang Son: 965
  - Lao Cai: 966
  - Long An: 965
  - Nam Dinh: 965
  - Nghe An: 964
  - Ninh Binh: 964
  - Ninh Thuan: 964
  - Phu Tho: 964
  - Phu Yen: 964
  - Quang Binh: 964
  - Quang Nam: 964
  - Quang Ngai: 964
  - Quang Ninh: 964
  - Quang Tri: 964
  - Soc Trang: 964
  - Son La: 964
  - Tay Ninh: 964
  - Thai Binh: 964
  - Thai Nguyen: 964
  - Thanh Hoa: 964
  - Thua Thien Hue: 964
  - Tien Giang: 963
  - Tra Vinh: 964
  - Tuyen Quang: 964
  - Vinh Long: 964
  - Vinh Phuc: 964
  - Yen Bai: 963
[Bootstrap] Progress:
  - Hanoi: 968
  - Ho Chi Minh: 968
  - Hai Phong: 968
  - Da Nang: 967
  - Can Tho: 967
  - An Giang: 967
  - Ba Ria - Vung Tau: 967
  - Bac Giang: 967
  - Bac Kan: 967
  - Bac Lieu: 967
  - Bac Ninh: 967
  - Ben Tre: 966
  - Binh Dinh: 967
  - Binh Duong: 967
  - Binh Phuoc: 967
  - Binh Thuan: 967
  - Ca Mau: 967
  - Cao Bang: 967
  - Dak Lak: 967
  - Dak Nong: 967
  - Dien Bien: 967
  - Dong Nai: 967
  - Dong Thap: 967
  - Gia Lai: 967
  - Ha Giang: 967
  - Ha Nam: 967
  - Ha Tinh: 967
  - Hai Duong: 967
  - Hau Giang: 967
  - Hoa Binh: 967
  - Hung Yen: 967
  - Khanh Hoa: 967
  - Kien Giang: 967
  - Kon Tum: 966
  - Lai Chau: 967
  - Lam Dong: 967
  - Lang Son: 966
  - Lao Cai: 967
  - Long An: 966
  - Nam Dinh: 966
  - Nghe An: 966
  - Ninh Binh: 966
  - Ninh Thuan: 966
  - Phu Tho: 966
  - Phu Yen: 966
  - Quang Binh: 966
  - Quang Nam: 966
  - Quang Ngai: 966
  - Quang Ninh: 966
  - Quang Tri: 966
  - Soc Trang: 966
  - Son La: 966
  - Tay Ninh: 966
  - Thai Binh: 966
  - Thai Nguyen: 966
  - Thanh Hoa: 966
  - Thua Thien Hue: 966
  - Tien Giang: 965
  - Tra Vinh: 966
  - Tuyen Quang: 966
  - Vinh Long: 966
  - Vinh Phuc: 966
  - Yen Bai: 965
[Bootstrap] Progress:
  - Hanoi: 969
  - Ho Chi Minh: 969
  - Hai Phong: 969
  - Da Nang: 968
  - Can Tho: 968
  - An Giang: 968
  - Ba Ria - Vung Tau: 968
  - Bac Giang: 968
  - Bac Kan: 968
  - Bac Lieu: 968
  - Bac Ninh: 968
  - Ben Tre: 967
  - Binh Dinh: 968
  - Binh Duong: 968
  - Binh Phuoc: 968
  - Binh Thuan: 968
  - Ca Mau: 968
  - Cao Bang: 968
  - Dak Lak: 968
  - Dak Nong: 968
  - Dien Bien: 968
  - Dong Nai: 968
  - Dong Thap: 968
  - Gia Lai: 968
  - Ha Giang: 968
  - Ha Nam: 968
  - Ha Tinh: 968
  - Hai Duong: 968
  - Hau Giang: 968
  - Hoa Binh: 968
  - Hung Yen: 968
  - Khanh Hoa: 968
  - Kien Giang: 968
  - Kon Tum: 967
  - Lai Chau: 968
  - Lam Dong: 968
  - Lang Son: 967
  - Lao Cai: 968
  - Long An: 967
  - Nam Dinh: 967
  - Nghe An: 967
  - Ninh Binh: 967
  - Ninh Thuan: 967
  - Phu Tho: 967
  - Phu Yen: 967
  - Quang Binh: 967
  - Quang Nam: 967
  - Quang Ngai: 967
  - Quang Ninh: 967
  - Quang Tri: 967
  - Soc Trang: 967
  - Son La: 967
  - Tay Ninh: 967
  - Thai Binh: 967
  - Thai Nguyen: 967
  - Thanh Hoa: 967
  - Thua Thien Hue: 967
  - Tien Giang: 966
  - Tra Vinh: 967
  - Tuyen Quang: 967
  - Vinh Long: 967
  - Vinh Phuc: 967
  - Yen Bai: 966
[Bootstrap] Progress:
  - Hanoi: 970
  - Ho Chi Minh: 970
  - Hai Phong: 970
  - Da Nang: 969
  - Can Tho: 969
  - An Giang: 969
  - Ba Ria - Vung Tau: 969
  - Bac Giang: 969
  - Bac Kan: 969
  - Bac Lieu: 969
  - Bac Ninh: 969
  - Ben Tre: 968
  - Binh Dinh: 969
  - Binh Duong: 969
  - Binh Phuoc: 969
  - Binh Thuan: 969
  - Ca Mau: 969
  - Cao Bang: 969
  - Dak Lak: 969
  - Dak Nong: 969
  - Dien Bien: 969
  - Dong Nai: 969
  - Dong Thap: 969
  - Gia Lai: 969
  - Ha Giang: 969
  - Ha Nam: 969
  - Ha Tinh: 969
  - Hai Duong: 969
  - Hau Giang: 969
  - Hoa Binh: 969
  - Hung Yen: 969
  - Khanh Hoa: 969
  - Kien Giang: 969
  - Kon Tum: 968
  - Lai Chau: 969
  - Lam Dong: 969
  - Lang Son: 968
  - Lao Cai: 969
  - Long An: 968
  - Nam Dinh: 968
  - Nghe An: 968
  - Ninh Binh: 968
  - Ninh Thuan: 968
  - Phu Tho: 968
  - Phu Yen: 968
  - Quang Binh: 968
  - Quang Nam: 968
  - Quang Ngai: 968
  - Quang Ninh: 968
  - Quang Tri: 968
  - Soc Trang: 968
  - Son La: 968
  - Tay Ninh: 968
  - Thai Binh: 968
  - Thai Nguyen: 968
  - Thanh Hoa: 968
  - Thua Thien Hue: 968
  - Tien Giang: 967
  - Tra Vinh: 968
  - Tuyen Quang: 968
  - Vinh Long: 968
  - Vinh Phuc: 968
  - Yen Bai: 967
[Bootstrap] Progress:
  - Hanoi: 971
  - Ho Chi Minh: 971
  - Hai Phong: 971
  - Da Nang: 970
  - Can Tho: 970
  - An Giang: 970
  - Ba Ria - Vung Tau: 970
  - Bac Giang: 970
  - Bac Kan: 970
  - Bac Lieu: 970
  - Bac Ninh: 970
  - Ben Tre: 969
  - Binh Dinh: 970
  - Binh Duong: 970
  - Binh Phuoc: 970
  - Binh Thuan: 970
  - Ca Mau: 970
  - Cao Bang: 970
  - Dak Lak: 970
  - Dak Nong: 970
  - Dien Bien: 970
  - Dong Nai: 970
  - Dong Thap: 970
  - Gia Lai: 970
  - Ha Giang: 970
  - Ha Nam: 970
  - Ha Tinh: 970
  - Hai Duong: 970
  - Hau Giang: 970
  - Hoa Binh: 970
  - Hung Yen: 970
  - Khanh Hoa: 970
  - Kien Giang: 970
  - Kon Tum: 969
  - Lai Chau: 970
  - Lam Dong: 970
  - Lang Son: 969
  - Lao Cai: 970
  - Long An: 969
  - Nam Dinh: 969
  - Nghe An: 969
  - Ninh Binh: 969
  - Ninh Thuan: 969
  - Phu Tho: 969
  - Phu Yen: 969
  - Quang Binh: 969
  - Quang Nam: 969
  - Quang Ngai: 969
  - Quang Ninh: 969
  - Quang Tri: 969
  - Soc Trang: 969
  - Son La: 969
  - Tay Ninh: 969
  - Thai Binh: 969
  - Thai Nguyen: 969
  - Thanh Hoa: 969
  - Thua Thien Hue: 969
  - Tien Giang: 968
  - Tra Vinh: 969
  - Tuyen Quang: 969
  - Vinh Long: 969
  - Vinh Phuc: 969
  - Yen Bai: 968
[Bootstrap] Progress:
  - Hanoi: 972
  - Ho Chi Minh: 972
  - Hai Phong: 972
  - Da Nang: 971
  - Can Tho: 971
  - An Giang: 971
  - Ba Ria - Vung Tau: 971
  - Bac Giang: 971
  - Bac Kan: 971
  - Bac Lieu: 971
  - Bac Ninh: 971
  - Ben Tre: 970
  - Binh Dinh: 971
  - Binh Duong: 971
  - Binh Phuoc: 971
  - Binh Thuan: 971
  - Ca Mau: 971
  - Cao Bang: 971
  - Dak Lak: 971
  - Dak Nong: 971
  - Dien Bien: 971
  - Dong Nai: 971
  - Dong Thap: 971
  - Gia Lai: 971
  - Ha Giang: 971
  - Ha Nam: 971
  - Ha Tinh: 971
  - Hai Duong: 971
  - Hau Giang: 971
  - Hoa Binh: 971
  - Hung Yen: 971
  - Khanh Hoa: 971
  - Kien Giang: 971
  - Kon Tum: 970
  - Lai Chau: 971
  - Lam Dong: 971
  - Lang Son: 970
  - Lao Cai: 971
  - Long An: 970
  - Nam Dinh: 970
  - Nghe An: 970
  - Ninh Binh: 970
  - Ninh Thuan: 970
  - Phu Tho: 970
  - Phu Yen: 970
  - Quang Binh: 970
  - Quang Nam: 970
  - Quang Ngai: 970
  - Quang Ninh: 970
  - Quang Tri: 970
  - Soc Trang: 970
  - Son La: 970
  - Tay Ninh: 970
  - Thai Binh: 970
  - Thai Nguyen: 970
  - Thanh Hoa: 970
  - Thua Thien Hue: 970
  - Tien Giang: 969
  - Tra Vinh: 970
  - Tuyen Quang: 970
  - Vinh Long: 970
  - Vinh Phuc: 970
  - Yen Bai: 969
[Bootstrap] Progress:
  - Hanoi: 973
  - Ho Chi Minh: 973
  - Hai Phong: 973
  - Da Nang: 972
  - Can Tho: 972
  - An Giang: 972
  - Ba Ria - Vung Tau: 972
  - Bac Giang: 972
  - Bac Kan: 972
  - Bac Lieu: 972
  - Bac Ninh: 972
  - Ben Tre: 971
  - Binh Dinh: 972
  - Binh Duong: 972
  - Binh Phuoc: 972
  - Binh Thuan: 972
  - Ca Mau: 972
  - Cao Bang: 972
  - Dak Lak: 972
  - Dak Nong: 972
  - Dien Bien: 972
  - Dong Nai: 972
  - Dong Thap: 972
  - Gia Lai: 972
  - Ha Giang: 972
  - Ha Nam: 972
  - Ha Tinh: 972
  - Hai Duong: 972
  - Hau Giang: 972
  - Hoa Binh: 972
  - Hung Yen: 972
  - Khanh Hoa: 972
  - Kien Giang: 972
  - Kon Tum: 971
  - Lai Chau: 972
  - Lam Dong: 972
  - Lang Son: 971
  - Lao Cai: 972
  - Long An: 971
  - Nam Dinh: 971
  - Nghe An: 971
  - Ninh Binh: 971
  - Ninh Thuan: 971
  - Phu Tho: 971
  - Phu Yen: 971
  - Quang Binh: 971
  - Quang Nam: 971
  - Quang Ngai: 971
  - Quang Ninh: 971
  - Quang Tri: 971
  - Soc Trang: 971
  - Son La: 971
  - Tay Ninh: 971
  - Thai Binh: 971
  - Thai Nguyen: 971
  - Thanh Hoa: 971
  - Thua Thien Hue: 971
  - Tien Giang: 970
  - Tra Vinh: 971
  - Tuyen Quang: 971
  - Vinh Long: 971
  - Vinh Phuc: 971
  - Yen Bai: 970
[Bootstrap] Progress:
  - Hanoi: 974
  - Ho Chi Minh: 974
  - Hai Phong: 974
  - Da Nang: 973
  - Can Tho: 973
  - An Giang: 973
  - Ba Ria - Vung Tau: 973
  - Bac Giang: 973
  - Bac Kan: 973
  - Bac Lieu: 973
  - Bac Ninh: 973
  - Ben Tre: 972
  - Binh Dinh: 973
  - Binh Duong: 973
  - Binh Phuoc: 973
  - Binh Thuan: 973
  - Ca Mau: 973
  - Cao Bang: 973
  - Dak Lak: 973
  - Dak Nong: 973
  - Dien Bien: 973
  - Dong Nai: 973
  - Dong Thap: 973
  - Gia Lai: 973
  - Ha Giang: 973
  - Ha Nam: 973
  - Ha Tinh: 973
  - Hai Duong: 973
  - Hau Giang: 973
  - Hoa Binh: 973
  - Hung Yen: 973
  - Khanh Hoa: 973
  - Kien Giang: 973
  - Kon Tum: 972
  - Lai Chau: 973
  - Lam Dong: 973
  - Lang Son: 972
  - Lao Cai: 973
  - Long An: 972
  - Nam Dinh: 972
  - Nghe An: 972
  - Ninh Binh: 972
  - Ninh Thuan: 972
  - Phu Tho: 972
  - Phu Yen: 972
  - Quang Binh: 972
  - Quang Nam: 972
  - Quang Ngai: 972
  - Quang Ninh: 972
  - Quang Tri: 972
  - Soc Trang: 972
  - Son La: 972
  - Tay Ninh: 972
  - Thai Binh: 972
  - Thai Nguyen: 972
  - Thanh Hoa: 972
  - Thua Thien Hue: 972
  - Tien Giang: 971
  - Tra Vinh: 972
  - Tuyen Quang: 972
  - Vinh Long: 972
  - Vinh Phuc: 972
  - Yen Bai: 971
[Bootstrap] Progress:
  - Hanoi: 975
  - Ho Chi Minh: 975
  - Hai Phong: 975
  - Da Nang: 974
  - Can Tho: 974
  - An Giang: 974
  - Ba Ria - Vung Tau: 974
  - Bac Giang: 974
  - Bac Kan: 974
  - Bac Lieu: 974
  - Bac Ninh: 974
  - Ben Tre: 973
  - Binh Dinh: 974
  - Binh Duong: 974
  - Binh Phuoc: 974
  - Binh Thuan: 974
  - Ca Mau: 974
  - Cao Bang: 974
  - Dak Lak: 974
  - Dak Nong: 974
  - Dien Bien: 974
  - Dong Nai: 974
  - Dong Thap: 974
  - Gia Lai: 974
  - Ha Giang: 974
  - Ha Nam: 974
  - Ha Tinh: 974
  - Hai Duong: 974
  - Hau Giang: 974
  - Hoa Binh: 974
  - Hung Yen: 974
  - Khanh Hoa: 974
  - Kien Giang: 974
  - Kon Tum: 973
  - Lai Chau: 974
  - Lam Dong: 974
  - Lang Son: 973
  - Lao Cai: 974
  - Long An: 973
  - Nam Dinh: 973
  - Nghe An: 973
  - Ninh Binh: 973
  - Ninh Thuan: 973
  - Phu Tho: 973
  - Phu Yen: 973
  - Quang Binh: 973
  - Quang Nam: 973
  - Quang Ngai: 973
  - Quang Ninh: 973
  - Quang Tri: 973
  - Soc Trang: 973
  - Son La: 973
  - Tay Ninh: 973
  - Thai Binh: 973
  - Thai Nguyen: 973
  - Thanh Hoa: 973
  - Thua Thien Hue: 973
  - Tien Giang: 972
  - Tra Vinh: 973
  - Tuyen Quang: 973
  - Vinh Long: 973
  - Vinh Phuc: 973
  - Yen Bai: 972
[Bootstrap] Progress:
  - Hanoi: 976
  - Ho Chi Minh: 976
  - Hai Phong: 976
  - Da Nang: 975
  - Can Tho: 975
  - An Giang: 975
  - Ba Ria - Vung Tau: 975
  - Bac Giang: 975
  - Bac Kan: 975
  - Bac Lieu: 975
  - Bac Ninh: 975
  - Ben Tre: 974
  - Binh Dinh: 975
  - Binh Duong: 975
  - Binh Phuoc: 975
  - Binh Thuan: 975
  - Ca Mau: 975
  - Cao Bang: 975
  - Dak Lak: 975
  - Dak Nong: 975
  - Dien Bien: 975
  - Dong Nai: 975
  - Dong Thap: 975
  - Gia Lai: 975
  - Ha Giang: 975
  - Ha Nam: 975
  - Ha Tinh: 975
  - Hai Duong: 975
  - Hau Giang: 975
  - Hoa Binh: 975
  - Hung Yen: 975
  - Khanh Hoa: 975
  - Kien Giang: 975
  - Kon Tum: 974
  - Lai Chau: 975
  - Lam Dong: 975
  - Lang Son: 974
  - Lao Cai: 975
  - Long An: 974
  - Nam Dinh: 974
  - Nghe An: 974
  - Ninh Binh: 974
  - Ninh Thuan: 974
  - Phu Tho: 974
  - Phu Yen: 974
  - Quang Binh: 974
  - Quang Nam: 974
  - Quang Ngai: 974
  - Quang Ninh: 974
  - Quang Tri: 974
  - Soc Trang: 974
  - Son La: 974
  - Tay Ninh: 974
  - Thai Binh: 974
  - Thai Nguyen: 974
  - Thanh Hoa: 974
  - Thua Thien Hue: 974
  - Tien Giang: 973
  - Tra Vinh: 974
  - Tuyen Quang: 974
  - Vinh Long: 974
  - Vinh Phuc: 974
  - Yen Bai: 973
[Bootstrap] Progress:
  - Hanoi: 977
  - Ho Chi Minh: 977
  - Hai Phong: 977
  - Da Nang: 976
  - Can Tho: 976
  - An Giang: 976
  - Ba Ria - Vung Tau: 976
  - Bac Giang: 976
  - Bac Kan: 976
  - Bac Lieu: 976
  - Bac Ninh: 976
  - Ben Tre: 975
  - Binh Dinh: 976
  - Binh Duong: 976
  - Binh Phuoc: 976
  - Binh Thuan: 976
  - Ca Mau: 976
  - Cao Bang: 976
  - Dak Lak: 976
  - Dak Nong: 976
  - Dien Bien: 976
  - Dong Nai: 976
  - Dong Thap: 976
  - Gia Lai: 976
  - Ha Giang: 976
  - Ha Nam: 976
  - Ha Tinh: 976
  - Hai Duong: 976
  - Hau Giang: 976
  - Hoa Binh: 976
  - Hung Yen: 976
  - Khanh Hoa: 976
  - Kien Giang: 976
  - Kon Tum: 975
  - Lai Chau: 976
  - Lam Dong: 976
  - Lang Son: 975
  - Lao Cai: 976
  - Long An: 975
  - Nam Dinh: 975
  - Nghe An: 975
  - Ninh Binh: 975
  - Ninh Thuan: 975
  - Phu Tho: 975
  - Phu Yen: 975
  - Quang Binh: 975
  - Quang Nam: 975
  - Quang Ngai: 975
  - Quang Ninh: 975
  - Quang Tri: 975
  - Soc Trang: 975
  - Son La: 975
  - Tay Ninh: 975
  - Thai Binh: 975
  - Thai Nguyen: 975
  - Thanh Hoa: 975
  - Thua Thien Hue: 975
  - Tien Giang: 974
  - Tra Vinh: 975
  - Tuyen Quang: 975
  - Vinh Long: 975
  - Vinh Phuc: 975
  - Yen Bai: 974
[Bootstrap] Progress:
  - Hanoi: 980
  - Ho Chi Minh: 980
  - Hai Phong: 980
  - Da Nang: 979
  - Can Tho: 979
  - An Giang: 979
  - Ba Ria - Vung Tau: 979
  - Bac Giang: 979
  - Bac Kan: 979
  - Bac Lieu: 979
  - Bac Ninh: 979
  - Ben Tre: 978
  - Binh Dinh: 979
  - Binh Duong: 979
  - Binh Phuoc: 979
  - Binh Thuan: 979
  - Ca Mau: 979
  - Cao Bang: 979
  - Dak Lak: 979
  - Dak Nong: 979
  - Dien Bien: 979
  - Dong Nai: 979
  - Dong Thap: 979
  - Gia Lai: 979
  - Ha Giang: 979
  - Ha Nam: 979
  - Ha Tinh: 979
  - Hai Duong: 978
  - Hau Giang: 978
  - Hoa Binh: 978
  - Hung Yen: 978
  - Khanh Hoa: 978
  - Kien Giang: 978
  - Kon Tum: 977
  - Lai Chau: 978
  - Lam Dong: 978
  - Lang Son: 977
  - Lao Cai: 978
  - Long An: 977
  - Nam Dinh: 977
  - Nghe An: 977
  - Ninh Binh: 977
  - Ninh Thuan: 977
  - Phu Tho: 976
  - Phu Yen: 976
  - Quang Binh: 976
  - Quang Nam: 976
  - Quang Ngai: 976
  - Quang Ninh: 976
  - Quang Tri: 976
  - Soc Trang: 976
  - Son La: 976
  - Tay Ninh: 976
  - Thai Binh: 976
  - Thai Nguyen: 976
  - Thanh Hoa: 976
  - Thua Thien Hue: 976
  - Tien Giang: 975
  - Tra Vinh: 976
  - Tuyen Quang: 976
  - Vinh Long: 976
  - Vinh Phuc: 976
  - Yen Bai: 975
[Bootstrap] Progress:
  - Hanoi: 981
  - Ho Chi Minh: 981
  - Hai Phong: 981
  - Da Nang: 980
  - Can Tho: 980
  - An Giang: 980
  - Ba Ria - Vung Tau: 980
  - Bac Giang: 980
  - Bac Kan: 980
  - Bac Lieu: 980
  - Bac Ninh: 980
  - Ben Tre: 979
  - Binh Dinh: 980
  - Binh Duong: 980
  - Binh Phuoc: 980
  - Binh Thuan: 980
  - Ca Mau: 980
  - Cao Bang: 980
  - Dak Lak: 980
  - Dak Nong: 980
  - Dien Bien: 980
  - Dong Nai: 980
  - Dong Thap: 980
  - Gia Lai: 980
  - Ha Giang: 980
  - Ha Nam: 980
  - Ha Tinh: 980
  - Hai Duong: 980
  - Hau Giang: 980
  - Hoa Binh: 980
  - Hung Yen: 980
  - Khanh Hoa: 980
  - Kien Giang: 980
  - Kon Tum: 979
  - Lai Chau: 980
  - Lam Dong: 980
  - Lang Son: 979
  - Lao Cai: 980
  - Long An: 979
  - Nam Dinh: 979
  - Nghe An: 979
  - Ninh Binh: 979
  - Ninh Thuan: 979
  - Phu Tho: 979
  - Phu Yen: 979
  - Quang Binh: 979
  - Quang Nam: 979
  - Quang Ngai: 979
  - Quang Ninh: 979
  - Quang Tri: 979
  - Soc Trang: 979
  - Son La: 979
  - Tay Ninh: 979
  - Thai Binh: 979
  - Thai Nguyen: 979
  - Thanh Hoa: 979
  - Thua Thien Hue: 979
  - Tien Giang: 978
  - Tra Vinh: 979
  - Tuyen Quang: 979
  - Vinh Long: 979
  - Vinh Phuc: 979
  - Yen Bai: 978
[Bootstrap] Progress:
  - Hanoi: 982
  - Ho Chi Minh: 982
  - Hai Phong: 982
  - Da Nang: 981
  - Can Tho: 981
  - An Giang: 981
  - Ba Ria - Vung Tau: 981
  - Bac Giang: 981
  - Bac Kan: 981
  - Bac Lieu: 981
  - Bac Ninh: 981
  - Ben Tre: 980
  - Binh Dinh: 981
  - Binh Duong: 981
  - Binh Phuoc: 981
  - Binh Thuan: 981
  - Ca Mau: 981
  - Cao Bang: 981
  - Dak Lak: 981
  - Dak Nong: 981
  - Dien Bien: 981
  - Dong Nai: 981
  - Dong Thap: 981
  - Gia Lai: 981
  - Ha Giang: 981
  - Ha Nam: 981
  - Ha Tinh: 981
  - Hai Duong: 981
  - Hau Giang: 981
  - Hoa Binh: 981
  - Hung Yen: 981
  - Khanh Hoa: 981
  - Kien Giang: 981
  - Kon Tum: 980
  - Lai Chau: 981
  - Lam Dong: 981
  - Lang Son: 980
  - Lao Cai: 981
  - Long An: 980
  - Nam Dinh: 980
  - Nghe An: 980
  - Ninh Binh: 980
  - Ninh Thuan: 980
  - Phu Tho: 980
  - Phu Yen: 980
  - Quang Binh: 980
  - Quang Nam: 980
  - Quang Ngai: 980
  - Quang Ninh: 980
  - Quang Tri: 980
  - Soc Trang: 980
  - Son La: 980
  - Tay Ninh: 980
  - Thai Binh: 980
  - Thai Nguyen: 980
  - Thanh Hoa: 980
  - Thua Thien Hue: 980
  - Tien Giang: 979
  - Tra Vinh: 980
  - Tuyen Quang: 980
  - Vinh Long: 980
  - Vinh Phuc: 980
  - Yen Bai: 979
[Bootstrap] Progress:
  - Hanoi: 983
  - Ho Chi Minh: 983
  - Hai Phong: 983
  - Da Nang: 982
  - Can Tho: 982
  - An Giang: 982
  - Ba Ria - Vung Tau: 982
  - Bac Giang: 982
  - Bac Kan: 982
  - Bac Lieu: 982
  - Bac Ninh: 982
  - Ben Tre: 981
  - Binh Dinh: 982
  - Binh Duong: 982
  - Binh Phuoc: 982
  - Binh Thuan: 982
  - Ca Mau: 982
  - Cao Bang: 982
  - Dak Lak: 982
  - Dak Nong: 982
  - Dien Bien: 982
  - Dong Nai: 982
  - Dong Thap: 982
  - Gia Lai: 982
  - Ha Giang: 982
  - Ha Nam: 982
  - Ha Tinh: 982
  - Hai Duong: 982
  - Hau Giang: 982
  - Hoa Binh: 982
  - Hung Yen: 982
  - Khanh Hoa: 982
  - Kien Giang: 982
  - Kon Tum: 981
  - Lai Chau: 982
  - Lam Dong: 982
  - Lang Son: 981
  - Lao Cai: 982
  - Long An: 981
  - Nam Dinh: 981
  - Nghe An: 981
  - Ninh Binh: 981
  - Ninh Thuan: 981
  - Phu Tho: 981
  - Phu Yen: 981
  - Quang Binh: 981
  - Quang Nam: 981
  - Quang Ngai: 981
  - Quang Ninh: 981
  - Quang Tri: 981
  - Soc Trang: 981
  - Son La: 981
  - Tay Ninh: 981
  - Thai Binh: 981
  - Thai Nguyen: 981
  - Thanh Hoa: 981
  - Thua Thien Hue: 981
  - Tien Giang: 980
  - Tra Vinh: 981
  - Tuyen Quang: 981
  - Vinh Long: 981
  - Vinh Phuc: 981
  - Yen Bai: 980
[Bootstrap] Progress:
  - Hanoi: 984
  - Ho Chi Minh: 984
  - Hai Phong: 984
  - Da Nang: 983
  - Can Tho: 983
  - An Giang: 983
  - Ba Ria - Vung Tau: 983
  - Bac Giang: 983
  - Bac Kan: 983
  - Bac Lieu: 983
  - Bac Ninh: 983
  - Ben Tre: 982
  - Binh Dinh: 983
  - Binh Duong: 983
  - Binh Phuoc: 983
  - Binh Thuan: 983
  - Ca Mau: 983
  - Cao Bang: 983
  - Dak Lak: 983
  - Dak Nong: 983
  - Dien Bien: 983
  - Dong Nai: 983
  - Dong Thap: 983
  - Gia Lai: 983
  - Ha Giang: 983
  - Ha Nam: 983
  - Ha Tinh: 983
  - Hai Duong: 983
  - Hau Giang: 983
  - Hoa Binh: 983
  - Hung Yen: 983
  - Khanh Hoa: 983
  - Kien Giang: 983
  - Kon Tum: 982
  - Lai Chau: 983
  - Lam Dong: 983
  - Lang Son: 982
  - Lao Cai: 983
  - Long An: 982
  - Nam Dinh: 982
  - Nghe An: 982
  - Ninh Binh: 982
  - Ninh Thuan: 982
  - Phu Tho: 982
  - Phu Yen: 982
  - Quang Binh: 982
  - Quang Nam: 982
  - Quang Ngai: 982
  - Quang Ninh: 982
  - Quang Tri: 982
  - Soc Trang: 982
  - Son La: 982
  - Tay Ninh: 982
  - Thai Binh: 982
  - Thai Nguyen: 982
  - Thanh Hoa: 982
  - Thua Thien Hue: 982
  - Tien Giang: 981
  - Tra Vinh: 982
  - Tuyen Quang: 982
  - Vinh Long: 982
  - Vinh Phuc: 982
  - Yen Bai: 981
[Bootstrap] Progress:
  - Hanoi: 985
  - Ho Chi Minh: 985
  - Hai Phong: 985
  - Da Nang: 984
  - Can Tho: 984
  - An Giang: 984
  - Ba Ria - Vung Tau: 984
  - Bac Giang: 984
  - Bac Kan: 984
  - Bac Lieu: 984
  - Bac Ninh: 984
  - Ben Tre: 983
  - Binh Dinh: 984
  - Binh Duong: 984
  - Binh Phuoc: 984
  - Binh Thuan: 984
  - Ca Mau: 984
  - Cao Bang: 984
  - Dak Lak: 984
  - Dak Nong: 984
  - Dien Bien: 984
  - Dong Nai: 984
  - Dong Thap: 984
  - Gia Lai: 984
  - Ha Giang: 984
  - Ha Nam: 984
  - Ha Tinh: 984
  - Hai Duong: 984
  - Hau Giang: 984
  - Hoa Binh: 984
  - Hung Yen: 984
  - Khanh Hoa: 984
  - Kien Giang: 984
  - Kon Tum: 983
  - Lai Chau: 984
  - Lam Dong: 984
  - Lang Son: 983
  - Lao Cai: 984
  - Long An: 983
  - Nam Dinh: 983
  - Nghe An: 983
  - Ninh Binh: 983
  - Ninh Thuan: 983
  - Phu Tho: 983
  - Phu Yen: 983
  - Quang Binh: 983
  - Quang Nam: 983
  - Quang Ngai: 983
  - Quang Ninh: 983
  - Quang Tri: 983
  - Soc Trang: 983
  - Son La: 983
  - Tay Ninh: 983
  - Thai Binh: 983
  - Thai Nguyen: 983
  - Thanh Hoa: 983
  - Thua Thien Hue: 983
  - Tien Giang: 982
  - Tra Vinh: 983
  - Tuyen Quang: 983
  - Vinh Long: 983
  - Vinh Phuc: 983
  - Yen Bai: 982
[Bootstrap] Progress:
  - Hanoi: 986
  - Ho Chi Minh: 986
  - Hai Phong: 986
  - Da Nang: 985
  - Can Tho: 985
  - An Giang: 985
  - Ba Ria - Vung Tau: 985
  - Bac Giang: 985
  - Bac Kan: 985
  - Bac Lieu: 985
  - Bac Ninh: 985
  - Ben Tre: 984
  - Binh Dinh: 985
  - Binh Duong: 985
  - Binh Phuoc: 985
  - Binh Thuan: 985
  - Ca Mau: 985
  - Cao Bang: 985
  - Dak Lak: 985
  - Dak Nong: 985
  - Dien Bien: 985
  - Dong Nai: 985
  - Dong Thap: 985
  - Gia Lai: 985
  - Ha Giang: 985
  - Ha Nam: 985
  - Ha Tinh: 985
  - Hai Duong: 985
  - Hau Giang: 985
  - Hoa Binh: 985
  - Hung Yen: 985
  - Khanh Hoa: 985
  - Kien Giang: 985
  - Kon Tum: 984
  - Lai Chau: 985
  - Lam Dong: 985
  - Lang Son: 984
  - Lao Cai: 985
  - Long An: 984
  - Nam Dinh: 984
  - Nghe An: 984
  - Ninh Binh: 984
  - Ninh Thuan: 984
  - Phu Tho: 984
  - Phu Yen: 984
  - Quang Binh: 984
  - Quang Nam: 984
  - Quang Ngai: 984
  - Quang Ninh: 984
  - Quang Tri: 984
  - Soc Trang: 984
  - Son La: 984
  - Tay Ninh: 984
  - Thai Binh: 984
  - Thai Nguyen: 984
  - Thanh Hoa: 984
  - Thua Thien Hue: 984
  - Tien Giang: 983
  - Tra Vinh: 984
  - Tuyen Quang: 984
  - Vinh Long: 984
  - Vinh Phuc: 984
  - Yen Bai: 983
[Bootstrap] Progress:
  - Hanoi: 987
  - Ho Chi Minh: 987
  - Hai Phong: 987
  - Da Nang: 986
  - Can Tho: 986
  - An Giang: 986
  - Ba Ria - Vung Tau: 986
  - Bac Giang: 986
  - Bac Kan: 986
  - Bac Lieu: 986
  - Bac Ninh: 986
  - Ben Tre: 985
  - Binh Dinh: 986
  - Binh Duong: 986
  - Binh Phuoc: 986
  - Binh Thuan: 986
  - Ca Mau: 986
  - Cao Bang: 986
  - Dak Lak: 986
  - Dak Nong: 986
  - Dien Bien: 986
  - Dong Nai: 986
  - Dong Thap: 986
  - Gia Lai: 986
  - Ha Giang: 986
  - Ha Nam: 986
  - Ha Tinh: 986
  - Hai Duong: 986
  - Hau Giang: 986
  - Hoa Binh: 986
  - Hung Yen: 986
  - Khanh Hoa: 986
  - Kien Giang: 986
  - Kon Tum: 985
  - Lai Chau: 986
  - Lam Dong: 986
  - Lang Son: 985
  - Lao Cai: 986
  - Long An: 985
  - Nam Dinh: 985
  - Nghe An: 985
  - Ninh Binh: 985
  - Ninh Thuan: 985
  - Phu Tho: 985
  - Phu Yen: 985
  - Quang Binh: 985
  - Quang Nam: 985
  - Quang Ngai: 985
  - Quang Ninh: 985
  - Quang Tri: 985
  - Soc Trang: 985
  - Son La: 985
  - Tay Ninh: 985
  - Thai Binh: 985
  - Thai Nguyen: 985
  - Thanh Hoa: 985
  - Thua Thien Hue: 985
  - Tien Giang: 984
  - Tra Vinh: 985
  - Tuyen Quang: 985
  - Vinh Long: 985
  - Vinh Phuc: 985
  - Yen Bai: 984
[Bootstrap] Progress:
  - Hanoi: 988
  - Ho Chi Minh: 988
  - Hai Phong: 988
  - Da Nang: 987
  - Can Tho: 987
  - An Giang: 987
  - Ba Ria - Vung Tau: 987
  - Bac Giang: 987
  - Bac Kan: 987
  - Bac Lieu: 987
  - Bac Ninh: 987
  - Ben Tre: 986
  - Binh Dinh: 987
  - Binh Duong: 987
  - Binh Phuoc: 987
  - Binh Thuan: 987
  - Ca Mau: 987
  - Cao Bang: 987
  - Dak Lak: 987
  - Dak Nong: 987
  - Dien Bien: 987
  - Dong Nai: 987
  - Dong Thap: 987
  - Gia Lai: 987
  - Ha Giang: 987
  - Ha Nam: 987
  - Ha Tinh: 987
  - Hai Duong: 987
  - Hau Giang: 987
  - Hoa Binh: 987
  - Hung Yen: 987
  - Khanh Hoa: 987
  - Kien Giang: 987
  - Kon Tum: 986
  - Lai Chau: 987
  - Lam Dong: 987
  - Lang Son: 986
  - Lao Cai: 987
  - Long An: 986
  - Nam Dinh: 986
  - Nghe An: 986
  - Ninh Binh: 986
  - Ninh Thuan: 986
  - Phu Tho: 986
  - Phu Yen: 986
  - Quang Binh: 986
  - Quang Nam: 986
  - Quang Ngai: 986
  - Quang Ninh: 986
  - Quang Tri: 986
  - Soc Trang: 986
  - Son La: 986
  - Tay Ninh: 986
  - Thai Binh: 986
  - Thai Nguyen: 986
  - Thanh Hoa: 986
  - Thua Thien Hue: 986
  - Tien Giang: 985
  - Tra Vinh: 986
  - Tuyen Quang: 986
  - Vinh Long: 986
  - Vinh Phuc: 986
  - Yen Bai: 985
[Bootstrap] Progress:
  - Hanoi: 989
  - Ho Chi Minh: 989
  - Hai Phong: 989
  - Da Nang: 988
  - Can Tho: 988
  - An Giang: 988
  - Ba Ria - Vung Tau: 988
  - Bac Giang: 988
  - Bac Kan: 988
  - Bac Lieu: 988
  - Bac Ninh: 988
  - Ben Tre: 987
  - Binh Dinh: 988
  - Binh Duong: 988
  - Binh Phuoc: 988
  - Binh Thuan: 988
  - Ca Mau: 988
  - Cao Bang: 988
  - Dak Lak: 988
  - Dak Nong: 988
  - Dien Bien: 988
  - Dong Nai: 988
  - Dong Thap: 988
  - Gia Lai: 988
  - Ha Giang: 988
  - Ha Nam: 988
  - Ha Tinh: 988
  - Hai Duong: 988
  - Hau Giang: 988
  - Hoa Binh: 988
  - Hung Yen: 988
  - Khanh Hoa: 988
  - Kien Giang: 988
  - Kon Tum: 987
  - Lai Chau: 988
  - Lam Dong: 988
  - Lang Son: 987
  - Lao Cai: 988
  - Long An: 987
  - Nam Dinh: 987
  - Nghe An: 987
  - Ninh Binh: 987
  - Ninh Thuan: 987
  - Phu Tho: 987
  - Phu Yen: 987
  - Quang Binh: 987
  - Quang Nam: 987
  - Quang Ngai: 987
  - Quang Ninh: 987
  - Quang Tri: 987
  - Soc Trang: 987
  - Son La: 987
  - Tay Ninh: 987
  - Thai Binh: 987
  - Thai Nguyen: 987
  - Thanh Hoa: 987
  - Thua Thien Hue: 987
  - Tien Giang: 986
  - Tra Vinh: 987
  - Tuyen Quang: 987
  - Vinh Long: 987
  - Vinh Phuc: 987
  - Yen Bai: 986
[Bootstrap] Progress:
  - Hanoi: 990
  - Ho Chi Minh: 990
  - Hai Phong: 990
  - Da Nang: 989
  - Can Tho: 989
  - An Giang: 989
  - Ba Ria - Vung Tau: 989
  - Bac Giang: 989
  - Bac Kan: 989
  - Bac Lieu: 989
  - Bac Ninh: 989
  - Ben Tre: 988
  - Binh Dinh: 989
  - Binh Duong: 989
  - Binh Phuoc: 989
  - Binh Thuan: 989
  - Ca Mau: 989
  - Cao Bang: 989
  - Dak Lak: 989
  - Dak Nong: 989
  - Dien Bien: 989
  - Dong Nai: 989
  - Dong Thap: 989
  - Gia Lai: 989
  - Ha Giang: 989
  - Ha Nam: 989
  - Ha Tinh: 989
  - Hai Duong: 989
  - Hau Giang: 989
  - Hoa Binh: 989
  - Hung Yen: 989
  - Khanh Hoa: 989
  - Kien Giang: 989
  - Kon Tum: 988
  - Lai Chau: 989
  - Lam Dong: 989
  - Lang Son: 988
  - Lao Cai: 989
  - Long An: 988
  - Nam Dinh: 988
  - Nghe An: 988
  - Ninh Binh: 988
  - Ninh Thuan: 988
  - Phu Tho: 988
  - Phu Yen: 988
  - Quang Binh: 988
  - Quang Nam: 988
  - Quang Ngai: 988
  - Quang Ninh: 988
  - Quang Tri: 988
  - Soc Trang: 988
  - Son La: 988
  - Tay Ninh: 988
  - Thai Binh: 988
  - Thai Nguyen: 988
  - Thanh Hoa: 988
  - Thua Thien Hue: 988
  - Tien Giang: 987
  - Tra Vinh: 988
  - Tuyen Quang: 988
  - Vinh Long: 988
  - Vinh Phuc: 988
  - Yen Bai: 987
[Bootstrap] Progress:
  - Hanoi: 993
  - Ho Chi Minh: 993
  - Hai Phong: 993
  - Da Nang: 992
  - Can Tho: 992
  - An Giang: 991
  - Ba Ria - Vung Tau: 991
  - Bac Giang: 991
  - Bac Kan: 991
  - Bac Lieu: 991
  - Bac Ninh: 991
  - Ben Tre: 989
  - Binh Dinh: 990
  - Binh Duong: 990
  - Binh Phuoc: 990
  - Binh Thuan: 990
  - Ca Mau: 990
  - Cao Bang: 990
  - Dak Lak: 990
  - Dak Nong: 990
  - Dien Bien: 990
  - Dong Nai: 990
  - Dong Thap: 990
  - Gia Lai: 990
  - Ha Giang: 990
  - Ha Nam: 990
  - Ha Tinh: 990
  - Hai Duong: 990
  - Hau Giang: 990
  - Hoa Binh: 990
  - Hung Yen: 990
  - Khanh Hoa: 990
  - Kien Giang: 990
  - Kon Tum: 989
  - Lai Chau: 990
  - Lam Dong: 990
  - Lang Son: 989
  - Lao Cai: 990
  - Long An: 989
  - Nam Dinh: 989
  - Nghe An: 989
  - Ninh Binh: 989
  - Ninh Thuan: 989
  - Phu Tho: 989
  - Phu Yen: 989
  - Quang Binh: 989
  - Quang Nam: 989
  - Quang Ngai: 989
  - Quang Ninh: 989
  - Quang Tri: 989
  - Soc Trang: 989
  - Son La: 989
  - Tay Ninh: 989
  - Thai Binh: 989
  - Thai Nguyen: 989
  - Thanh Hoa: 989
  - Thua Thien Hue: 989
  - Tien Giang: 988
  - Tra Vinh: 989
  - Tuyen Quang: 989
  - Vinh Long: 989
  - Vinh Phuc: 989
  - Yen Bai: 988
[Bootstrap] Progress:
  - Hanoi: 994
  - Ho Chi Minh: 994
  - Hai Phong: 994
  - Da Nang: 993
  - Can Tho: 993
  - An Giang: 992
  - Ba Ria - Vung Tau: 993
  - Bac Giang: 993
  - Bac Kan: 993
  - Bac Lieu: 993
  - Bac Ninh: 993
  - Ben Tre: 991
  - Binh Dinh: 993
  - Binh Duong: 993
  - Binh Phuoc: 993
  - Binh Thuan: 992
  - Ca Mau: 992
  - Cao Bang: 992
  - Dak Lak: 992
  - Dak Nong: 992
  - Dien Bien: 992
  - Dong Nai: 992
  - Dong Thap: 991
  - Gia Lai: 991
  - Ha Giang: 991
  - Ha Nam: 991
  - Ha Tinh: 991
  - Hai Duong: 991
  - Hau Giang: 991
  - Hoa Binh: 991
  - Hung Yen: 991
  - Khanh Hoa: 991
  - Kien Giang: 991
  - Kon Tum: 990
  - Lai Chau: 991
  - Lam Dong: 991
  - Lang Son: 990
  - Lao Cai: 991
  - Long An: 990
  - Nam Dinh: 990
  - Nghe An: 990
  - Ninh Binh: 990
  - Ninh Thuan: 990
  - Phu Tho: 990
  - Phu Yen: 990
  - Quang Binh: 990
  - Quang Nam: 990
  - Quang Ngai: 990
  - Quang Ninh: 990
  - Quang Tri: 990
  - Soc Trang: 990
  - Son La: 990
  - Tay Ninh: 990
  - Thai Binh: 990
  - Thai Nguyen: 990
  - Thanh Hoa: 990
  - Thua Thien Hue: 990
  - Tien Giang: 989
  - Tra Vinh: 990
  - Tuyen Quang: 990
  - Vinh Long: 990
  - Vinh Phuc: 990
  - Yen Bai: 989
[Bootstrap] Progress:
  - Hanoi: 995
  - Ho Chi Minh: 995
  - Hai Phong: 995
  - Da Nang: 994
  - Can Tho: 994
  - An Giang: 993
  - Ba Ria - Vung Tau: 994
  - Bac Giang: 994
  - Bac Kan: 994
  - Bac Lieu: 994
  - Bac Ninh: 994
  - Ben Tre: 992
  - Binh Dinh: 994
  - Binh Duong: 994
  - Binh Phuoc: 994
  - Binh Thuan: 994
  - Ca Mau: 994
  - Cao Bang: 994
  - Dak Lak: 994
  - Dak Nong: 994
  - Dien Bien: 994
  - Dong Nai: 994
  - Dong Thap: 994
  - Gia Lai: 994
  - Ha Giang: 994
  - Ha Nam: 994
  - Ha Tinh: 994
  - Hai Duong: 994
  - Hau Giang: 994
  - Hoa Binh: 994
  - Hung Yen: 994
  - Khanh Hoa: 994
  - Kien Giang: 994
  - Kon Tum: 993
  - Lai Chau: 994
  - Lam Dong: 994
  - Lang Son: 993
  - Lao Cai: 994
  - Long An: 993
  - Nam Dinh: 993
  - Nghe An: 993
  - Ninh Binh: 993
  - Ninh Thuan: 993
  - Phu Tho: 993
  - Phu Yen: 993
  - Quang Binh: 993
  - Quang Nam: 993
  - Quang Ngai: 993
  - Quang Ninh: 993
  - Quang Tri: 993
  - Soc Trang: 993
  - Son La: 993
  - Tay Ninh: 993
  - Thai Binh: 993
  - Thai Nguyen: 993
  - Thanh Hoa: 993
  - Thua Thien Hue: 993
  - Tien Giang: 992
  - Tra Vinh: 993
  - Tuyen Quang: 993
  - Vinh Long: 993
  - Vinh Phuc: 993
  - Yen Bai: 991
[Bootstrap] Progress:
  - Hanoi: 996
  - Ho Chi Minh: 996
  - Hai Phong: 996
  - Da Nang: 995
  - Can Tho: 995
  - An Giang: 994
  - Ba Ria - Vung Tau: 995
  - Bac Giang: 995
  - Bac Kan: 995
  - Bac Lieu: 995
  - Bac Ninh: 995
  - Ben Tre: 993
  - Binh Dinh: 995
  - Binh Duong: 995
  - Binh Phuoc: 995
  - Binh Thuan: 995
  - Ca Mau: 995
  - Cao Bang: 995
  - Dak Lak: 995
  - Dak Nong: 995
  - Dien Bien: 995
  - Dong Nai: 995
  - Dong Thap: 995
  - Gia Lai: 995
  - Ha Giang: 995
  - Ha Nam: 995
  - Ha Tinh: 995
  - Hai Duong: 995
  - Hau Giang: 995
  - Hoa Binh: 995
  - Hung Yen: 995
  - Khanh Hoa: 995
  - Kien Giang: 995
  - Kon Tum: 994
  - Lai Chau: 995
  - Lam Dong: 995
  - Lang Son: 994
  - Lao Cai: 995
  - Long An: 994
  - Nam Dinh: 994
  - Nghe An: 994
  - Ninh Binh: 994
  - Ninh Thuan: 994
  - Phu Tho: 994
  - Phu Yen: 994
  - Quang Binh: 994
  - Quang Nam: 994
  - Quang Ngai: 994
  - Quang Ninh: 994
  - Quang Tri: 994
  - Soc Trang: 994
  - Son La: 994
  - Tay Ninh: 994
  - Thai Binh: 994
  - Thai Nguyen: 994
  - Thanh Hoa: 994
  - Thua Thien Hue: 994
  - Tien Giang: 993
  - Tra Vinh: 994
  - Tuyen Quang: 994
  - Vinh Long: 994
  - Vinh Phuc: 994
  - Yen Bai: 993
[Bootstrap] Progress:
  - Hanoi: 997
  - Ho Chi Minh: 997
  - Hai Phong: 997
  - Da Nang: 996
  - Can Tho: 996
  - An Giang: 995
  - Ba Ria - Vung Tau: 996
  - Bac Giang: 996
  - Bac Kan: 996
  - Bac Lieu: 996
  - Bac Ninh: 996
  - Ben Tre: 994
  - Binh Dinh: 996
  - Binh Duong: 996
  - Binh Phuoc: 996
  - Binh Thuan: 996
  - Ca Mau: 996
  - Cao Bang: 996
  - Dak Lak: 996
  - Dak Nong: 996
  - Dien Bien: 996
  - Dong Nai: 996
  - Dong Thap: 996
  - Gia Lai: 996
  - Ha Giang: 996
  - Ha Nam: 996
  - Ha Tinh: 996
  - Hai Duong: 996
  - Hau Giang: 996
  - Hoa Binh: 996
  - Hung Yen: 996
  - Khanh Hoa: 996
  - Kien Giang: 996
  - Kon Tum: 995
  - Lai Chau: 996
  - Lam Dong: 996
  - Lang Son: 995
  - Lao Cai: 996
  - Long An: 995
  - Nam Dinh: 995
  - Nghe An: 995
  - Ninh Binh: 995
  - Ninh Thuan: 995
  - Phu Tho: 995
  - Phu Yen: 995
  - Quang Binh: 995
  - Quang Nam: 995
  - Quang Ngai: 995
  - Quang Ninh: 995
  - Quang Tri: 995
  - Soc Trang: 995
  - Son La: 995
  - Tay Ninh: 995
  - Thai Binh: 995
  - Thai Nguyen: 995
  - Thanh Hoa: 995
  - Thua Thien Hue: 995
  - Tien Giang: 994
  - Tra Vinh: 995
  - Tuyen Quang: 995
  - Vinh Long: 995
  - Vinh Phuc: 995
  - Yen Bai: 994
[Bootstrap] Progress:
  - Hanoi: 998
  - Ho Chi Minh: 998
  - Hai Phong: 998
  - Da Nang: 997
  - Can Tho: 997
  - An Giang: 996
  - Ba Ria - Vung Tau: 997
  - Bac Giang: 997
  - Bac Kan: 997
  - Bac Lieu: 997
  - Bac Ninh: 997
  - Ben Tre: 995
  - Binh Dinh: 997
  - Binh Duong: 997
  - Binh Phuoc: 997
  - Binh Thuan: 997
  - Ca Mau: 997
  - Cao Bang: 997
  - Dak Lak: 997
  - Dak Nong: 997
  - Dien Bien: 997
  - Dong Nai: 997
  - Dong Thap: 997
  - Gia Lai: 997
  - Ha Giang: 997
  - Ha Nam: 997
  - Ha Tinh: 997
  - Hai Duong: 997
  - Hau Giang: 997
  - Hoa Binh: 997
  - Hung Yen: 997
  - Khanh Hoa: 997
  - Kien Giang: 997
  - Kon Tum: 996
  - Lai Chau: 997
  - Lam Dong: 997
  - Lang Son: 996
  - Lao Cai: 997
  - Long An: 996
  - Nam Dinh: 996
  - Nghe An: 996
  - Ninh Binh: 996
  - Ninh Thuan: 996
  - Phu Tho: 996
  - Phu Yen: 996
  - Quang Binh: 996
  - Quang Nam: 996
  - Quang Ngai: 996
  - Quang Ninh: 996
  - Quang Tri: 996
  - Soc Trang: 996
  - Son La: 996
  - Tay Ninh: 996
  - Thai Binh: 996
  - Thai Nguyen: 996
  - Thanh Hoa: 996
  - Thua Thien Hue: 996
  - Tien Giang: 995
  - Tra Vinh: 996
  - Tuyen Quang: 996
  - Vinh Long: 996
  - Vinh Phuc: 996
  - Yen Bai: 995
[Bootstrap] Progress:
  - Hanoi: 999
  - Ho Chi Minh: 999
  - Hai Phong: 999
  - Da Nang: 998
  - Can Tho: 998
  - An Giang: 997
  - Ba Ria - Vung Tau: 998
  - Bac Giang: 998
  - Bac Kan: 998
  - Bac Lieu: 998
  - Bac Ninh: 998
  - Ben Tre: 996
  - Binh Dinh: 998
  - Binh Duong: 998
  - Binh Phuoc: 998
  - Binh Thuan: 998
  - Ca Mau: 998
  - Cao Bang: 998
  - Dak Lak: 998
  - Dak Nong: 998
  - Dien Bien: 998
  - Dong Nai: 998
  - Dong Thap: 998
  - Gia Lai: 998
  - Ha Giang: 998
  - Ha Nam: 998
  - Ha Tinh: 998
  - Hai Duong: 998
  - Hau Giang: 998
  - Hoa Binh: 998
  - Hung Yen: 998
  - Khanh Hoa: 998
  - Kien Giang: 998
  - Kon Tum: 997
  - Lai Chau: 998
  - Lam Dong: 998
  - Lang Son: 997
  - Lao Cai: 998
  - Long An: 997
  - Nam Dinh: 997
  - Nghe An: 997
  - Ninh Binh: 997
  - Ninh Thuan: 997
  - Phu Tho: 997
  - Phu Yen: 997
  - Quang Binh: 997
  - Quang Nam: 997
  - Quang Ngai: 997
  - Quang Ninh: 997
  - Quang Tri: 997
  - Soc Trang: 997
  - Son La: 997
  - Tay Ninh: 997
  - Thai Binh: 997
  - Thai Nguyen: 997
  - Thanh Hoa: 997
  - Thua Thien Hue: 997
  - Tien Giang: 996
  - Tra Vinh: 997
  - Tuyen Quang: 997
  - Vinh Long: 997
  - Vinh Phuc: 997
  - Yen Bai: 996
[Bootstrap] Progress:
  - Hanoi: 1002
  - Ho Chi Minh: 1002
  - Hai Phong: 1001
  - Da Nang: 1000
  - Can Tho: 1000
  - An Giang: 999
  - Ba Ria - Vung Tau: 1000
  - Bac Giang: 1000
  - Bac Kan: 1000
  - Bac Lieu: 1000
  - Bac Ninh: 1000
  - Ben Tre: 998
  - Binh Dinh: 1000
  - Binh Duong: 1000
  - Binh Phuoc: 1000
  - Binh Thuan: 1000
  - Ca Mau: 1000
  - Cao Bang: 1000
  - Dak Lak: 999
  - Dak Nong: 999
  - Dien Bien: 999
  - Dong Nai: 999
  - Dong Thap: 999
  - Gia Lai: 999
  - Ha Giang: 999
  - Ha Nam: 999
  - Ha Tinh: 999
  - Hai Duong: 999
  - Hau Giang: 999
  - Hoa Binh: 999
  - Hung Yen: 999
  - Khanh Hoa: 999
  - Kien Giang: 999
  - Kon Tum: 998
  - Lai Chau: 999
  - Lam Dong: 999
  - Lang Son: 998
  - Lao Cai: 999
  - Long An: 998
  - Nam Dinh: 998
  - Nghe An: 998
  - Ninh Binh: 998
  - Ninh Thuan: 998
  - Phu Tho: 998
  - Phu Yen: 998
  - Quang Binh: 998
  - Quang Nam: 998
  - Quang Ngai: 998
  - Quang Ninh: 998
  - Quang Tri: 998
  - Soc Trang: 998
  - Son La: 998
  - Tay Ninh: 998
  - Thai Binh: 998
  - Thai Nguyen: 998
  - Thanh Hoa: 998
  - Thua Thien Hue: 998
  - Tien Giang: 997
  - Tra Vinh: 998
  - Tuyen Quang: 998
  - Vinh Long: 998
  - Vinh Phuc: 998
  - Yen Bai: 997
[Bootstrap] Progress:
  - Hanoi: 1003
  - Ho Chi Minh: 1003
  - Hai Phong: 1002
  - Da Nang: 1001
  - Can Tho: 1001
  - An Giang: 1000
  - Ba Ria - Vung Tau: 1001
  - Bac Giang: 1001
  - Bac Kan: 1001
  - Bac Lieu: 1001
  - Bac Ninh: 1001
  - Ben Tre: 999
  - Binh Dinh: 1000
  - Binh Duong: 1001
  - Binh Phuoc: 1001
  - Binh Thuan: 1001
  - Ca Mau: 1001
  - Cao Bang: 1001
  - Dak Lak: 1001
  - Dak Nong: 1001
  - Dien Bien: 1001
  - Dong Nai: 1000
  - Dong Thap: 1000
  - Gia Lai: 1000
  - Ha Giang: 1000
  - Ha Nam: 1000
  - Ha Tinh: 1000
  - Hai Duong: 1000
  - Hau Giang: 1000
  - Hoa Binh: 1000
  - Hung Yen: 1000
  - Khanh Hoa: 1000
  - Kien Giang: 1000
  - Kon Tum: 999
  - Lai Chau: 1000
  - Lam Dong: 1000
  - Lang Son: 999
  - Lao Cai: 1000
  - Long An: 999
  - Nam Dinh: 999
  - Nghe An: 999
  - Ninh Binh: 999
  - Ninh Thuan: 999
  - Phu Tho: 999
  - Phu Yen: 999
  - Quang Binh: 999
  - Quang Nam: 999
  - Quang Ngai: 999
  - Quang Ninh: 999
  - Quang Tri: 999
  - Soc Trang: 999
  - Son La: 999
  - Tay Ninh: 999
  - Thai Binh: 999
  - Thai Nguyen: 999
  - Thanh Hoa: 999
  - Thua Thien Hue: 999
  - Tien Giang: 998
  - Tra Vinh: 999
  - Tuyen Quang: 999
  - Vinh Long: 999
  - Vinh Phuc: 999
  - Yen Bai: 998
[Bootstrap] Progress:
  - Hanoi: 1004
  - Ho Chi Minh: 1004
  - Hai Phong: 1003
  - Da Nang: 1003
  - Can Tho: 1003
  - An Giang: 1002
  - Ba Ria - Vung Tau: 1003
  - Bac Giang: 1003
  - Bac Kan: 1003
  - Bac Lieu: 1003
  - Bac Ninh: 1003
  - Ben Tre: 1001
  - Binh Dinh: 1002
  - Binh Duong: 1003
  - Binh Phuoc: 1003
  - Binh Thuan: 1003
  - Ca Mau: 1003
  - Cao Bang: 1003
  - Dak Lak: 1003
  - Dak Nong: 1003
  - Dien Bien: 1003
  - Dong Nai: 1002
  - Dong Thap: 1003
  - Gia Lai: 1003
  - Ha Giang: 1003
  - Ha Nam: 1003
  - Ha Tinh: 1003
  - Hai Duong: 1003
  - Hau Giang: 1003
  - Hoa Binh: 1003
  - Hung Yen: 1003
  - Khanh Hoa: 1003
  - Kien Giang: 1003
  - Kon Tum: 1002
  - Lai Chau: 1003
  - Lam Dong: 1003
  - Lang Son: 1002
  - Lao Cai: 1003
  - Long An: 1002
  - Nam Dinh: 1002
  - Nghe An: 1002
  - Ninh Binh: 1002
  - Ninh Thuan: 1002
  - Phu Tho: 1002
  - Phu Yen: 1002
  - Quang Binh: 1002
  - Quang Nam: 1002
  - Quang Ngai: 1002
  - Quang Ninh: 1002
  - Quang Tri: 1002
  - Soc Trang: 1001
  - Son La: 1002
  - Tay Ninh: 1000
  - Thai Binh: 1002
  - Thai Nguyen: 1001
  - Thanh Hoa: 1002
  - Thua Thien Hue: 1002
  - Tien Giang: 1001
  - Tra Vinh: 1002
  - Tuyen Quang: 1002
  - Vinh Long: 1001
  - Vinh Phuc: 1002
  - Yen Bai: 1000
[Bootstrap] Progress:
  - Hanoi: 1005
  - Ho Chi Minh: 1005
  - Hai Phong: 1004
  - Da Nang: 1004
  - Can Tho: 1004
  - An Giang: 1003
  - Ba Ria - Vung Tau: 1004
  - Bac Giang: 1004
  - Bac Kan: 1004
  - Bac Lieu: 1004
  - Bac Ninh: 1004
  - Ben Tre: 1002
  - Binh Dinh: 1003
  - Binh Duong: 1004
  - Binh Phuoc: 1004
  - Binh Thuan: 1004
  - Ca Mau: 1004
  - Cao Bang: 1004
  - Dak Lak: 1004
  - Dak Nong: 1004
  - Dien Bien: 1004
  - Dong Nai: 1003
  - Dong Thap: 1004
  - Gia Lai: 1004
  - Ha Giang: 1004
  - Ha Nam: 1004
  - Ha Tinh: 1004
  - Hai Duong: 1004
  - Hau Giang: 1004
  - Hoa Binh: 1004
  - Hung Yen: 1004
  - Khanh Hoa: 1004
  - Kien Giang: 1004
  - Kon Tum: 1003
  - Lai Chau: 1004
  - Lam Dong: 1004
  - Lang Son: 1003
  - Lao Cai: 1004
  - Long An: 1003
  - Nam Dinh: 1003
  - Nghe An: 1003
  - Ninh Binh: 1003
  - Ninh Thuan: 1003
  - Phu Tho: 1003
  - Phu Yen: 1003
  - Quang Binh: 1003
  - Quang Nam: 1003
  - Quang Ngai: 1003
  - Quang Ninh: 1003
  - Quang Tri: 1003
  - Soc Trang: 1002
  - Son La: 1003
  - Tay Ninh: 1001
  - Thai Binh: 1003
  - Thai Nguyen: 1002
  - Thanh Hoa: 1003
  - Thua Thien Hue: 1003
  - Tien Giang: 1002
  - Tra Vinh: 1003
  - Tuyen Quang: 1003
  - Vinh Long: 1002
  - Vinh Phuc: 1003
  - Yen Bai: 1001
[Bootstrap] Progress:
  - Hanoi: 1006
  - Ho Chi Minh: 1006
  - Hai Phong: 1005
  - Da Nang: 1005
  - Can Tho: 1005
  - An Giang: 1004
  - Ba Ria - Vung Tau: 1005
  - Bac Giang: 1005
  - Bac Kan: 1005
  - Bac Lieu: 1005
  - Bac Ninh: 1005
  - Ben Tre: 1003
  - Binh Dinh: 1004
  - Binh Duong: 1005
  - Binh Phuoc: 1005
  - Binh Thuan: 1005
  - Ca Mau: 1005
  - Cao Bang: 1005
  - Dak Lak: 1005
  - Dak Nong: 1005
  - Dien Bien: 1005
  - Dong Nai: 1004
  - Dong Thap: 1005
  - Gia Lai: 1005
  - Ha Giang: 1005
  - Ha Nam: 1005
  - Ha Tinh: 1005
  - Hai Duong: 1005
  - Hau Giang: 1005
  - Hoa Binh: 1005
  - Hung Yen: 1005
  - Khanh Hoa: 1005
  - Kien Giang: 1005
  - Kon Tum: 1004
  - Lai Chau: 1005
  - Lam Dong: 1005
  - Lang Son: 1004
  - Lao Cai: 1005
  - Long An: 1004
  - Nam Dinh: 1004
  - Nghe An: 1004
  - Ninh Binh: 1004
  - Ninh Thuan: 1004
  - Phu Tho: 1004
  - Phu Yen: 1004
  - Quang Binh: 1004
  - Quang Nam: 1004
  - Quang Ngai: 1004
  - Quang Ninh: 1004
  - Quang Tri: 1004
  - Soc Trang: 1003
  - Son La: 1004
  - Tay Ninh: 1002
  - Thai Binh: 1004
  - Thai Nguyen: 1003
  - Thanh Hoa: 1004
  - Thua Thien Hue: 1004
  - Tien Giang: 1003
  - Tra Vinh: 1004
  - Tuyen Quang: 1004
  - Vinh Long: 1003
  - Vinh Phuc: 1004
  - Yen Bai: 1002
[Bootstrap] Progress:
  - Hanoi: 1007
  - Ho Chi Minh: 1007
  - Hai Phong: 1006
  - Da Nang: 1006
  - Can Tho: 1006
  - An Giang: 1005
  - Ba Ria - Vung Tau: 1006
  - Bac Giang: 1006
  - Bac Kan: 1006
  - Bac Lieu: 1006
  - Bac Ninh: 1006
  - Ben Tre: 1004
  - Binh Dinh: 1005
  - Binh Duong: 1006
  - Binh Phuoc: 1006
  - Binh Thuan: 1006
  - Ca Mau: 1006
  - Cao Bang: 1006
  - Dak Lak: 1006
  - Dak Nong: 1006
  - Dien Bien: 1006
  - Dong Nai: 1005
  - Dong Thap: 1006
  - Gia Lai: 1006
  - Ha Giang: 1006
  - Ha Nam: 1006
  - Ha Tinh: 1006
  - Hai Duong: 1006
  - Hau Giang: 1006
  - Hoa Binh: 1006
  - Hung Yen: 1006
  - Khanh Hoa: 1006
  - Kien Giang: 1006
  - Kon Tum: 1005
  - Lai Chau: 1006
  - Lam Dong: 1006
  - Lang Son: 1005
  - Lao Cai: 1006
  - Long An: 1005
  - Nam Dinh: 1005
  - Nghe An: 1005
  - Ninh Binh: 1005
  - Ninh Thuan: 1005
  - Phu Tho: 1005
  - Phu Yen: 1005
  - Quang Binh: 1005
  - Quang Nam: 1005
  - Quang Ngai: 1005
  - Quang Ninh: 1005
  - Quang Tri: 1005
  - Soc Trang: 1004
  - Son La: 1005
  - Tay Ninh: 1003
  - Thai Binh: 1005
  - Thai Nguyen: 1004
  - Thanh Hoa: 1005
  - Thua Thien Hue: 1005
  - Tien Giang: 1004
  - Tra Vinh: 1005
  - Tuyen Quang: 1005
  - Vinh Long: 1004
  - Vinh Phuc: 1005
  - Yen Bai: 1003
[Bootstrap] Progress:
  - Hanoi: 1008
  - Ho Chi Minh: 1008
  - Hai Phong: 1007
  - Da Nang: 1007
  - Can Tho: 1007
  - An Giang: 1006
  - Ba Ria - Vung Tau: 1007
  - Bac Giang: 1007
  - Bac Kan: 1007
  - Bac Lieu: 1007
  - Bac Ninh: 1007
  - Ben Tre: 1005
  - Binh Dinh: 1006
  - Binh Duong: 1007
  - Binh Phuoc: 1007
  - Binh Thuan: 1007
  - Ca Mau: 1007
  - Cao Bang: 1007
  - Dak Lak: 1007
  - Dak Nong: 1007
  - Dien Bien: 1007
  - Dong Nai: 1006
  - Dong Thap: 1007
  - Gia Lai: 1007
  - Ha Giang: 1007
  - Ha Nam: 1007
  - Ha Tinh: 1007
  - Hai Duong: 1007
  - Hau Giang: 1007
  - Hoa Binh: 1007
  - Hung Yen: 1007
  - Khanh Hoa: 1007
  - Kien Giang: 1007
  - Kon Tum: 1006
  - Lai Chau: 1007
  - Lam Dong: 1007
  - Lang Son: 1006
  - Lao Cai: 1007
  - Long An: 1006
  - Nam Dinh: 1006
  - Nghe An: 1006
  - Ninh Binh: 1006
  - Ninh Thuan: 1006
  - Phu Tho: 1006
  - Phu Yen: 1006
  - Quang Binh: 1006
  - Quang Nam: 1006
  - Quang Ngai: 1006
  - Quang Ninh: 1006
  - Quang Tri: 1006
  - Soc Trang: 1005
  - Son La: 1006
  - Tay Ninh: 1004
  - Thai Binh: 1006
  - Thai Nguyen: 1005
  - Thanh Hoa: 1006
  - Thua Thien Hue: 1006
  - Tien Giang: 1005
  - Tra Vinh: 1006
  - Tuyen Quang: 1006
  - Vinh Long: 1005
  - Vinh Phuc: 1006
  - Yen Bai: 1004
[Bootstrap] Progress:
  - Hanoi: 1009
  - Ho Chi Minh: 1009
  - Hai Phong: 1008
  - Da Nang: 1008
  - Can Tho: 1008
  - An Giang: 1007
  - Ba Ria - Vung Tau: 1008
  - Bac Giang: 1008
  - Bac Kan: 1008
  - Bac Lieu: 1008
  - Bac Ninh: 1008
  - Ben Tre: 1006
  - Binh Dinh: 1007
  - Binh Duong: 1008
  - Binh Phuoc: 1008
  - Binh Thuan: 1008
  - Ca Mau: 1008
  - Cao Bang: 1008
  - Dak Lak: 1008
  - Dak Nong: 1008
  - Dien Bien: 1008
  - Dong Nai: 1007
  - Dong Thap: 1008
  - Gia Lai: 1008
  - Ha Giang: 1008
  - Ha Nam: 1008
  - Ha Tinh: 1008
  - Hai Duong: 1008
  - Hau Giang: 1008
  - Hoa Binh: 1008
  - Hung Yen: 1008
  - Khanh Hoa: 1008
  - Kien Giang: 1008
  - Kon Tum: 1007
  - Lai Chau: 1008
  - Lam Dong: 1008
  - Lang Son: 1007
  - Lao Cai: 1008
  - Long An: 1007
  - Nam Dinh: 1007
  - Nghe An: 1007
  - Ninh Binh: 1007
  - Ninh Thuan: 1007
  - Phu Tho: 1007
  - Phu Yen: 1007
  - Quang Binh: 1007
  - Quang Nam: 1007
  - Quang Ngai: 1007
  - Quang Ninh: 1007
  - Quang Tri: 1007
  - Soc Trang: 1006
  - Son La: 1007
  - Tay Ninh: 1005
  - Thai Binh: 1007
  - Thai Nguyen: 1006
  - Thanh Hoa: 1007
  - Thua Thien Hue: 1007
  - Tien Giang: 1006
  - Tra Vinh: 1007
  - Tuyen Quang: 1007
  - Vinh Long: 1006
  - Vinh Phuc: 1007
  - Yen Bai: 1005
[Bootstrap] Progress:
  - Hanoi: 1010
  - Ho Chi Minh: 1010
  - Hai Phong: 1009
  - Da Nang: 1009
  - Can Tho: 1009
  - An Giang: 1008
  - Ba Ria - Vung Tau: 1009
  - Bac Giang: 1009
  - Bac Kan: 1009
  - Bac Lieu: 1009
  - Bac Ninh: 1009
  - Ben Tre: 1007
  - Binh Dinh: 1008
  - Binh Duong: 1009
  - Binh Phuoc: 1009
  - Binh Thuan: 1009
  - Ca Mau: 1009
  - Cao Bang: 1009
  - Dak Lak: 1009
  - Dak Nong: 1009
  - Dien Bien: 1009
  - Dong Nai: 1008
  - Dong Thap: 1009
  - Gia Lai: 1009
  - Ha Giang: 1009
  - Ha Nam: 1009
  - Ha Tinh: 1009
  - Hai Duong: 1009
  - Hau Giang: 1009
  - Hoa Binh: 1009
  - Hung Yen: 1009
  - Khanh Hoa: 1009
  - Kien Giang: 1009
  - Kon Tum: 1008
  - Lai Chau: 1009
  - Lam Dong: 1009
  - Lang Son: 1008
  - Lao Cai: 1009
  - Long An: 1008
  - Nam Dinh: 1008
  - Nghe An: 1008
  - Ninh Binh: 1008
  - Ninh Thuan: 1008
  - Phu Tho: 1008
  - Phu Yen: 1008
  - Quang Binh: 1008
  - Quang Nam: 1008
  - Quang Ngai: 1008
  - Quang Ninh: 1008
  - Quang Tri: 1008
  - Soc Trang: 1007
  - Son La: 1008
  - Tay Ninh: 1006
  - Thai Binh: 1008
  - Thai Nguyen: 1007
  - Thanh Hoa: 1008
  - Thua Thien Hue: 1008
  - Tien Giang: 1007
  - Tra Vinh: 1008
  - Tuyen Quang: 1008
  - Vinh Long: 1007
  - Vinh Phuc: 1008
  - Yen Bai: 1006
[Bootstrap] Progress:
  - Hanoi: 1011
  - Ho Chi Minh: 1011
  - Hai Phong: 1010
  - Da Nang: 1010
  - Can Tho: 1010
  - An Giang: 1009
  - Ba Ria - Vung Tau: 1010
  - Bac Giang: 1010
  - Bac Kan: 1010
  - Bac Lieu: 1010
  - Bac Ninh: 1010
  - Ben Tre: 1008
  - Binh Dinh: 1009
  - Binh Duong: 1010
  - Binh Phuoc: 1010
  - Binh Thuan: 1010
  - Ca Mau: 1010
  - Cao Bang: 1010
  - Dak Lak: 1010
  - Dak Nong: 1010
  - Dien Bien: 1010
  - Dong Nai: 1009
  - Dong Thap: 1010
  - Gia Lai: 1010
  - Ha Giang: 1010
  - Ha Nam: 1010
  - Ha Tinh: 1010
  - Hai Duong: 1010
  - Hau Giang: 1010
  - Hoa Binh: 1010
  - Hung Yen: 1010
  - Khanh Hoa: 1010
  - Kien Giang: 1010
  - Kon Tum: 1009
  - Lai Chau: 1010
  - Lam Dong: 1010
  - Lang Son: 1009
  - Lao Cai: 1010
  - Long An: 1009
  - Nam Dinh: 1009
  - Nghe An: 1009
  - Ninh Binh: 1009
  - Ninh Thuan: 1009
  - Phu Tho: 1009
  - Phu Yen: 1009
  - Quang Binh: 1009
  - Quang Nam: 1009
  - Quang Ngai: 1009
  - Quang Ninh: 1009
  - Quang Tri: 1009
  - Soc Trang: 1008
  - Son La: 1009
  - Tay Ninh: 1007
  - Thai Binh: 1009
  - Thai Nguyen: 1008
  - Thanh Hoa: 1009
  - Thua Thien Hue: 1009
  - Tien Giang: 1008
  - Tra Vinh: 1009
  - Tuyen Quang: 1009
  - Vinh Long: 1008
  - Vinh Phuc: 1009
  - Yen Bai: 1007
[Bootstrap] Progress:
  - Hanoi: 1012
  - Ho Chi Minh: 1012
  - Hai Phong: 1011
  - Da Nang: 1011
  - Can Tho: 1011
  - An Giang: 1010
  - Ba Ria - Vung Tau: 1011
  - Bac Giang: 1011
  - Bac Kan: 1011
  - Bac Lieu: 1011
  - Bac Ninh: 1011
  - Ben Tre: 1009
  - Binh Dinh: 1010
  - Binh Duong: 1011
  - Binh Phuoc: 1011
  - Binh Thuan: 1011
  - Ca Mau: 1011
  - Cao Bang: 1011
  - Dak Lak: 1011
  - Dak Nong: 1011
  - Dien Bien: 1011
  - Dong Nai: 1010
  - Dong Thap: 1011
  - Gia Lai: 1011
  - Ha Giang: 1011
  - Ha Nam: 1011
  - Ha Tinh: 1011
  - Hai Duong: 1011
  - Hau Giang: 1011
  - Hoa Binh: 1011
  - Hung Yen: 1011
  - Khanh Hoa: 1011
  - Kien Giang: 1011
  - Kon Tum: 1010
  - Lai Chau: 1011
  - Lam Dong: 1011
  - Lang Son: 1010
  - Lao Cai: 1011
  - Long An: 1010
  - Nam Dinh: 1010
  - Nghe An: 1010
  - Ninh Binh: 1010
  - Ninh Thuan: 1010
  - Phu Tho: 1010
  - Phu Yen: 1010
  - Quang Binh: 1010
  - Quang Nam: 1010
  - Quang Ngai: 1010
  - Quang Ninh: 1010
  - Quang Tri: 1010
  - Soc Trang: 1009
  - Son La: 1010
  - Tay Ninh: 1008
  - Thai Binh: 1010
  - Thai Nguyen: 1009
  - Thanh Hoa: 1010
  - Thua Thien Hue: 1010
  - Tien Giang: 1009
  - Tra Vinh: 1010
  - Tuyen Quang: 1010
  - Vinh Long: 1009
  - Vinh Phuc: 1010
  - Yen Bai: 1008
[Bootstrap] Progress:
  - Hanoi: 1013
  - Ho Chi Minh: 1013
  - Hai Phong: 1012
  - Da Nang: 1012
  - Can Tho: 1012
  - An Giang: 1011
  - Ba Ria - Vung Tau: 1012
  - Bac Giang: 1012
  - Bac Kan: 1012
  - Bac Lieu: 1012
  - Bac Ninh: 1012
  - Ben Tre: 1010
  - Binh Dinh: 1011
  - Binh Duong: 1012
  - Binh Phuoc: 1012
  - Binh Thuan: 1012
  - Ca Mau: 1012
  - Cao Bang: 1012
  - Dak Lak: 1012
  - Dak Nong: 1012
  - Dien Bien: 1012
  - Dong Nai: 1011
  - Dong Thap: 1012
  - Gia Lai: 1012
  - Ha Giang: 1012
  - Ha Nam: 1012
  - Ha Tinh: 1012
  - Hai Duong: 1012
  - Hau Giang: 1012
  - Hoa Binh: 1012
  - Hung Yen: 1012
  - Khanh Hoa: 1012
  - Kien Giang: 1012
  - Kon Tum: 1011
  - Lai Chau: 1012
  - Lam Dong: 1012
  - Lang Son: 1011
  - Lao Cai: 1012
  - Long An: 1011
  - Nam Dinh: 1011
  - Nghe An: 1011
  - Ninh Binh: 1011
  - Ninh Thuan: 1011
  - Phu Tho: 1011
  - Phu Yen: 1011
  - Quang Binh: 1011
  - Quang Nam: 1011
  - Quang Ngai: 1011
  - Quang Ninh: 1011
  - Quang Tri: 1011
  - Soc Trang: 1010
  - Son La: 1011
  - Tay Ninh: 1009
  - Thai Binh: 1011
  - Thai Nguyen: 1010
  - Thanh Hoa: 1011
  - Thua Thien Hue: 1011
  - Tien Giang: 1010
  - Tra Vinh: 1011
  - Tuyen Quang: 1011
  - Vinh Long: 1010
  - Vinh Phuc: 1011
  - Yen Bai: 1009
[Bootstrap] Progress:
  - Hanoi: 1014
  - Ho Chi Minh: 1014
  - Hai Phong: 1013
  - Da Nang: 1013
  - Can Tho: 1013
  - An Giang: 1012
  - Ba Ria - Vung Tau: 1013
  - Bac Giang: 1013
  - Bac Kan: 1013
  - Bac Lieu: 1013
  - Bac Ninh: 1013
  - Ben Tre: 1011
  - Binh Dinh: 1012
  - Binh Duong: 1013
  - Binh Phuoc: 1013
  - Binh Thuan: 1013
  - Ca Mau: 1013
  - Cao Bang: 1013
  - Dak Lak: 1013
  - Dak Nong: 1013
  - Dien Bien: 1013
  - Dong Nai: 1012
  - Dong Thap: 1013
  - Gia Lai: 1013
  - Ha Giang: 1013
  - Ha Nam: 1013
  - Ha Tinh: 1013
  - Hai Duong: 1013
  - Hau Giang: 1013
  - Hoa Binh: 1013
  - Hung Yen: 1013
  - Khanh Hoa: 1013
  - Kien Giang: 1013
  - Kon Tum: 1012
  - Lai Chau: 1013
  - Lam Dong: 1013
  - Lang Son: 1012
  - Lao Cai: 1013
  - Long An: 1012
  - Nam Dinh: 1012
  - Nghe An: 1012
  - Ninh Binh: 1012
  - Ninh Thuan: 1012
  - Phu Tho: 1012
  - Phu Yen: 1012
  - Quang Binh: 1012
  - Quang Nam: 1012
  - Quang Ngai: 1012
  - Quang Ninh: 1012
  - Quang Tri: 1012
  - Soc Trang: 1011
  - Son La: 1012
  - Tay Ninh: 1010
  - Thai Binh: 1012
  - Thai Nguyen: 1011
  - Thanh Hoa: 1012
  - Thua Thien Hue: 1012
  - Tien Giang: 1011
  - Tra Vinh: 1012
  - Tuyen Quang: 1012
  - Vinh Long: 1011
  - Vinh Phuc: 1012
  - Yen Bai: 1010
[Bootstrap] Progress:
  - Hanoi: 1015
  - Ho Chi Minh: 1015
  - Hai Phong: 1014
  - Da Nang: 1014
  - Can Tho: 1014
  - An Giang: 1013
  - Ba Ria - Vung Tau: 1014
  - Bac Giang: 1014
  - Bac Kan: 1014
  - Bac Lieu: 1014
  - Bac Ninh: 1014
  - Ben Tre: 1012
  - Binh Dinh: 1013
  - Binh Duong: 1014
  - Binh Phuoc: 1014
  - Binh Thuan: 1014
  - Ca Mau: 1014
  - Cao Bang: 1014
  - Dak Lak: 1014
  - Dak Nong: 1014
  - Dien Bien: 1014
  - Dong Nai: 1013
  - Dong Thap: 1014
  - Gia Lai: 1014
  - Ha Giang: 1014
  - Ha Nam: 1014
  - Ha Tinh: 1014
  - Hai Duong: 1014
  - Hau Giang: 1014
  - Hoa Binh: 1014
  - Hung Yen: 1014
  - Khanh Hoa: 1014
  - Kien Giang: 1014
  - Kon Tum: 1013
  - Lai Chau: 1014
  - Lam Dong: 1014
  - Lang Son: 1013
  - Lao Cai: 1014
  - Long An: 1013
  - Nam Dinh: 1013
  - Nghe An: 1013
  - Ninh Binh: 1013
  - Ninh Thuan: 1013
  - Phu Tho: 1013
  - Phu Yen: 1013
  - Quang Binh: 1013
  - Quang Nam: 1013
  - Quang Ngai: 1013
  - Quang Ninh: 1013
  - Quang Tri: 1013
  - Soc Trang: 1012
  - Son La: 1013
  - Tay Ninh: 1011
  - Thai Binh: 1013
  - Thai Nguyen: 1012
  - Thanh Hoa: 1013
  - Thua Thien Hue: 1013
  - Tien Giang: 1012
  - Tra Vinh: 1013
  - Tuyen Quang: 1013
  - Vinh Long: 1012
  - Vinh Phuc: 1013
  - Yen Bai: 1011
